date,ar_scale,discharge_cfs,prism_3d_tot,daymet_3d_tot,pnnl_3d_tot,conus_3d_tot,ucla_3d_tot,gridmet_3d_tot,hrrr_3d_tot
1981-01-09,1.0,17600,1.879225621176002,2.748241901397705,8.991935729980469,2.43099308013916,9.246622085571287,3.156809338521402,
1981-01-21,3.0,12300,14.616831714551171,16.42096519470215,28.58140563964844,14.401647567749023,12.541755676269531,19.023346303501956,
1981-01-22,2.0,14500,16.7739082032507,21.83319854736328,22.891014099121094,28.168869018554688,27.41371726989746,29.884435797665372,
1981-01-29,0.0,12200,24.6341357588996,15.238115310668944,21.47988510131836,21.29463577270508,31.34582901000977,11.2887159533074,
1981-02-13,1.0,12700,53.2721395495808,71.44988250732422,65.80339050292969,44.04479217529297,36.57292175292969,76.42529182879379,
1981-02-17,3.0,43700,132.03294484610768,100.78719329833984,170.57778930664062,139.84957885742188,147.93295288085938,130.92937743190657,
1981-02-18,2.0,38900,133.96922969407834,91.41129302978516,146.63841247558594,127.65185546875,129.6432342529297,123.32159533073936,
1981-04-10,0.0,16500,57.66507839085267,41.56830596923828,56.95548248291016,52.966434478759766,54.59730529785156,60.51809338521403,
1981-04-24,3.0,30200,58.39638242228081,28.209613800048828,60.81867599487305,54.42026519775391,49.50882339477539,51.38735408560308,
1981-04-29,3.0,32400,62.70862722279857,48.01335525512695,45.4697494506836,50.56010437011719,74.48588562011719,58.38132295719846,
1981-05-26,0.0,23600,23.427676882464382,16.937410354614258,27.54959297180176,17.921329498291016,16.615800857543945,25.77178988326846,
1981-06-05,1.0,17300,17.78971511255558,33.837135314941406,31.199954986572266,27.37168884277344,34.50646209716797,52.0274319066148,
1981-06-11,0.0,22900,49.10188521914911,18.00667953491211,36.420684814453125,33.07246398925781,35.6302490234375,15.206809338521404,
1981-06-19,2.0,28400,48.40596371957494,37.79615020751953,58.23676681518555,39.98277282714844,34.83646011352539,51.90856031128404,
1981-06-21,2.0,29300,44.09418169262304,23.020418167114254,45.145263671875,27.988525390625,23.0879020690918,21.944357976653716,
1981-07-14,0.0,18200,20.546288725761315,18.995641708374023,9.585686683654783,18.499027252197266,13.285721778869627,18.570233463035017,
1981-09-01,2.0,11000,37.42299614974607,35.829132080078125,26.75466728210449,23.40536880493164,36.75456237792969,34.79027237354085,
1981-09-07,0.0,6990,0.2559349908356343,0.0,0.235337033867836,0.1071914657950401,0.2153194844722747,0.0764591439688716,
1981-09-17,2.0,7700,0.0526940718753509,0.0,0.0033800760284066,0.0,0.0269343219697475,1.136575875486381,
1981-09-21,1.0,7810,25.840514332188263,22.986156463623047,41.05651092529297,33.68549346923828,32.768985748291016,42.75817120622565,
1981-09-27,1.0,6760,8.265986607686472,26.699222564697266,28.11561584472656,14.239336967468262,13.353759765625,49.70739299610892,
1981-09-30,2.0,13200,51.8107284951704,24.959205627441406,26.337432861328125,34.47721099853516,30.05624008178711,19.29221789883269,
1981-10-07,2.0,32900,70.62935562810753,59.64521789550781,99.85237121582033,81.44534301757812,78.06880950927734,82.5239299610895,
1981-10-13,0.0,14200,0.3434913958392567,0.0,0.7080988883972168,0.1209565326571464,0.974605143070221,0.0046692607003891,
1981-10-28,2.0,19300,64.39417403822375,56.57339096069336,48.49394226074219,66.6282730102539,59.789649963378906,65.42976653696495,
1981-10-31,4.0,18200,40.61621036127421,44.15880584716797,65.42373657226562,45.63847732543945,55.10226821899414,31.090272373540856,
1981-11-03,1.0,13400,3.773063089790706,6.255123138427734,8.17568588256836,6.050263404846191,3.952523469924927,3.3892996108949425,
1981-11-12,4.0,16700,50.59818352276618,48.72264099121094,53.80734634399414,52.5811767578125,81.55029296875,55.65856031128403,
1981-11-14,1.0,15300,60.98153914588487,38.24568939208984,59.81909942626953,59.6264877319336,61.88838958740234,48.83618677042804,
1981-11-20,1.0,16700,37.37936904517948,23.02977752685547,24.385231018066406,39.05583190917969,30.45355987548828,16.78054474708171,
1981-12-02,1.0,21300,103.3382677703697,88.73285675048828,71.12393951416016,74.03463745117188,68.41190338134766,87.29727626459145,
1981-12-04,3.0,17700,58.81407083214099,63.06086730957031,44.28070068359375,42.72091674804688,45.92149353027344,57.36070038910505,
1981-12-08,3.0,22000,63.041523949821865,28.79576873779297,36.029029846191406,30.040302276611328,35.635215759277344,32.912451361867696,
1981-12-19,3.0,19100,33.81247038544417,55.40272521972656,72.4447021484375,38.52663803100586,50.00782012939453,45.21712062256808,
1981-12-27,0.0,12800,29.29054302713133,30.75159454345703,28.070053100585938,21.376548767089844,33.25700759887695,22.455836575875505,
1982-01-16,2.0,15500,61.96315675894115,75.78228759765625,102.46150970458984,87.85359954833984,98.40984344482422,99.12937743190662,
1982-01-24,3.0,36900,143.45411833340077,120.28987121582033,110.29814910888672,134.6549530029297,126.5571746826172,166.88813229571988,
1982-01-25,2.0,28000,144.13291757449775,96.93919372558594,111.79315948486328,140.76199340820312,135.7167205810547,128.5632295719844,
1982-02-01,1.0,19700,73.26611667472592,43.39240264892578,79.35169219970703,73.18373107910156,87.06510925292969,45.83035019455254,
1982-02-15,3.0,53900,175.38761963450082,120.7062530517578,207.29641723632807,189.71173095703125,167.34786987304688,189.18307392996115,
1982-02-18,2.0,38300,69.97795802479999,52.72022247314453,90.1978988647461,84.71356201171875,90.73573303222656,82.77023346303503,
1982-02-20,1.0,35000,69.07930402893993,65.45292663574219,98.28875732421876,71.77449035644531,90.02864074707031,76.38035019455252,
1982-03-01,2.0,18200,42.45882214754566,35.14422607421875,61.89247131347656,52.69712448120117,59.41016387939453,42.149610894941645,
1982-03-13,0.0,18500,67.74941114480136,49.6802864074707,73.28235626220703,52.17689514160156,57.93647766113281,59.22412451361866,
1982-06-26,2.0,34100,3.195793498560776,9.30955696105957,9.05455207824707,1.495274305343628,3.069380760192871,8.34805447470817,
1982-06-28,1.0,31500,13.786047798084152,15.581194877624512,18.71588897705078,4.232945919036865,11.493346214294434,12.114396887159533,
1982-07-04,0.0,31100,43.77248756518034,35.453330993652344,53.3962287902832,21.693344116210938,30.555828094482425,45.19922178988325,
1982-07-20,1.0,22600,3.306713196174749,12.832645416259766,0.18118517100811,0.3441387712955475,0.5481704473495483,8.256031128404677,
1982-08-03,0.0,17000,6.470810692512963,5.002631187438965,9.721745491027832,2.5177738666534424,2.619492053985596,4.119455252918284,
1982-08-13,2.0,20000,44.96774187539776,39.44609069824219,16.09063148498535,25.893285751342773,19.94943046569824,57.19766536964978,
1982-08-31,0.0,11500,19.536902512613786,14.273079872131348,1.9656784534454343,4.06695556640625,2.4868297576904297,22.76867704280158,
1982-09-09,1.0,11300,17.69242255074857,20.01845932006836,11.437437057495115,16.94422149658203,23.67696189880371,24.755058365758728,
1982-09-11,2.0,14500,37.37163673953846,29.32297134399414,30.905670166015625,38.82660675048828,44.41996765136719,49.7669260700389,
1982-09-27,0.0,8040,12.340554505408774,12.822860717773438,7.211331844329834,7.531799793243408,5.146363735198975,11.709727626459143,
1982-10-05,2.0,7500,10.145621439586725,4.691839218139648,4.203786373138428,4.116664409637451,3.5437326431274414,1.7274319066147863,
1982-10-13,0.0,8970,0.8506692176218186,0.0,4.633453499991447e-05,2.3628070266568105e-05,0.0013943886151537,0.8027237354085608,
1982-10-27,3.0,18900,53.20503061717237,44.34125518798828,28.958667755126957,43.85358428955078,37.69222259521485,49.95875486381328,
1982-11-03,1.0,12000,17.85782027055454,10.854559898376465,10.424662590026855,8.686002731323242,9.800311088562012,12.712256809338523,
1982-11-18,0.0,13800,60.942168245807885,56.0869140625,54.75843811035156,40.99989700317383,57.747825622558594,73.365953307393,
1982-12-03,3.0,25000,71.88173037858584,108.61351013183594,131.558349609375,116.4637451171875,100.65315246582033,136.5562256809338,
1982-12-14,1.0,15000,29.387644330442065,40.02025604248047,38.16604995727539,34.48041915893555,48.0927619934082,51.03910505836576,
1982-12-16,2.0,22900,62.20152211143683,59.65544509887695,85.29681396484375,92.54702758789062,89.4617919921875,78.00194552529182,
1982-12-22,0.0,15300,21.336537276211025,30.12941169738769,18.888355255126957,24.276351928710938,21.411415100097656,30.62198443579766,
1983-01-10,2.0,46600,170.1904243237658,138.1754150390625,198.34771728515625,181.7601776123047,212.81271362304688,138.67529182879375,
1983-01-19,2.0,16300,9.42317973663581,11.63059902191162,10.452360153198242,12.096921920776367,18.23627281188965,16.339883268482488,
1983-01-25,2.0,13600,32.8175372856297,26.218454360961918,54.37076950073242,35.99557876586914,35.332130432128906,33.60836575875486,
1983-01-27,1.0,16700,33.597414920252554,42.603126525878906,63.53904724121094,46.334598541259766,66.34391784667969,48.32042801556423,
1983-02-02,0.0,14500,0.2533326953619248,0.0,0.9469969868659972,0.0090018212795257,0.0477764457464218,0.0,
1983-02-13,4.0,22400,57.568873809127005,43.66997146606445,77.82489013671875,85.06671905517578,91.6876220703125,51.103501945525295,
1983-02-18,2.0,23900,43.80939769607356,37.10417938232422,69.76992797851562,57.79868316650391,63.55649566650391,51.09649805447471,
1983-02-20,1.0,20500,39.46222947337033,24.06314468383789,59.043487548828125,49.43977355957031,57.05192184448242,25.40797665369649,
1983-02-22,2.0,19200,37.43360231301069,32.061363220214844,80.6962890625,59.09547424316406,63.054344177246094,30.36614785992218,
1983-03-02,0.0,18700,27.194261971679488,31.874608993530277,16.054054260253906,5.882939338684082,6.869365692138672,20.507003891050573,
1983-03-09,3.0,24300,61.044288737254206,51.56208801269531,106.38899230957033,71.5001220703125,85.65196228027344,74.8678988326848,
1983-03-31,0.0,21600,72.70378963908549,43.06856918334961,76.25652313232422,76.50566864013672,80.52189636230469,60.77976653696502,
1983-06-10,2.0,22100,25.376298302755405,31.835176467895508,39.48666763305664,28.144916534423828,23.18454360961914,31.141634241245136,
1983-06-17,1.0,20100,26.390608035000604,36.42812347412109,29.635740280151367,34.87795639038086,19.841205596923828,33.95486381322954,
1983-07-02,0.0,19000,23.909139558728107,16.982038497924805,31.605321884155277,34.504615783691406,25.72187042236328,22.92529182879377,
1983-07-13,5.0,48500,101.73669796563811,90.02033233642578,56.35073852539063,90.14414978027344,75.73335266113281,111.15622568093384,
1983-08-12,0.0,20500,32.119630960904075,32.63927459716797,1.072459101676941,8.122533798217773,5.404727935791016,28.349610894941627,
1983-08-29,1.0,8300,11.92848949561169,20.241004943847656,18.81271171569824,10.277353286743164,8.988706588745117,12.285019455252916,
1983-09-06,1.0,10900,2.255772464067709,7.669433116912842,6.01862907409668,1.9629698991775515,3.3663535118103027,3.4570038910505816,
1983-09-10,1.0,10900,22.21929255555082,39.23569107055664,28.33411979675293,28.554977416992188,22.991762161254883,54.61108949416344,
1983-09-18,0.0,9700,13.440913946810756,11.77763843536377,2.186761379241944,5.752229690551758,14.895469665527344,14.966536964980548,
1983-10-04,1.0,8660,11.338428302496862,12.314485549926758,5.316051483154297,8.244501113891602,18.320480346679688,10.865564202334628,
1983-10-15,0.0,4640,0.7061950284733934,0.5296792387962341,2.146412134170532,0.7323827147483826,1.83347749710083,0.3056420233463036,
1983-10-22,2.0,10500,58.46764431712191,44.83277893066406,36.056339263916016,41.1154670715332,45.726707458496094,53.84357976653696,
1983-10-24,2.0,10600,52.32565194497153,21.46173477172852,36.7907829284668,37.20542144775391,42.01872634887695,33.31556420233464,
1983-10-30,1.0,7740,3.887474186517909,20.62662506103516,12.812088012695312,12.377965927124023,8.217264175415039,25.46536964980548,
1983-11-02,2.0,13800,55.61048945509847,61.39005279541016,30.324012756347656,48.38848114013672,32.40928649902344,69.45233463035021,
1983-11-03,1.0,22700,75.2067035735673,92.9770278930664,86.1025390625,91.3639144897461,67.0783462524414,123.23696498054478,
1983-11-05,1.0,28000,109.53395025862336,70.53421020507812,97.4892349243164,89.31230926513672,77.48445129394531,92.80583657587552,
1983-11-11,3.0,21800,36.40575338437099,34.795021057128906,36.943939208984375,39.88764190673828,44.82312774658203,51.02276264591439,
1983-11-16,3.0,57900,126.40399054313936,98.65965270996094,123.14627838134766,151.34341430664062,132.30274963378906,123.48404669260702,
1983-11-27,0.0,20700,60.17811276488733,34.67591857910156,30.40198516845703,42.54444885253906,38.92548370361328,37.30291828793775,
1984-01-01,2.0,14900,45.516478022473,,,36.03108596801758,58.13833236694336,,
1984-01-05,4.0,81300,131.3949102069862,103.39525604248048,119.83429718017578,77.31718444824219,95.87503051757812,116.84066147859916,
1984-01-11,0.0,24200,17.259191187960276,21.706790924072266,21.783281326293945,13.57351779937744,31.292266845703125,15.830350194552532,
1984-01-22,1.0,13600,32.03479349897906,40.93626403808594,51.282012939453125,44.57289123535156,42.40283203125,59.236381322957214,
1984-01-25,3.0,45200,123.5135240171881,103.96026611328124,163.02093505859375,131.02212524414062,147.24639892578125,149.04202334630344,
1984-01-26,1.0,39100,131.22784149008544,91.793212890625,135.83912658691406,107.34960174560548,120.21955871582033,113.70700389105052,
1984-02-10,1.0,17200,20.501374757900106,27.667388916015625,45.215763092041016,42.26966094970703,32.968544006347656,34.022568093385225,
1984-02-12,1.0,19400,32.84419120667924,46.67319488525391,76.90354919433594,78.63865661621094,76.4343032836914,66.0398832684825,
1984-02-20,2.0,18100,15.038040152344902,38.18471145629883,60.41926193237305,20.92909240722656,35.26496505737305,44.50428015564202,
1984-03-14,0.0,17600,55.4955315639053,33.813499450683594,53.067115783691406,50.47737121582031,46.65319442749024,63.31634241245136,
1984-03-21,1.0,24000,48.37603245038774,50.45253753662109,64.23176574707031,47.28374481201172,45.36542510986328,60.02723735408557,
1984-04-07,0.0,15300,25.33722561064228,25.41980743408203,29.01825714111328,17.381120681762695,27.046356201171875,32.167120622568106,
1984-04-13,2.0,15800,29.96626383100368,27.24163055419922,46.0346908569336,44.21387100219727,43.18623733520508,27.72140077821012,
1984-04-23,0.0,10900,20.89234036430102,17.073305130004883,23.4378662109375,21.955602645874023,22.18819046020508,14.27762645914397,
1984-05-08,1.0,10800,10.01004780359975,15.196663856506348,16.93071174621582,8.419124603271484,24.36910629272461,14.260505836575874,
1984-05-19,2.0,16100,16.910145318481973,37.859519958496094,21.448945999145508,33.740440368652344,30.45222282409668,51.94824902723733,
1984-05-25,0.0,19800,38.02253536554053,25.327163696289062,25.245365142822266,23.038780212402344,21.47806930541992,27.57801556420233,
1984-06-26,1.0,28700,5.363632873741528,6.597158908843994,4.868551731109619,9.762615203857422,12.254712104797363,9.035992217898832,
1984-06-30,2.0,32600,30.01222375505444,22.279603958129883,19.239288330078125,24.14498519897461,13.073068618774414,27.299221789883266,
1984-07-03,1.0,25300,7.232770567759204,1.2379002571105957,3.677743434906006,3.6857967376708975,4.611384868621826,2.0939688715953286,
1984-07-19,0.0,25400,0.8860994266075871,0.0,0.0002210738166468,8.679122061039379e-07,0.0,0.0,
1984-07-26,1.0,24800,0.0221797324947204,0.0005270786932669,0.8824613690376282,0.0092768166214227,0.2093632668256759,0.69455252918288,
1984-08-06,0.0,18900,5.482889098455385,5.885165214538574,5.281158447265625,4.372884750366211,1.5952759981155396,5.358560311284046,
1984-08-15,1.0,12200,1.1930152950142858,0.0,1.5824042558670044,1.2423909902572632,3.4929404258728027,1.1266536964980534,
1984-08-27,1.0,8740,29.35435758093256,31.371978759765625,40.51324081420898,24.81035614013672,30.135560989379883,37.712062256809325,
1984-09-05,1.0,9340,14.876548776482537,29.69963264465332,27.350061416625977,19.948509216308597,22.89217567443848,39.35155642023345,
1984-09-07,1.0,14300,45.21535754114025,35.269901275634766,42.43846893310547,34.13640213012695,26.66704368591309,43.69591439688712,
1984-09-15,3.0,9120,1.223982792477663,0.0033403609413653,0.2497530281543731,2.4765493869781494,0.1161950901150703,0.0723735408560311,
1984-09-24,0.0,8940,21.350493299503043,10.42253589630127,11.362682342529297,9.402376174926758,15.615348815917969,21.47859922178988,
1984-10-04,1.0,6790,5.49677054842455,13.322918891906738,11.21109104156494,8.887441635131836,7.434636116027832,10.23657587548638,
1984-10-09,5.0,10300,19.49695415696041,27.056930541992188,8.296626091003418,20.77532768249512,46.772117614746094,26.860311284046688,
1984-10-10,3.0,13300,31.40328303578708,46.00259399414063,42.823974609375,46.30622100830078,45.54182052612305,52.77412451361869,
1984-10-13,1.0,18300,62.59664053488416,49.8579216003418,61.3232650756836,60.09090423583984,63.71598052978516,65.01439688715956,
1984-10-25,2.0,13600,42.81171509525498,52.85773849487305,37.13991928100586,31.38133811950684,33.42864227294922,65.17587548638133,
1984-11-03,2.0,27400,126.11948183589516,113.55819702148438,171.6400146484375,122.39486694335938,114.93397521972656,156.20739299610904,
1984-11-11,0.0,18100,43.69468834029598,39.807106018066406,67.60164642333984,42.427852630615234,52.173248291015625,50.54280155642023,
1984-11-18,1.0,12200,9.538732327540655,21.794734954833984,13.642062187194824,10.32730197906494,13.67822551727295,27.254085603112834,
1984-11-22,3.0,13300,21.2773059318038,13.962976455688477,7.259588241577148,9.73004150390625,8.967137336730957,5.5665369649805445,
1984-11-27,1.0,13800,38.54485289854341,52.19804000854492,53.77520751953125,34.79742431640625,30.233837127685547,50.68268482490275,
1984-12-08,2.0,22700,60.8229215829838,45.57261276245117,66.80750274658203,58.050106048583984,53.48719024658203,67.43190661478603,
1984-12-14,1.0,14700,44.20677049608321,55.14884185791016,70.66699981689453,71.29657745361328,84.10993957519531,77.23968871595329,
1984-12-23,0.0,12700,55.34605734434912,67.71452331542969,36.19316864013672,45.97356414794922,51.673736572265625,49.45194552529183,
1985-02-11,1.0,9570,42.16035951897889,62.18254852294922,63.66828155517578,69.61045837402344,77.21012878417969,83.54610894941638,
1985-02-14,1.0,9520,28.106630985682077,17.048112869262695,21.91304397583008,16.577709197998047,18.81870460510254,12.638521400778204,
1985-02-24,0.0,13100,32.37560608362588,30.18257522583008,45.47531127929688,23.855545043945312,30.713924407958984,26.67568093385213,
1985-03-23,1.0,9910,25.114499071303108,37.90117645263672,53.66058349609375,57.94438934326172,61.851829528808594,50.15680933852141,
1985-04-01,0.0,12000,52.59582977079525,35.895240783691406,83.1317367553711,51.25444793701172,58.06816864013672,46.169649805447456,
1985-04-27,2.0,18100,63.96116831759058,60.06674575805664,53.91407012939453,64.88714599609375,67.12045288085938,87.27392996108955,
1985-06-08,0.0,41500,68.8567992077275,50.545677185058594,62.80980682373047,59.76059722900391,56.42537689208984,67.01809338521404,
1985-09-06,2.0,16400,51.66137860158288,58.87489318847656,38.29100036621094,46.91544342041016,53.497291564941406,74.89105058365756,
1985-09-12,1.0,8850,9.459663478816088,12.272089958190918,10.708943367004396,13.900174140930176,9.937347412109377,11.512840466926066,
1985-09-19,0.0,8130,16.428845115348313,6.442286491394043,13.005901336669922,10.90512752532959,15.35019302368164,3.690077821011674,
1985-10-03,1.0,5850,5.869391962931042,6.486049652099609,0.5587566494941711,1.423960566520691,6.465365409851074,6.260894941634239,
1985-10-11,1.0,6020,27.941105114934025,32.66930389404297,43.13752746582031,34.59160614013672,44.20251083374024,38.74105058365759,
1985-10-15,2.0,18700,42.44022942444819,43.36604309082031,36.7260971069336,33.19693756103516,66.06011199951172,37.770622568093394,
1985-10-16,1.0,20900,57.05651813939242,37.10031509399414,52.59837341308594,46.75666809082031,73.12083435058594,52.61712062256808,
1985-10-18,2.0,14600,30.84475714867145,22.23423385620117,21.140380859375,22.56103134155273,28.09654235839844,28.567315175097256,
1985-10-20,1.0,17300,44.07447802083367,38.5596923828125,40.446250915527344,44.13032531738281,43.78996276855469,37.13852140077823,
1985-10-25,1.0,40000,118.09720274504012,83.05854034423828,85.86788940429688,76.06217956542969,83.29788970947266,138.79260700389108,
1985-10-27,2.0,51700,134.09805556692996,92.83870697021484,87.01214599609375,108.57814025878906,119.82538604736328,119.56070038910504,
1985-11-03,3.0,56200,150.28015684169748,89.26811981201172,112.04624938964844,102.42854309082033,96.79867553710938,140.14922178988323,
1985-11-05,1.0,35000,65.66618358929344,41.095848083496094,42.1921272277832,40.87825012207031,53.88627624511719,64.50933852140076,
1985-11-17,0.0,17500,43.42673803088086,31.87486457824707,41.702484130859375,32.151878356933594,28.74648666381836,50.51887159533072,
1985-12-04,1.0,9340,36.90718350668854,35.134368896484375,44.252323150634766,39.86468124389648,51.012542724609375,40.11575875486384,
1986-01-01,0.0,8290,23.218493267901135,,,24.83099937438965,39.00717544555664,,
1986-01-08,3.0,12900,39.85801337934527,18.87046813964844,62.31897735595703,48.94234085083008,51.25912094116211,20.824513618677027,
1986-01-11,2.0,16100,23.29341109578514,19.744569778442383,64.32652282714844,27.408966064453125,34.66305923461914,21.99922178988326,
1986-01-13,1.0,13700,13.19347418816364,4.328333377838135,21.81186866760254,14.544754981994627,15.877901077270508,3.5315175097276272,
1986-01-19,4.0,63400,170.77800769058285,112.33902740478516,140.60385131835938,139.8868408203125,143.99261474609375,153.2970817120622,
1986-01-27,1.0,20200,9.964120437563832,17.082447052001953,14.14869499206543,9.252175331115724,8.629764556884766,15.511673151750966,
1986-02-17,0.0,15400,67.13058504025162,56.49653244018555,67.03831481933594,84.42893981933594,78.64219665527344,77.30447470817116,
1986-02-25,4.0,60900,156.04534611396534,112.39710998535156,200.78399658203125,144.92626953125,144.03305053710938,161.21789883268497,
1986-03-07,2.0,19600,10.577237083323311,28.23464584350586,45.77994537353516,39.820068359375,45.91826248168945,40.13949416342412,
1986-03-14,0.0,14600,12.523682595951836,12.42937469482422,15.541406631469728,20.740428924560547,19.084747314453125,8.883852140077815,
1986-03-26,2.0,16700,39.0001968820339,26.897768020629883,65.65446472167969,38.32844543457031,38.71503448486328,26.150389105058355,
1986-04-13,0.0,10800,17.595242829111015,13.96654224395752,21.276235580444336,23.146221160888672,28.25542640686035,16.165758754863813,
1986-04-22,2.0,15900,26.78530590881524,21.85604476928711,32.57197570800781,24.31964492797852,34.85197448730469,23.757976653696492,
1986-05-01,1.0,12900,9.169934994155804,7.265182971954346,10.820693016052246,11.254165649414062,12.839923858642578,7.601361867704284,
1986-05-13,1.0,20000,52.73588907777222,51.07879257202149,49.271915435791016,64.33343505859375,46.96474456787109,75.87626459143962,
1986-05-19,1.0,19200,20.106311659836816,33.92934799194336,30.477685928344727,13.003931045532228,25.51249885559082,28.29007782101167,
1986-05-23,4.0,18700,5.524726585169852,3.643339157104492,5.146711349487305,3.3754615783691406,2.05933165550232,2.94182879377432,
1986-06-09,0.0,19000,1.7115621465749336,0.3361905515193939,0.9582197070121764,0.4936534166336059,4.010106086730957,1.2180933852140077,
1986-06-18,1.0,18400,12.355590827549838,26.249624252319336,30.02715110778809,12.044353485107422,9.904261589050291,21.11517509727628,
1986-06-24,0.0,19900,0.0,0.0,0.0024828370660543,8.033323865674902e-06,0.1274789273738861,0.0,
1986-07-02,2.0,18200,23.86598853605985,20.156753540039062,2.968799591064453,7.614266395568848,10.078805923461914,18.863035019455246,
1986-07-10,1.0,11500,3.76765200822217,10.003582000732422,12.94610595703125,16.420557022094727,12.815372467041016,15.461478599221785,
1986-07-17,0.0,15800,34.73192928341884,29.303598403930664,25.88900375366211,38.05199432373047,44.5113525390625,33.90330739299614,
1986-09-01,2.0,7220,2.093453152873375,1.3704272508621216,1.5288642644882202,1.4194633960723877,22.292478561401367,3.938521400778212,
1986-09-16,0.0,5500,10.155701721613973,5.632552623748779,14.42475414276123,29.60883331298828,16.20145606994629,8.059338521400775,
1986-09-23,1.0,6000,11.288030585518506,32.3306770324707,22.220314025878903,30.989917755126957,25.442487716674805,52.08949416342408,
1986-10-02,1.0,8830,6.188401540213115,2.403655767440796,2.9750068187713623,1.2241601943969729,4.20408296585083,2.5120622568093385,
1986-10-15,0.0,6010,0.1975927357141188,0.0,7.189759799075546e-06,0.0,0.0,0.0,
1986-10-27,3.0,18500,90.59121037046287,83.23045349121094,100.55049896240234,82.56494903564453,130.3400421142578,112.86264591439688,
1986-10-29,2.0,13700,73.90223325854795,34.91972351074219,30.309608459472656,20.550193786621094,25.533008575439453,30.73151750972764,
1986-11-12,1.0,9890,11.978529632043664,13.290428161621094,6.130280017852783,9.702166557312012,12.290413856506348,11.417509727626465,
1986-11-18,2.0,11900,68.26065583461556,68.29861450195312,65.18778991699219,66.85694122314453,70.01903533935547,86.85272373540862,
1986-11-20,3.0,30100,136.06243411099706,115.0720672607422,139.36166381835938,135.2725830078125,138.49636840820312,180.5856031128405,
1986-11-24,3.0,65100,161.6005086379115,112.89290618896484,139.97454833984375,145.58563232421875,145.00442504882812,152.81731517509724,
1986-11-25,1.0,49000,139.82087574554447,96.64512634277344,110.66798400878906,123.79634857177734,135.12635803222656,134.50486381322952,
1986-12-15,0.0,13200,29.769447431460883,20.80428504943848,70.71656799316406,33.26702117919922,26.705427169799805,27.91712062256808,
1986-12-22,2.0,15300,33.33919889791325,48.16633605957031,31.958526611328125,39.71833419799805,53.607513427734375,64.53891050583655,
1986-12-29,2.0,20700,44.75575531600778,55.70518493652344,47.7803840637207,65.18184661865234,72.3670654296875,84.70700389105056,
1987-01-03,2.0,20700,71.0155028124014,63.15631103515625,72.85487365722656,78.34005737304688,91.11766052246094,107.4190661478599,
1987-01-12,3.0,22400,32.440250440973905,44.43437576293945,66.30325317382812,34.422096252441406,56.07110595703125,52.82996108949418,
1987-01-20,0.0,17100,7.141252366420821,2.8901095390319824,7.797010898590088,3.950473546981812,12.296625137329102,4.417315175097276,
1987-01-27,1.0,15700,52.11145507861784,45.008934020996094,46.04882049560547,39.709754943847656,31.099550247192383,56.45369649805447,
1987-02-01,1.0,22800,81.18288145894513,82.55866241455078,77.0313720703125,68.22183227539062,82.37176513671875,107.69980544747078,
1987-02-03,2.0,21400,77.5107743811026,37.04459381103516,53.77769470214844,50.91367721557617,40.36697769165039,56.97898832684824,
1987-02-11,1.0,17200,4.376227532691512,9.626164436340332,19.911052703857425,7.712716102600098,14.529573440551758,8.486575875486382,
1987-02-17,0.0,18400,27.208271544319835,22.58287811279297,22.82481002807617,25.07995986938477,19.765399932861328,31.682684824902736,
1987-03-04,4.0,39500,133.77671897890008,87.55638122558594,203.02740478515625,147.14984130859375,150.31019592285156,124.57762645914391,
1987-03-12,1.0,20900,23.35594646286497,22.3763370513916,42.42790985107422,43.87513732910156,50.84927368164063,30.503112840466933,
1987-04-09,0.0,12300,31.82908794555963,30.903493881225582,38.16544342041016,35.84120178222656,40.37284851074219,26.27704280155641,
1987-04-16,2.0,16500,35.70762713564058,35.83641052246094,53.50055313110352,41.63642501831055,55.24363708496094,39.79708171206225,
1987-05-03,0.0,22200,45.98048373162177,27.73493385314941,20.84192657470703,28.86815071105957,29.309406280517575,19.90505836575877,
1987-05-12,2.0,35900,48.18156594420355,44.36264801025391,12.110404014587402,34.23555374145508,42.67874526977539,55.87587548638136,
1987-05-14,1.0,28400,68.53566533900832,28.74479103088379,28.08324241638184,50.219085693359375,62.94597625732422,43.84610894941637,
1987-05-21,0.0,16700,4.983544933590744,4.660136222839356,4.16791582107544,8.438344955444336,2.396273612976074,3.348054474708171,
1987-05-30,2.0,16400,27.84764239917145,38.64068984985352,45.249324798583984,42.744049072265625,40.38687515258789,58.27159533073928,
1987-06-10,4.0,20400,4.821378585903854,5.9809746742248535,3.198913097381592,2.4284491539001465,0.6713835000991821,5.776848249027237,
1987-07-06,0.0,19700,37.5305697823762,28.425073623657227,16.235008239746094,17.597566604614258,22.86394500732422,25.973151750972768,
1987-09-14,1.0,6080,1.4366424482379887,17.960973739624023,9.245588302612305,9.51051139831543,6.128430843353272,28.888132295719824,
1987-09-19,1.0,6440,0.0919502870866184,0.0,1.2874581443611532e-05,0.0025672391057014,0.0035365745425224,0.0,
1987-09-27,0.0,8070,5.048103256420193,4.837742328643799,3.8694522380828857,4.7875657081604,6.177978992462158,5.403307392996112,
1987-10-31,1.0,5240,4.133682595636921,11.104588508605955,17.341405868530273,13.300360679626465,21.96511459350586,8.614007782101163,
1987-11-11,2.0,8830,28.886284909471087,30.18614387512207,57.6231575012207,36.87537384033203,47.81528091430664,46.56984435797668,
1987-11-18,3.0,7320,15.512887151072682,7.587977409362793,26.030029296875,16.25716781616211,17.056554794311523,6.132295719844352,
1987-11-24,1.0,12200,64.5119101647893,53.18478775024414,94.12257385253906,80.26958465576172,100.68864440917967,63.71984435797668,
1987-12-01,2.0,8760,21.3113384242292,37.88492965698242,44.16690826416016,50.64792251586914,40.71482467651367,65.95603112840465,
1987-12-03,3.0,14400,96.39989094820808,77.40156555175781,103.73396301269533,107.881591796875,88.6423110961914,110.4863813229572,
1987-12-05,2.0,12500,66.58937856299984,46.89106750488281,46.46028518676758,44.69960403442383,42.99174880981445,66.08326848249028,
1987-12-10,2.0,32100,112.82310132576904,102.75685119628906,105.1122589111328,84.455810546875,98.39598846435548,127.4175097276265,
1987-12-23,0.0,8950,44.02737089393133,25.053232192993164,18.51229286193848,23.873920440673828,32.97615051269531,18.833463035019445,
1988-01-15,3.0,26300,98.67350097299762,74.55604553222656,108.40065002441406,118.1562957763672,110.2048797607422,110.06284046692608,
1988-01-20,1.0,11200,9.83491012202549,15.928306579589844,19.18340492248535,15.745452880859377,21.32747459411621,22.405642023346296,
1988-01-22,1.0,10800,20.512908195993056,26.06056785583496,36.43494415283203,29.766998291015625,38.28514862060547,37.147470817120606,
1988-01-28,2.0,9370,4.051875714496905,17.054601669311523,39.02999114990234,7.546903610229492,15.039602279663086,21.64474708171204,
1988-02-08,0.0,12200,33.074956025016526,39.16291046142578,28.711469650268555,23.266674041748047,19.533674240112305,74.24708171206225,
1988-02-15,1.0,16400,48.36568063796706,37.18865585327149,81.96430969238281,67.89981079101562,75.79849243164062,70.44883268482494,
1988-03-07,0.0,18000,62.61581268912292,47.58761596679688,56.96862030029297,45.1396369934082,42.256595611572266,40.56614785992217,
1988-03-23,1.0,16400,66.4514073245156,56.64421081542969,97.32635498046876,80.6994400024414,90.51895141601562,76.09396887159532,
1988-03-26,2.0,25300,104.7392159214895,87.1522445678711,79.80885314941406,100.79562377929688,97.71881866455078,120.4301556420233,
1988-04-03,1.0,21100,55.70183740400627,50.72104644775391,80.69297790527344,50.68336486816406,55.43043899536133,60.19299610894946,
1988-04-06,2.0,30700,137.85539197807788,103.98258209228516,103.29315185546876,93.85919952392578,96.71836853027344,118.75661478599224,
1988-04-19,0.0,22300,11.0563403534577,11.618204116821287,12.138662338256836,6.7166056632995605,16.0749454498291,9.035797665369651,
1988-04-29,1.0,18200,7.838556411536099,15.053041458129885,15.853280067443848,19.76458549499512,22.894268035888672,23.38132295719844,
1988-05-10,1.0,16100,0.5977342253525066,0.1262775212526321,0.3938509523868561,0.0002565132745075,0.5121161341667175,0.5058365758754862,
1988-05-13,1.0,35600,22.562950315902384,26.037620544433597,31.435348510742188,20.688486099243164,25.941877365112305,32.44416342412451,
1988-05-15,2.0,26300,30.545422571441907,21.300567626953125,41.5055046081543,29.991344451904297,35.40250015258789,19.996108949416342,
1988-05-27,1.0,21400,13.071001892523212,22.549938201904297,14.74375057220459,10.74971866607666,10.665873527526855,19.59922178988328,
1988-06-03,2.0,22400,31.81177817054278,23.31919860839844,34.3979377746582,35.97001647949219,35.65251159667969,29.590856031128407,
1988-06-10,0.0,17600,17.947520066516553,19.760591506958008,7.562405586242676,21.869752883911133,16.221681594848633,13.70953307392996,
1988-06-21,2.0,25100,0.2590630980431997,0.1758756041526794,0.0457066819071769,0.0007073889137245,0.3609170913696289,1.005836575875489,
1988-07-02,1.0,16800,35.00599998421677,26.96556663513184,14.514396667480469,11.939345359802246,16.209854125976562,34.37470817120625,
1988-07-13,1.0,22600,23.853994267458237,24.25196075439453,14.208648681640623,22.647897720336918,20.532888412475582,24.33093385214009,
1988-08-02,0.0,12600,1.1362370947050018,2.824385404586792,0.8680911064147949,1.995295763015747,0.6941497325897217,2.6813229571984443,
1988-08-08,1.0,11100,0.9923307830389914,0.0408380441367626,0.106121689081192,0.3326514065265655,0.6097401976585388,0.2854085603112844,
1988-08-17,0.0,9920,18.12924091065575,16.22865104675293,9.238269805908203,13.163966178894045,14.554617881774902,18.75252918287937,
1988-09-19,1.0,8740,39.42090055110765,31.33432006835937,33.09880065917969,33.86273956298828,30.238142013549805,42.32937743190664,
1988-09-25,1.0,14500,56.143143349968206,59.289825439453125,65.00226593017578,58.44595336914063,49.07005310058594,83.29824902723736,
1988-09-28,1.0,16700,41.30021606858069,30.4650993347168,22.899938583374023,25.07965850830078,18.376487731933597,26.790856031128413,
1988-10-06,0.0,10100,3.361087956067787,1.8581154346466064,0.2071194797754287,0.0036174452397972,0.0596000142395496,1.8085603112840465,
1988-10-13,2.0,6820,5.114233268040453,18.86119079589844,9.811213493347168,0.8465330600738525,2.3553030490875244,34.536964980544745,
1988-10-16,4.0,42200,159.78024646748094,118.4835968017578,96.55825805664062,116.38287353515624,98.68815612792967,153.681906614786,
1988-10-21,1.0,16400,18.283401519090628,14.825770378112791,18.86081314086914,9.732536315917969,14.750225067138672,14.192607003891048,
1988-11-03,2.0,24500,63.41278394509662,59.36539459228516,123.73275756835938,95.71031188964844,85.90386199951172,75.35350194552531,
1988-11-06,4.0,47200,96.3703421233912,78.61595153808594,91.49622344970705,97.7040557861328,113.21620178222656,106.9443579766537,
1988-11-12,0.0,23600,58.02458128988401,50.17360305786133,53.40190124511719,51.527374267578125,61.95587921142578,69.34338521400778,
1988-11-22,1.0,23200,70.99848759789768,64.4273452758789,95.4808578491211,84.29469299316406,73.54341125488281,88.44416342412453,
1988-11-27,1.0,16700,34.84723898266971,41.36319732666016,33.44679641723633,38.14767456054688,44.90678405761719,60.90116731517513,
1988-12-01,1.0,17100,14.111499058697053,6.615735054016113,2.4380345344543457,5.264145851135254,7.282771110534668,4.928404669260701,
1988-12-13,2.0,34000,58.28182220663902,59.06562042236328,61.37822723388672,46.47675323486328,69.07051849365234,61.0317120622568,
1988-12-21,0.0,16100,15.617707434303776,9.975855827331545,27.9149169921875,15.662640571594238,18.24980735778809,13.081128404669265,
1988-12-30,2.0,16100,57.50092740714694,52.550559997558594,92.04698944091795,88.53195190429688,76.40308380126953,66.90583657587555,
1989-01-02,1.0,12900,15.824300183664633,,,19.93784523010254,26.144248962402344,,
1989-01-04,2.0,26100,57.92129830842265,50.58027648925781,70.11279296875,52.69331741333008,77.36404418945312,66.08112840466922,
1989-01-10,0.0,17800,40.42898091279886,38.55170440673828,38.60540008544922,40.76303863525391,51.01732635498047,66.59338521400778,
1989-01-17,1.0,25100,63.96105167469148,67.03702545166016,91.53165435791016,103.09002685546876,86.9078369140625,77.4560311284047,
1989-01-31,3.0,24900,45.60157164946144,47.83881759643555,42.20280456542969,36.76030731201172,59.73716354370117,53.04513618677045,
1989-02-06,0.0,17500,1.2251453134382633,0.0,0.0001065186297637,2.58200063977046e-13,0.0,0.624124513618677,
1989-02-22,2.0,13500,12.761711288466346,24.94033432006836,24.010107040405277,32.137245178222656,23.61115264892578,30.25894941634241,
1989-03-06,2.0,14400,30.46491394911708,41.61571502685547,39.82378768920898,44.37252807617188,51.246612548828125,43.55894941634243,
1989-03-11,1.0,14400,38.26043787485311,43.15185546875,31.496517181396484,36.80954360961914,28.507369995117188,50.54824902723736,
1989-03-29,0.0,11800,33.8727189183919,24.546899795532227,40.462345123291016,47.93035125732422,51.131385803222656,24.690856031128405,
1989-04-06,4.0,29000,96.63695223723496,81.94143676757812,94.34431457519533,78.28321838378906,98.86604309082033,111.74630350194556,
1989-04-13,0.0,16700,0.0231739958871982,0.0,4.229048499837518e-05,0.0,0.0004920181236229,0.1221789883268479,
1989-04-20,1.0,22300,6.373411090373654,15.898186683654783,18.35004997253418,16.39992332458496,11.701787948608398,15.712256809338529,
1989-05-19,0.0,18700,40.63874186707899,31.636474609375,53.43984222412109,35.6263313293457,34.964019775390625,32.351556420233464,
1989-06-14,2.0,27600,8.62131166961142,10.904501914978027,6.066521644592285,3.19830322265625,8.328117370605469,9.138132295719842,
1989-06-21,1.0,18600,17.85320653592861,9.481891632080078,19.584369659423828,20.20396041870117,24.719640731811523,14.455058365758749,
1989-07-01,2.0,18800,25.158338437038505,19.41764068603516,25.694448471069336,36.28889465332031,19.641138076782227,19.34571984435797,
1989-07-11,0.0,15300,3.6367610001900497,2.789876937866211,6.749200344085693,2.298205852508545,6.201505184173584,4.6208171206225686,
1989-07-17,1.0,17700,15.914900573602669,8.88852310180664,16.188432693481445,9.7850980758667,9.93821144104004,20.14610894941633,
1989-08-03,0.0,11500,9.019093680063069,8.369425773620605,17.343564987182617,7.324195861816406,23.206117630004883,7.454863813229567,
1989-08-21,1.0,11000,20.24490818364615,30.5261287689209,28.027172088623047,25.41533851623535,25.126270294189453,39.9204280155642,
1989-08-28,0.0,9240,7.453604184220861,3.4561517238616943,2.5390849113464355,2.5565030574798584,3.44787335395813,10.0295719844358,
1989-10-10,1.0,6800,2.2022963639012185,13.952279090881348,3.755319595336914,10.097262382507324,18.247039794921875,21.79805447470817,
1989-10-12,2.0,10400,46.21584896127476,47.84392929077149,21.89313507080078,55.345340728759766,57.24224853515625,57.657976653696494,
1989-10-17,2.0,9300,1.3478661552416589,0.7909576296806335,0.0013224720023572,0.039679042994976,0.0187501721084117,0.0603112840466926,
1989-10-21,1.0,10900,32.37108606527792,26.565601348876957,33.75748825073242,28.528461456298828,29.219602584838867,27.48073929961088,
1989-10-23,2.0,11000,39.80362148610337,45.79241561889648,49.94783401489258,52.13774108886719,40.101219177246094,58.30856031128406,
1989-11-04,2.0,29800,69.54351054461108,60.04035186767578,63.41471862792969,62.851348876953125,69.15017700195312,85.57412451361863,
1989-11-11,4.0,84000,185.8312678838551,112.21307373046876,134.90611267089844,148.75035095214844,178.8900909423828,130.46712062256805,
1989-11-12,3.0,61900,111.32903071160982,61.12101745605469,73.45924377441406,90.81024169921876,100.42117309570312,83.08501945525288,
1989-11-21,3.0,28100,42.30433072958918,31.11417961120605,69.95710754394531,19.996715545654297,27.412389755249023,38.38852140077821,
1989-11-23,1.0,24000,28.694361381421945,30.451770782470703,45.19418716430664,27.77542495727539,32.529415130615234,51.01517509727628,
1989-12-02,2.0,16400,0.7070076475304998,22.880096435546875,5.10130500793457,7.147089004516602,13.471406936645508,31.737548638132257,
1989-12-04,3.0,47600,109.87380104811518,110.65115356445312,118.24559020996094,122.2626953125,121.92097473144533,150.81420233463024,
1989-12-07,1.0,46600,62.077043895892814,35.66510772705078,17.026790618896484,13.500073432922363,13.032093048095703,30.027431906614787,
1989-12-24,0.0,15200,5.48346653539464,2.842137098312378,28.94704246520996,5.06667423248291,9.897610664367676,4.375875486381319,
1990-01-05,1.0,14700,42.56588910961698,51.212520599365234,69.25831604003906,61.61859893798828,77.28133392333984,75.6003891050584,
1990-01-07,2.0,27300,82.10268830181764,73.1502456665039,132.2235870361328,104.38346862792967,115.97089385986328,88.04610894941636,
1990-01-10,1.0,47400,116.83475135753989,81.04393005371094,82.2303466796875,96.44383239746094,81.97547149658203,130.63677042801555,
1990-01-27,0.0,15800,67.74939774042333,57.56898880004883,81.78314971923828,73.8289566040039,87.96206665039062,78.64844357976659,
1990-02-03,1.0,16800,47.31439964880679,44.168155670166016,90.48483276367188,72.52217102050781,94.1710433959961,70.99922178988326,
1990-02-11,3.0,39900,122.10499058740773,100.69953918457033,150.96701049804688,140.00619506835938,140.9378204345703,148.0964980544747,
1990-03-10,0.0,20900,57.83385286686753,38.34662628173828,56.63665008544922,65.66758728027344,74.98402404785156,46.007392996108926,
1990-05-02,1.0,16900,7.853001908975454,8.376077651977539,0.277109146118164,1.7664227485656738,5.513826370239258,5.208754863813231,
1990-05-08,0.0,20000,13.188441706661948,12.643033027648926,19.57369613647461,14.946157455444336,23.1568660736084,13.423540856031138,
1990-05-22,1.0,16000,15.60174379874124,17.73619270324707,15.47355842590332,20.726322174072266,20.30538749694824,19.75953307392997,
1990-05-26,1.0,15500,8.636292532774847,8.304566383361816,18.90401840209961,16.170164108276367,27.297760009765625,5.58852140077821,
1990-06-02,2.0,21000,26.006579354262943,22.587207794189453,22.280033111572266,50.896705627441406,70.67303466796875,21.95,
1990-06-12,0.0,27200,42.29333272912535,28.682151794433597,33.200252532958984,45.7807502746582,46.69081115722656,40.57023346303502,
1990-06-18,1.0,22600,0.3477017206082434,0.3059872388839721,0.1781332194805145,0.8433907628059387,0.7244117856025696,0.2778210116731513,
1990-06-30,1.0,25000,3.511674945619105,1.1227364540100098,2.670440673828125,0.3615997433662414,1.6479616165161133,0.3834630350194552,
1990-09-01,0.0,14000,54.47820839821694,28.99947738647461,29.02628898620605,42.9427604675293,34.025672912597656,26.82762645914397,
1990-10-01,1.0,7810,0.961577437046326,9.13943576812744,8.483647346496582,7.395419597625732,10.992431640625,12.834630350194551,
1990-10-05,4.0,40800,137.28631730790804,115.1157684326172,83.70649719238281,122.13421630859376,153.28689575195312,138.0044747081711,
1990-10-10,1.0,15200,23.296445422577023,17.360177993774414,13.753029823303224,18.16206169128418,18.85918617248535,23.17607003891052,
1990-10-12,2.0,14800,44.67782209471093,33.55406951904297,35.89728927612305,40.35752487182617,35.38013458251953,40.699416342412434,
1990-10-18,1.0,18100,35.5065047803322,25.127342224121094,34.1450080871582,29.4512939453125,32.671966552734375,34.45311284046694,
1990-10-21,2.0,17700,39.11366722143004,30.97347640991211,28.41000747680664,29.415117263793945,39.730838775634766,48.17392996108951,
1990-10-23,4.0,19200,38.78866338233235,15.720149040222168,26.57135391235352,29.085264205932617,38.45042037963867,45.160116731517526,
1990-10-28,2.0,22200,53.88899234629967,36.66024398803711,37.5073127746582,29.78081512451172,43.42233276367188,36.63365758754863,
1990-10-30,1.0,22500,47.93536140187064,34.83638000488281,52.89719009399414,49.39444351196289,73.94874572753906,45.52217898832684,
1990-11-11,4.0,130000,222.8224949490272,147.80657958984375,186.15737915039065,202.26092529296875,207.0933532714844,212.8879377431905,
1990-11-24,5.0,97200,234.9885297031293,200.23684692382807,181.92857360839844,219.711669921875,254.56570434570312,246.4953307392996,
1990-11-29,1.0,42600,39.27862518716936,42.29703521728516,75.65392303466797,55.543556213378906,77.11376953125,61.53949416342415,
1990-12-04,3.0,41900,100.33742265594164,79.17533874511719,80.0539779663086,84.31432342529297,117.13834381103516,105.1566147859922,
1990-12-09,2.0,35200,53.24375527542611,60.05794525146485,77.45188903808594,47.932376861572266,57.29646301269531,81.88715953307384,
1990-12-18,1.0,24300,59.448554437650266,53.10591125488281,70.52726745605469,49.09005737304688,64.24877166748047,57.324708171206254,
1991-01-01,0.0,14500,65.59587758547319,,,81.5225830078125,93.27525329589844,,
1991-01-12,1.0,29200,73.48903642240093,85.98433685302734,113.2960205078125,72.79110717773438,68.53724670410156,134.57529182879375,
1991-01-18,0.0,25900,26.386237066699216,23.57032012939453,33.343963623046875,7.192913055419922,18.823326110839844,5.271789883268483,
1991-02-03,4.0,32800,75.67949144168976,72.48869323730469,126.0561981201172,92.46951293945312,100.10415649414062,94.64513618677044,
1991-02-05,3.0,48800,86.67849905854429,68.61631774902344,102.37574005126952,88.9128189086914,108.43903350830078,79.28638132295717,
1991-02-06,2.0,42000,63.97568451869813,46.86071014404297,72.53699493408203,68.83049774169922,86.91361999511719,48.637743190661446,
1991-02-20,2.0,44100,91.1333535544959,83.9575424194336,83.49813842773438,69.05941772460938,89.38888549804688,110.84922178988326,
1991-03-04,0.0,28100,99.87475339678002,70.47817993164062,107.65341186523438,104.25169372558594,88.04435729980469,101.0916342412452,
1991-04-05,2.0,30700,132.059952174016,112.73925018310548,140.7877197265625,152.22227478027344,129.1921844482422,147.5813229571984,
1991-05-08,0.0,23400,30.885458888988197,27.738040924072266,34.08929443359375,45.11612701416016,45.39240264892578,28.486575875486384,
1991-06-11,1.0,26800,6.427831748571919,12.029380798339844,4.160664081573486,3.5509166717529297,6.829784393310547,14.345136186770429,
1991-06-22,0.0,23000,17.04674187412995,16.79320526123047,8.741083145141602,19.317338943481445,22.82441711425781,19.608171206225684,
1991-07-13,1.0,31300,0.1893862340956335,1.41491961479187,2.509939193725586,0.9099981188774108,2.5369386672973637,1.5770428015564193,
1991-07-26,0.0,26800,11.912084135287897,13.47760772705078,8.139217376708984,2.7598609924316406,2.7079246044158936,8.134824902723725,
1991-08-09,5.0,18300,6.8977227656704505,8.41130256652832,12.07144546508789,5.739870071411133,6.622020244598389,7.739299610894944,
1991-08-15,0.0,13100,3.0829407249365435,0.9962934851646424,4.7483415603637695,2.7914962768554688,4.690858840942383,0.307976653696498,
1991-08-27,2.0,11500,28.342688332911248,28.97493934631348,38.19009017944336,40.10731887817383,30.714374542236328,28.7408560311284,
1991-08-29,5.0,17600,77.81847411234565,43.14861297607422,63.15564727783203,64.4250259399414,69.3282241821289,38.911284046692586,
1991-09-14,0.0,8700,4.582556402694254,5.528152942657471,5.260025978088379,2.937669515609741,3.159374475479126,12.573735408560308,
1991-09-22,1.0,6200,0.0,0.10736595839262,0.0009758151136338,0.4974489510059356,0.2463514655828476,0.0,
1991-09-29,0.0,10100,0.0106998087729667,0.1176009103655815,0.159455806016922,0.0005467688897624,0.0525013133883476,0.0136186770428015,
1991-10-15,1.0,5520,0.0953632890590489,4.185590744018555,0.0018632730934768,0.0,0.011214081197977,0.0202334630350194,
1991-10-16,2.0,5690,3.885177826261358,13.25904655456543,16.159399032592773,12.673640251159668,15.089762687683104,18.86400778210117,
1991-10-19,1.0,5760,15.486801159335744,2.5479421615600586,1.873741865158081,5.186863899230957,9.408799171447754,1.9284046692607,
1991-10-21,2.0,6110,17.4433709394944,20.740991592407227,10.5453462600708,11.472281455993652,18.54592704772949,27.90603112840467,
1991-11-01,1.0,6730,7.953948362104072,9.49096965789795,10.810855865478516,6.851082801818848,9.224023818969728,11.123540856031129,
1991-11-05,1.0,12200,51.81307645893303,46.06695938110352,64.40962219238281,43.78353118896485,62.18273162841797,59.90447470817118,
1991-11-12,3.0,28800,69.81637856307222,76.5042724609375,60.72798156738281,56.29188919067383,71.8072509765625,94.82859922178994,
1991-11-15,3.0,17200,52.93568837179434,23.62686920166016,32.418975830078125,22.517658233642575,25.32721900939941,18.597470817120616,
1991-11-17,1.0,17200,32.247481773869644,41.01765441894531,67.97928619384766,80.91085052490234,69.46945190429688,65.32587548638134,
1991-11-20,2.0,32000,91.89197905934336,79.54888916015625,94.65486145019533,98.07006072998048,116.17228698730467,101.85739299610898,
1991-11-27,0.0,21600,65.26072854931905,39.648475646972656,41.45353698730469,39.50914764404297,48.23667144775391,43.60914396887157,
1991-12-06,2.0,36500,84.85385660847103,74.07325744628906,100.5745086669922,79.728271484375,84.82542419433594,106.65350194552526,
1991-12-09,1.0,28400,95.28137855092152,66.2098159790039,86.17092895507812,62.56507873535156,97.82742309570312,94.82743190661483,
1991-12-15,0.0,17800,17.82945886541164,4.321577072143555,0.5779521465301514,0.1940826475620269,0.1794745028018951,3.1651750972762653,
1991-12-21,1.0,11200,15.532638635737449,9.846623420715332,25.996692657470703,9.152338027954102,23.20506858825684,10.225097276264592,
1991-12-27,2.0,9290,6.091862325311726,5.0944013595581055,7.152941703796387,1.6599708795547483,2.001159429550171,3.714202334630351,
1992-01-02,2.0,10500,32.41636326921219,,,32.65789031982422,36.90769577026367,,
1992-01-10,2.0,16000,27.767172113823992,41.972354888916016,47.41031265258789,15.250448226928713,18.012550354003906,53.23929961089493,
1992-01-16,0.0,17800,23.976139564870238,24.890514373779297,46.339752197265625,22.318124771118164,23.301631927490234,23.27509727626459,
1992-01-24,2.0,36200,118.47994455005652,86.85526275634766,130.71900939941406,101.01896667480467,99.1965560913086,97.0120622568093,
1992-01-25,1.0,31000,115.3927877418711,71.10369110107422,141.9879150390625,110.10865020751952,112.24720764160156,84.88832684824897,
1992-01-30,3.0,36500,111.96323515739768,77.85673522949219,154.5228271484375,121.17510986328124,144.13409423828125,80.28229571984437,
1992-02-02,1.0,33500,51.042221741144495,35.71648025512695,75.19853210449219,58.4380989074707,61.9109001159668,46.47276264591439,
1992-02-15,0.0,17500,10.36944168429429,16.620861053466797,15.408872604370115,14.809181213378906,15.95536994934082,21.606225680933846,
1992-02-22,1.0,25100,59.01179158998151,48.44293975830078,81.35409545898438,61.96595001220703,78.9659423828125,82.51361867704279,
1992-04-06,0.0,10900,25.593673077527697,16.188627243041992,26.54526901245117,32.66879653930664,31.907302856445312,21.176070038910503,
1992-04-17,2.0,16400,38.7308833830165,45.5065803527832,69.4937515258789,59.21747589111328,57.727195739746094,56.52548638132296,
1992-04-27,1.0,9500,7.685692163683113,12.838424682617188,17.49618911743164,7.824853897094727,15.335982322692873,14.5715953307393,
1992-04-30,2.0,41000,54.03033464407659,40.14412689208984,58.76364135742188,52.95992660522461,61.22638320922852,45.87023346303503,
1992-06-14,0.0,17200,56.30602875334812,45.2597770690918,79.74185943603516,46.61130142211914,45.33827590942383,54.67548638132295,
1992-08-06,1.0,9830,4.846892933578259,15.151588439941406,6.523390769958496,11.888261795043944,11.030217170715332,22.4363813229572,
1992-08-23,0.0,8860,17.26869981844436,13.917508125305176,0.7376211285591125,0.3129073977470398,2.3376359939575195,23.086575875486364,
1992-09-08,1.0,5000,44.538101430442126,34.98589324951172,26.89028549194336,31.621660232543945,25.100492477416992,55.21381322957198,
1992-09-21,2.0,6000,15.13430399288304,8.181346893310547,8.56075668334961,3.5887041091918945,11.01189422607422,12.7284046692607,
1992-09-24,2.0,10800,37.99046845445218,41.59339904785156,54.913455963134766,56.99044799804688,52.28896331787109,61.083657587548615,
1992-09-26,1.0,12800,67.08334035943503,41.36518478393555,51.23792266845703,53.203609466552734,68.13269805908203,40.27392996108949,
1992-09-29,2.0,9220,19.820619523466696,0.7674234509468079,0.6268627643585205,0.0189891960471868,0.0331385843455791,0.0,
1992-10-11,1.0,7440,0.5994455077396936,0.2802437543869018,4.915404319763184,0.0124129867181181,1.391320824623108,1.3379377431906585,
1992-10-18,2.0,7100,5.035305928968002,18.292530059814453,38.19232940673828,13.648733139038086,17.045913696289062,27.54046692607004,
1992-10-20,3.0,12400,39.8001739646862,41.03825378417969,79.6592788696289,38.68950271606445,51.520111083984375,44.1410505836576,
1992-10-22,3.0,12400,47.94556210578969,31.026071548461918,46.75006866455078,26.72609519958496,36.81889343261719,25.25719844357977,
1992-11-04,1.0,13500,37.60712812924388,29.938695907592773,30.118030548095703,28.722434997558597,30.13861083984375,30.931322957198446,
1992-11-07,2.0,19900,36.32857167404381,34.9704704284668,37.93265914916992,36.28264236450195,29.13351058959961,54.97354085603111,
1992-11-13,0.0,16000,26.28565970447736,10.395845413208008,27.630285263061523,23.61492919921875,21.049715042114254,24.862840466926052,
1992-11-21,1.0,14200,37.77747033670345,50.79716873168945,67.5107650756836,66.5823745727539,58.14493179321289,81.70233463035021,
1992-11-27,2.0,14400,13.09537093232392,16.201499938964844,39.31998825073242,19.59404563903809,32.360191345214844,24.25466926070041,
1992-11-30,1.0,15900,49.21008039592101,36.09869003295898,31.46848487854004,38.89931488037109,40.19501876831055,47.08307392996109,
1992-12-07,0.0,11600,0.8015506692637153,5.913017272949219,4.537625789642334,4.041747093200684,5.474470615386963,10.83774319066148,
1992-12-13,1.0,10800,29.144462771386745,22.42638397216797,17.738061904907227,12.67938232421875,19.450523376464844,13.370817120622563,
1992-12-22,0.0,9120,75.13967498128318,48.66943740844727,66.77824401855469,63.37194061279297,80.02875518798828,71.87568093385215,
1993-01-19,1.0,6820,0.4191414917234677,13.64622688293457,12.575028419494627,15.154095649719238,20.29480743408203,34.530544747081706,
1993-01-25,2.0,23300,88.46371512358317,78.2716064453125,87.96646118164062,96.78092193603516,105.08177947998048,111.92607003891044,
1993-01-26,1.0,27600,105.80618934034162,79.34956359863281,117.04647827148438,107.34893035888672,122.46371459960938,102.69922178988318,
1993-02-06,1.0,12500,0.1953652014625997,0.00079720641952,2.388258695602417,0.068775936961174,0.4724905490875244,0.0,
1993-02-22,0.0,11300,8.223902478245181,5.823511123657227,14.452399253845217,10.348624229431152,6.074011325836182,8.773540856031131,
1993-03-04,2.0,6420,14.204793509188503,24.025856018066406,44.27605056762695,43.56613159179688,52.816871643066406,39.0001945525292,
1993-03-15,0.0,11300,37.93877251322531,32.676063537597656,48.0797119140625,28.75303649902344,33.88179016113281,44.97801556420232,
1993-03-23,4.0,27200,74.11886999210482,56.179473876953125,79.49649047851562,68.40314483642578,83.10460662841797,74.44416342412453,
1993-04-01,0.0,11800,5.051520082258207,6.029941558837891,15.236286163330078,10.273630142211914,13.682344436645508,8.119260700389102,
1993-04-08,1.0,9380,17.283045893385214,25.99403381347656,33.40196990966797,23.731483459472656,33.46173858642578,38.51789883268482,
1993-04-19,0.0,9580,12.623755253922642,9.995746612548828,20.90874290466309,14.612439155578612,18.97244453430176,13.400194552529188,
1993-04-25,1.0,12200,17.168313572969666,19.496150970458984,39.89923858642578,32.53669738769531,36.48565673828125,32.558171206225694,
1993-05-02,0.0,19800,41.541445474209794,36.239776611328125,34.3944091796875,21.891084671020508,18.31547164916992,40.81750972762647,
1993-05-10,2.0,15400,23.723262000722137,17.991073608398438,14.841489791870115,8.39561939239502,16.7713623046875,15.749610894941643,
1993-05-21,2.0,28200,14.610453161425234,27.854284286499023,22.99191665649414,18.19967460632324,25.115272521972656,23.02665369649805,
1993-05-30,1.0,23100,23.5740249005474,22.30625915527344,13.588094711303713,30.223285675048828,24.873268127441406,21.27782101167316,
1993-06-09,1.0,16900,10.97351815498988,24.983274459838867,27.44848251342773,29.23532485961914,42.74028015136719,38.2556420233463,
1993-07-21,0.0,20500,41.30491778614261,43.11073303222656,39.87152862548828,49.97147750854492,15.054369926452637,45.11381322957197,
1993-08-23,2.0,7350,13.811650101715577,17.998554229736328,18.854568481445312,9.010502815246582,26.93518829345703,22.94513618677044,
1993-10-15,0.0,6680,25.443801176343843,19.131685256958008,20.72369384765625,17.738895416259766,16.242050170898438,26.76361867704281,
1993-10-24,2.0,17400,67.32361958847457,48.29429244995117,115.13890075683594,57.26041412353516,74.46491241455078,64.71828793774317,
1993-10-29,2.0,8960,9.532162527303544,10.76365566253662,4.078601360321045,9.83546543121338,4.343549728393555,7.317898832684822,
1993-11-03,2.0,8790,27.92460613627117,22.91931533813477,22.92832946777344,14.964642524719238,32.005577087402344,30.36789883268484,
1993-11-14,0.0,8370,1.413009557261775,7.022784233093262,0.1441041529178619,0.0608285889029502,0.246570274233818,5.005642023346303,
1993-11-21,1.0,7890,40.7542886382479,36.89405822753906,34.284664154052734,41.05484008789063,56.05508804321289,47.57645914396888,
1993-12-02,2.0,18600,69.54370938386789,55.57565307617188,64.43389892578125,54.84006881713867,54.0489501953125,70.55389105058366,
1993-12-10,3.0,26800,96.67090832182014,91.5962371826172,106.22171783447266,81.1815414428711,100.61693572998048,113.80642023346306,
1993-12-12,2.0,26400,106.69688537654184,62.26096725463867,89.77598571777344,61.7155647277832,75.83157348632812,64.30252918287938,
1993-12-20,0.0,12500,0.2975009562951614,0.0,0.0071107572875916,0.0007753562531434,0.0268690139055252,0.2651750972762642,
1994-01-01,1.0,11800,50.93068070709705,,,64.84751892089844,81.79467010498047,,
1994-01-04,1.0,19400,47.012982858622486,57.15243148803711,91.2467803955078,82.91668701171875,74.09800720214844,76.04844357976657,
1994-01-13,0.0,19300,39.16785659286305,28.0872745513916,53.33288192749024,28.19387435913086,47.58317947387695,31.20856031128405,
1994-01-22,1.0,15600,14.488583168212546,18.591217041015625,34.11985778808594,20.229198455810547,25.06425094604492,25.51206225680934,
1994-02-10,0.0,9220,19.753732325915863,21.62642288208008,20.544113159179688,19.364681243896484,24.550525665283203,18.72451361867705,
1994-02-16,1.0,14300,67.70875341376828,55.5947265625,76.53392028808594,85.27505493164062,104.51596069335938,65.80408560311282,
1994-03-02,3.0,35200,89.44287568638475,70.68228912353516,167.7139892578125,91.73898315429688,96.81890106201172,76.78210116731519,
1994-03-19,0.0,19400,67.58590060210365,43.05918502807617,76.81522369384766,64.81975555419922,66.46337127685547,77.9498054474709,
1994-06-13,1.0,16900,18.26476865166301,26.75772857666016,30.57955741882324,17.159610748291016,33.09628677368164,36.04007782101169,
1994-06-20,0.0,12800,19.569174029000276,6.362191677093506,17.932514190673828,20.829906463623047,22.129230499267575,21.1363813229572,
1994-07-01,1.0,14800,3.180181638524872,16.7929744720459,21.64772224426269,14.915685653686523,12.49794864654541,23.58385214007784,
1994-07-07,0.0,14900,6.316703641646939,0.4284082651138305,2.030770063400269,3.227329730987549,3.609440088272095,1.6953307392996104,
1994-07-18,1.0,13000,0.0727648186500951,0.1415193229913711,0.0754460468888282,0.3333400189876556,1.4567152261734009,0.3406614785992218,
1994-08-10,0.0,9630,12.523806864986271,6.842139720916748,18.77956199645996,5.64608097076416,9.580291748046877,7.55,
1994-09-08,1.0,7840,1.0291567880410548,8.019885063171387,4.244548320770264,11.276602745056152,7.561923980712891,12.826653696498052,
1994-09-15,1.0,11000,21.452581260812533,22.28197479248047,13.005488395690918,18.785104751586918,29.66831970214844,33.51459143968872,
1994-09-24,0.0,7180,0.0381089865869306,0.0,0.0,0.0,0.0,0.0147859922178988,
1994-10-01,1.0,7610,6.818973232834176,13.498330116271973,7.22116231918335,3.716230630874634,11.993648529052734,6.898638132295725,
1994-10-14,0.0,5160,20.368317381326147,26.10885238647461,27.988677978515625,26.935457229614254,19.991680145263672,36.19649805447469,
1994-10-21,1.0,11000,57.06183370290281,43.95899963378906,59.56672668457031,51.693580627441406,49.78894805908203,56.10817120622564,
1994-10-25,2.0,6670,6.482110892153162,16.94573974609375,1.67879056930542,8.227364540100098,5.933619022369385,22.688326848249048,
1994-10-27,3.0,26000,86.1788528632236,86.12501525878906,89.55996704101562,74.09951782226562,62.88639068603516,117.55603112840468,
1994-11-01,4.0,22400,88.14573797156204,69.58878326416016,65.24955749511719,65.6078872680664,76.00204467773438,99.9667315175097,
1994-11-03,1.0,15300,60.8469158267804,29.97983169555664,29.406126022338867,26.14703941345215,23.947324752807617,28.73365758754864,
1994-11-09,1.0,11700,37.63512426809929,26.33893585205078,30.73554229736328,33.53199768066406,36.28948211669922,28.043968871595325,
1994-11-19,1.0,11200,14.571183536142062,24.91522789001465,38.01111602783203,30.21395301818848,33.111610412597656,41.322373540856,
1994-11-23,1.0,10400,20.43606500896264,20.44687843322754,14.094926834106444,14.83467960357666,19.15339088439941,16.699999999999996,
1994-12-01,3.0,37300,145.78929615567793,114.22136688232422,152.2924346923828,123.9101791381836,131.2063446044922,155.7599221789883,
1994-12-09,0.0,12200,36.267722696379096,28.255321502685547,38.47687911987305,39.86474990844727,48.289546966552734,31.63696498054476,
1994-12-20,3.0,43900,129.2550268079765,88.04932403564453,156.05111694335938,137.97207641601562,142.64105224609375,128.4947470817121,
1994-12-28,1.0,55700,119.83818538763327,79.49284362792969,97.84361267089844,136.87112426757812,128.6517791748047,110.59591439688712,
1995-01-09,2.0,14100,17.33790056798589,22.01990127563477,47.12125778198242,37.27983474731445,29.58159446716309,41.10505836575879,
1995-01-10,1.0,16200,27.97206118809732,31.012596130371094,67.2039794921875,45.35436248779297,35.255863189697266,43.609338521400815,
1995-01-18,1.0,19600,31.311944575837845,38.942264556884766,59.47274017333984,49.20018768310547,49.09883880615234,41.51848249027238,
1995-01-29,3.0,16300,32.583288696434494,39.145729064941406,35.96100234985352,50.24234390258789,66.44393157958984,63.373929961089445,
1995-02-01,2.0,52800,101.21241292488509,84.54806518554688,102.19586181640624,76.83512878417969,85.51741027832031,92.55214007782092,
1995-02-03,1.0,32100,58.588804931271234,33.31558990478516,59.93242645263672,32.023834228515625,52.324012756347656,31.91750972762644,
1995-02-17,2.0,19000,68.02896556942002,64.03421783447266,114.8220672607422,97.46995544433594,100.28599548339844,129.77315175097272,
1995-02-20,4.0,53500,146.72852972679794,115.43572235107422,164.28378295898438,120.44149780273438,130.10569763183594,132.85486381322966,
1995-02-26,0.0,24600,12.123340336408914,8.837557792663574,27.4489688873291,7.630730628967285,9.50446319580078,9.935797665369636,
1995-03-10,2.0,22400,58.77024087871747,53.89384841918945,99.92388153076172,83.93956756591797,82.21268463134766,62.79747081712061,
1995-03-14,1.0,23600,39.52708798681117,29.662670135498047,43.99467086791992,46.85150146484375,41.82360076904297,36.397665369649786,
1995-03-20,1.0,22900,34.52447609406812,33.45208740234375,44.47029113769531,42.3768196105957,38.00192642211914,43.0544747081712,
1995-04-15,0.0,10800,30.114263848682068,17.382551193237305,16.012977600097656,29.98542022705078,24.442955017089844,21.4566147859922,
1995-07-03,2.0,19900,8.372260049359435,13.476093292236328,2.5514333248138428,2.2558863162994385,4.026400089263916,6.228015564202334,
1995-07-10,0.0,16600,14.551217966122254,14.051260948181152,14.673824310302734,4.699656963348389,17.20807647705078,19.42042801556421,
1995-07-26,2.0,11300,22.271422565703453,33.2589111328125,30.31018829345703,22.82745933532715,20.151397705078125,35.82373540856034,
1995-08-07,2.0,12800,26.484998068558788,39.09469223022461,26.010822296142575,39.525177001953125,36.80368041992188,62.13365758754864,
1995-08-14,1.0,10600,5.071422557307792,6.097115516662598,3.5078165531158447,1.5195602178573608,5.047545433044434,4.182684824902721,
1995-08-20,0.0,10600,21.340001900603124,6.891362190246582,1.0869176387786863,1.6040211915969849,2.383742094039917,8.951167315175098,
1995-10-01,1.0,11800,27.06276865659663,29.73764038085937,13.475471496582031,16.735403060913086,12.830699920654297,27.923346303501948,
1995-10-10,2.0,19100,59.38788904726526,75.10134887695312,53.851654052734375,78.86709594726562,77.35713958740234,115.19221789883268,
1995-10-13,2.0,20800,71.43740726822905,24.52498435974121,30.797531127929688,27.066408157348636,25.1766300201416,28.98599221789881,
1995-10-17,1.0,26300,41.54282408670089,50.43618774414063,54.25894927978516,57.00796508789063,59.63833999633789,75.21050583657589,
1995-10-20,1.0,18400,31.15748765930332,15.319295883178713,11.252599716186523,7.354148387908935,12.579056739807127,16.59357976653697,
1995-10-26,2.0,19200,41.31064237285931,38.32789611816406,40.39468765258789,40.005985260009766,48.06326675415039,57.04260700389104,
1995-11-01,0.0,13200,0.0682351811930099,0.0,0.0,0.0,0.0,0.0103112840466926,
1995-11-08,3.0,48400,166.81465967253106,141.6649627685547,145.27862548828125,164.78404235839844,138.1676025390625,199.77140077821008,
1995-11-10,2.0,48800,196.6907132581521,83.60777282714844,112.7191390991211,125.02243041992188,107.07772064208984,104.60214007782102,
1995-11-15,1.0,48600,38.85838049101282,40.44165802001953,59.62977981567383,27.971813201904297,52.309669494628906,52.09105058365761,
1995-11-16,4.0,47700,51.64567113011972,24.630905151367188,42.56881332397461,20.316877365112305,36.77564239501953,26.63365758754865,
1995-11-23,3.0,36100,29.284359426544817,52.38561248779297,53.594486236572266,79.87347412109375,71.44315338134766,82.71614785992219,
1995-11-30,4.0,132000,219.8420936464124,143.2122039794922,206.4561309814453,188.7967834472656,210.6605682373047,157.5675097276264,
1995-12-10,3.0,27600,33.3758183604896,53.653419494628906,108.42890167236328,57.15641784667969,76.77615356445312,75.62626459143965,
1995-12-11,1.0,42100,66.19590441705384,68.95109558105469,150.45802307128906,93.22096252441406,120.71627807617188,103.24455252918284,
1995-12-13,2.0,51000,91.8494416217731,58.9195556640625,113.16734313964844,100.80780029296876,111.47310638427734,92.41264591439688,
1995-12-14,1.0,48400,75.42546073166407,60.317848205566406,98.7616729736328,91.11119842529295,93.38258361816406,78.47023346303502,
1995-12-17,1.0,27100,33.670682614130975,16.327678680419922,28.08050537109375,22.8892765045166,27.7658748626709,11.082101167315168,
1995-12-24,0.0,17800,0.9981892926660304,0.0,0.0001797191944206,6.044584006303921e-05,0.0066042528487741,0.0,
1996-01-03,1.0,26700,50.73507456151487,55.94031524658203,96.68741607666016,35.23551177978516,48.98988723754883,100.31264591439688,
1996-01-05,3.0,21700,56.95227532222668,31.946365356445312,51.232906341552734,32.112762451171875,32.56978225708008,46.30038910505839,
1996-01-10,1.0,24400,39.71931362315749,27.57390785217285,18.514657974243164,15.409782409667969,20.48782730102539,18.35544747081711,
1996-01-15,3.0,30200,72.30951242730907,77.21958923339844,124.84129333496094,111.82759857177734,97.2436065673828,104.1885214007782,
1996-01-23,0.0,19600,32.759451248164844,38.57525634765625,28.80756187438965,40.516021728515625,36.98651123046875,29.67412451361869,
1996-02-08,2.0,46400,137.1851165618313,132.06982421875,131.2462921142578,140.44000244140625,154.14938354492188,165.39182879377432,
1996-02-18,1.0,27300,32.9920268030205,37.794803619384766,48.39863204956055,37.97737503051758,32.739479064941406,51.15525291828792,
1996-02-24,0.0,19600,37.45450097584588,27.997255325317383,31.619245529174805,32.93411636352539,46.77227783203125,37.81517509727629,
1996-03-10,1.0,18500,26.446405328595635,22.78972816467285,25.696754455566406,35.34172821044922,33.8456916809082,25.70856031128405,
1996-03-30,0.0,10800,14.9122256371206,14.04117488861084,5.42866325378418,9.42016315460205,10.86943244934082,19.610116731517515,
1996-04-07,3.0,15100,21.621638650016727,26.190593719482425,17.04195213317871,10.119035720825195,33.11376190185547,24.429766536964973,
1996-04-14,2.0,13600,13.105130020169325,3.862102508544922,17.650880813598633,16.608291625976562,15.475130081176758,4.88365758754864,
1996-04-17,1.0,14000,18.436588917381886,19.307453155517575,25.927967071533203,25.8699951171875,24.03221321105957,25.559143968871588,
1996-04-24,2.0,32000,81.85636518489375,78.87911224365234,116.20018005371094,94.95840454101562,91.9177703857422,100.51770428015573,
1996-04-25,1.0,26700,93.77406308573472,72.31718444824219,118.51759338378906,105.05337524414062,105.9465789794922,95.69260700389113,
1996-07-20,0.0,18600,43.344984675114745,21.676666259765625,31.463041305541992,35.51356887817383,23.44115447998047,28.511867704280164,
1996-08-30,2.0,9640,0.4897629062143861,11.175798416137695,1.2458691596984863,3.0379581451416016,5.745591163635254,10.906614785992216,
1996-09-16,0.0,10600,37.63086419123765,30.25889015197754,46.08440017700195,48.87940979003906,38.1641960144043,42.01789883268485,
1996-10-04,4.0,9250,6.790453138210531,38.03314971923828,27.05516242980957,17.836572647094727,26.47244644165039,43.025680933852165,
1996-10-11,1.0,10200,8.778022958255768,14.41579246520996,11.831463813781738,5.969880104064941,8.38636302947998,16.106225680933846,
1996-10-14,1.0,17800,48.80045893896606,50.58090972900391,55.00690460205078,66.46452331542969,64.96907806396484,80.71926070038913,
1996-10-18,2.0,16100,57.0693134782766,44.26343536376953,51.94474029541016,56.59994125366211,53.333274841308594,57.10583657587551,
1996-10-24,1.0,21000,68.9199617733862,36.08650970458984,57.37599182128906,64.07299041748047,60.06607055664063,57.20350194552529,
1996-10-28,2.0,16000,18.244864248001303,34.684593200683594,39.83699798583984,35.62553024291992,50.033790588378906,46.353891050583634,
1996-11-08,2.0,19100,64.20704775968883,44.942970275878906,92.17942810058594,60.89283752441406,76.99102783203125,68.86128404669262,
1996-11-13,2.0,25500,20.652577451642166,26.53683090209961,28.35775184631348,26.03375244140625,34.096656799316406,34.706225680933834,
1996-11-19,0.0,16400,30.067766742300005,31.4603271484375,30.87823867797852,23.863082885742188,24.46189308166504,26.049805447470817,
1996-11-30,1.0,23000,81.99703439847917,39.00228118896485,68.6206283569336,55.324012756347656,53.57646179199219,50.537548638132265,
1996-12-04,1.0,19300,36.665971358461405,52.322242736816406,60.342262268066406,73.69277954101562,63.64371109008789,60.913424124513625,
1996-12-10,1.0,17300,53.3294397906808,30.67734146118164,30.37391471862793,35.673179626464844,40.50713348388672,39.67723735408561,
1996-12-16,1.0,14400,30.40847994013241,10.060752868652344,22.94569969177246,18.198633193969727,20.92650604248047,11.150972762645916,
1996-12-22,0.0,12700,53.69464435130642,29.029949188232425,60.00624847412109,40.83014678955078,42.697509765625,31.113813229572,
1996-12-30,3.0,14200,93.97340917380092,100.17935943603516,109.70184326171876,101.24916076660156,105.28395080566406,122.5511673151752,
1997-01-01,4.0,38300,137.63725630867776,,,124.90237426757812,139.00521850585938,,
1997-01-07,1.0,23400,58.05754113483134,60.19310760498047,51.82490539550781,64.5727767944336,66.48043060302734,78.6737354085603,
1997-01-17,2.0,19700,23.41144742483289,43.08969497680664,50.52996826171875,48.77228927612305,46.526981353759766,71.47859922178992,
1997-01-20,3.0,47600,126.68140732854548,71.7983627319336,100.52468872070312,77.24579620361328,102.29405212402344,95.84396887159537,
1997-01-28,1.0,20000,19.50799429736632,20.69775390625,39.98412704467773,16.662967681884766,21.23555564880371,32.22684824902724,
1997-01-30,4.0,30300,79.90170361526154,71.48770141601562,122.88704681396484,77.17900085449219,106.5805206298828,103.274513618677,
1997-02-20,0.0,26200,71.49575912952423,52.0781135559082,63.568973541259766,62.77983474731445,63.78102493286133,68.0490272373541,
1997-03-20,4.0,73800,174.4535870009581,128.30746459960938,150.83644104003906,173.7827911376953,168.042236328125,160.8529182879378,
1997-03-28,0.0,21600,39.98979543636679,25.69859504699707,54.715518951416016,36.78238677978516,49.38585662841797,34.44844357976654,
1997-04-16,2.0,20600,36.66189097759828,26.46864891052246,45.36534118652344,31.186397552490234,56.00650024414063,33.75175097276264,
1997-04-22,0.0,25800,60.35789676962343,25.71756172180176,38.52301025390625,44.77846145629883,31.477785110473636,40.44805447470817,
1997-05-06,1.0,23900,26.06320264697187,22.75283432006836,48.97037506103516,31.854103088378903,48.71743392944336,26.24688715953308,
1997-05-24,0.0,24200,6.258311666020265,8.708977699279785,11.821624755859377,4.704205513000488,7.000903129577637,8.590661478599221,
1997-05-31,2.0,40300,30.55656594805861,41.77587127685547,26.99714469909668,36.309364318847656,42.76647186279297,53.22723735408559,
1997-06-06,0.0,32700,20.45573805426657,8.295639991760254,8.708187103271484,7.996755123138428,8.02660083770752,11.3704280155642,
1997-06-17,2.0,42700,9.80305735848089,30.220928192138672,28.88258934020996,9.29012680053711,22.35797119140625,35.84027237354086,
1997-06-24,0.0,33700,32.187380484766535,15.72896957397461,37.66435623168945,46.96218490600586,55.30979537963867,22.02101167315176,
1997-07-09,2.0,62200,71.14888911150364,61.08953475952149,56.03010559082031,52.05020523071289,49.490699768066406,65.10856031128405,
1997-08-07,0.0,16900,2.437474185411674,2.572488307952881,0.0930765569210052,0.0412628203630447,0.1397189348936081,3.292607003891051,
1997-08-27,4.0,11400,20.60855253999113,21.437480926513672,32.80324172973633,21.079797744750977,16.859914779663086,18.55272373540856,
1997-09-04,0.0,9460,6.376952194022665,5.955190658569336,1.0729643106460571,0.0016134281177073,0.3530131876468658,5.95,
1997-09-15,2.0,9630,38.16208797405486,35.391693115234375,29.030502319335938,28.79063415527344,26.25658798217773,39.31108949416343,
1997-09-17,1.0,20300,80.77235764662854,71.72502136230469,82.73208618164062,91.26603698730467,84.46298217773438,95.52762645914392,
1997-09-28,3.0,22200,69.41398088802116,49.75740051269531,58.82318878173828,73.46043395996094,74.06940460205078,68.24299610894934,
1997-10-02,4.0,19400,37.0803957853193,49.34041595458984,74.7421875,39.66121673583984,73.33837890625,53.99163424124512,
1997-10-04,1.0,35600,84.79504392662194,81.47932434082031,79.3720474243164,96.8896026611328,107.46247100830078,105.55525291828796,
1997-10-10,1.0,19900,20.78503822071084,29.37032699584961,24.285144805908203,33.795166015625,38.795692443847656,28.3760700389105,
1997-10-15,2.0,16000,12.324078405340048,6.680546283721924,20.276803970336918,4.94683313369751,12.888812065124512,5.757587548638131,
1997-10-22,0.0,11900,0.5543154873422224,2.9533190727233887,2.042965173721313,1.645105004310608,3.7456321716308594,2.8842412451361854,
1997-10-28,1.0,14200,20.38602102956005,37.41948699951172,19.035280227661133,24.838565826416016,25.610898971557617,48.91575875486379,
1997-10-31,3.0,46500,141.05090245234123,106.94790649414062,118.97330474853516,146.29519653320312,152.9570770263672,154.12140077821007,
1997-11-03,1.0,24500,32.686608043547594,24.462684631347656,30.336505889892575,30.16352844238281,26.532760620117188,39.8058365758755,
1997-11-06,1.0,27300,34.59928488232223,15.398484230041504,40.16183471679688,8.569650650024414,18.66659164428711,15.3784046692607,
1997-11-16,0.0,17100,0.0193862332548433,2.929638385772705,0.0057194251567125,0.0291635505855083,0.0564204640686512,3.222568093385213,
1997-11-22,2.0,16800,45.91595799152973,31.345870971679688,42.154335021972656,38.255821228027344,39.40956115722656,38.14241245136186,
1997-11-28,2.0,15800,17.619885269155144,25.592981338500977,70.02252197265625,42.9056396484375,58.32090377807617,40.79007782101166,
1997-11-29,1.0,21700,34.338286786610624,34.39716339111328,84.02140045166016,50.049110412597656,75.0827407836914,51.70856031128403,
1997-12-07,0.0,12600,0.0673193115359047,5.331728935241699,0.2689932584762573,0.1622748225927353,0.4720957279205322,3.214007782101166,
1997-12-13,1.0,10700,0.7631300182660942,0.0,0.0470637828111648,0.0026033639442175,0.074668101966381,3.868677042801555,
1997-12-16,2.0,15900,46.46631359162716,80.41574096679688,92.62225341796876,93.73745727539062,110.23822021484376,102.18852140077814,
1997-12-19,2.0,20800,85.74907072478314,34.32110595703125,37.12258529663086,49.76699447631836,42.25446319580078,44.25486381322957,
1997-12-29,3.0,24800,79.076108946627,56.24478530883789,96.57546997070312,62.24851989746094,83.57560729980469,70.53073929961093,
1998-01-07,0.0,19600,61.8639540745241,55.55817413330078,52.64201354980469,56.7608757019043,77.45025634765625,58.24922178988329,
1998-01-14,1.0,18000,48.88985659717872,76.06413269042969,88.5827865600586,90.94467163085938,80.22267150878906,88.25817120622571,
1998-01-18,1.0,22800,48.28803633982547,39.067481994628906,56.427032470703125,39.28780746459961,29.57866096496582,49.29046692607003,
1998-01-24,3.0,24300,61.000068832765805,53.47199249267578,124.392822265625,82.12815856933594,100.55410766601562,70.03910505836575,
1998-01-25,1.0,24700,69.09157936032827,54.30008316040039,129.1401824951172,83.36721801757812,107.75623321533205,71.62782101167315,
1998-01-28,2.0,18000,19.00397704722138,9.829341888427734,37.4018440246582,21.85110282897949,16.7844295501709,19.557976653696493,
1998-02-06,1.0,14200,8.907760990233326,9.494373321533203,10.56537628173828,7.716067314147949,16.367725372314453,9.710700389105057,
1998-02-13,2.0,18100,47.90982415639648,42.46863555908203,55.57518768310547,60.367767333984375,71.89048767089844,44.588132295719845,
1998-02-19,2.0,12900,14.029611866401437,16.321775436401367,37.113990783691406,30.9879093170166,37.7275390625,20.963424124513622,
1998-03-03,0.0,14900,49.07627154946555,28.397071838378903,24.29368782043457,32.746551513671875,27.30374336242676,34.831517509727625,
1998-03-11,1.0,12300,30.524149124754548,16.698381423950195,44.92838287353516,32.44450759887695,40.34273147583008,16.850194552529175,
1998-03-24,1.0,21000,54.01188338908365,45.611793518066406,50.96915817260742,41.73766326904297,32.31752014160156,57.28190661478598,
1998-05-27,0.0,15800,48.75070743989306,49.02458953857422,63.741661071777344,78.01153564453125,49.95781326293945,66.08287937743191,
1998-06-15,1.0,17200,5.56776481896597,13.1638765335083,21.00427627563477,8.290362358093262,11.34370231628418,13.2466926070039,
1998-06-27,0.0,16500,18.86140915538437,10.725457191467283,12.440131187438965,12.550371170043944,21.1688289642334,9.686964980544754,
1998-07-16,3.0,14900,16.461980908938386,10.860838890075684,6.008217811584473,9.52610683441162,11.05380916595459,10.216147859922184,
1998-10-04,0.0,6160,22.65293880604763,18.708311080932617,25.752275466918945,27.288803100585938,24.56705665588379,24.531906614786003,
1998-10-13,2.0,5900,27.13073615344748,38.406036376953125,39.09168243408203,30.962602615356445,32.76306915283203,47.82626459143965,
1998-10-19,0.0,7730,18.14725239114635,10.405624389648438,22.37801551818848,19.699604034423828,21.4829044342041,17.353307392996104,
1998-11-15,4.0,33900,149.4906445041897,109.284423828125,185.24008178710935,144.22178649902344,178.44210815429688,150.41964980544742,
1998-11-21,2.0,35500,102.11311872447637,95.45201873779295,131.63282775878906,120.10993957519533,109.0339584350586,116.69241245136196,
1998-11-23,2.0,24000,106.8071243612534,57.2486572265625,96.00487518310548,81.575927734375,69.1172866821289,72.21692607003888,
1998-11-26,3.0,41500,124.8144147573876,97.09683227539062,133.6228790283203,142.8437042236328,147.8061065673828,123.06459143968864,
1998-12-02,1.0,19500,64.69936131838404,73.41384887695312,103.73838806152344,79.85635375976562,78.73081970214844,89.15311284046703,
1998-12-13,3.0,43600,105.23028299480278,91.2429428100586,106.97813415527344,116.8303451538086,134.91021728515625,111.31478599221796,
1998-12-15,1.0,31200,89.5609160041295,48.94156265258789,76.69083404541016,82.36967468261719,88.6805648803711,55.11945525291833,
1998-12-27,2.0,16500,86.1878871675545,101.95270538330078,86.62077331542969,102.34510040283205,91.0755386352539,128.0854085603113,
1998-12-30,3.0,46200,140.8912580797367,80.24247741699219,95.735595703125,88.9009780883789,96.091552734375,89.74143968871603,
1999-01-11,1.0,27100,55.10545886087144,43.46769714355469,105.27357482910156,31.721410751342773,78.95787048339844,41.61245136186769,
1999-01-13,3.0,18800,48.2470305690606,42.48127746582031,75.36360168457031,16.42978858947754,36.20857238769531,23.50077821011673,
1999-01-17,1.0,26900,78.33634031183632,54.77641296386719,42.89165496826172,41.927433013916016,49.487701416015625,61.30544747081712,
1999-01-29,2.0,20600,84.71590613238344,92.202392578125,96.26603698730467,103.5025634765625,105.7051010131836,107.50700389105052,
1999-02-01,2.0,18900,59.69623707249106,55.525367736816406,43.54926300048828,43.432861328125,61.95717239379883,47.39105058365759,
1999-02-05,1.0,21100,69.14842644886578,55.1982650756836,58.32779312133789,50.94953155517578,63.7747802734375,60.56264591439693,
1999-02-12,1.0,16300,9.780072650204842,11.325679779052734,18.56270217895508,8.017790794372559,11.90812873840332,6.2354085603112805,
1999-02-16,1.0,14700,12.460403427741417,19.09485626220703,26.09542655944824,21.76876640319824,22.733991622924805,25.063618677042825,
1999-02-24,1.0,18900,88.59980310764641,98.21565246582033,119.42486572265624,129.05447387695312,109.96247863769533,112.61887159533072,
1999-03-02,1.0,22000,56.26879930245489,48.89499282836914,42.90467834472656,48.87191390991211,45.626895904541016,41.2270428015564,
1999-03-13,2.0,15400,29.711250470568565,36.49481201171875,56.26422882080078,35.43537902832031,40.135528564453125,38.58093385214008,
1999-03-27,0.0,17400,41.81638048027944,35.976226806640625,55.694862365722656,44.441162109375,50.8580322265625,36.74669260700389,
1999-05-31,2.0,26100,3.601826006927693,11.66999340057373,3.747631311416626,4.11093807220459,4.745132923126221,14.749610894941627,
1999-06-05,1.0,27100,11.449762887702263,18.093002319335938,22.01365852355957,14.478819847106934,19.39055061340332,25.587159533073947,
1999-06-12,1.0,22500,0.4139254300080037,0.1840228736400604,1.4910361766815186,0.7330167889595032,0.9698851108551024,2.9233463035019462,
1999-06-23,1.0,29000,12.671724668928343,13.39796257019043,10.307936668395996,6.959596157073975,12.321252822875977,5.448832684824904,
1999-08-16,0.0,20800,25.77017400696888,20.239273071289062,12.182750701904297,18.57163619995117,12.561567306518556,16.526848249027235,
1999-08-25,3.0,14800,0.687043976955326,2.464028596878052,2.5203747749328613,2.9886245727539062,5.609505653381348,2.021011673151752,
1999-09-05,1.0,9220,4.267424473450626,16.784381866455078,6.664557456970215,6.066985607147217,8.322288513183594,14.757392996108935,
1999-09-11,0.0,10200,0.0639311663001102,0.0,4.569381417240948e-05,0.000276520528132,0.0163154210895299,0.0356031128404669,
1999-09-25,1.0,8790,9.173665396460729,22.197614669799805,16.34328269958496,15.72841739654541,28.56544685363769,18.71653696498053,
1999-10-01,0.0,8520,1.6407208418810606,0.0,0.1710559427738189,0.1716590970754623,0.6673128604888916,1.7330739299610902,
1999-10-08,2.0,19000,62.18458125024547,77.81310272216797,35.90282440185547,68.98101043701172,72.59136199951172,104.08346303501946,
1999-10-13,2.0,13700,23.48692349734828,26.01165008544922,19.112138748168945,15.471914291381836,23.29474258422852,27.81322957198445,
1999-10-25,1.0,10800,16.656019109396315,17.354887008666992,14.809090614318848,13.11922836303711,14.267932891845703,23.143385214007797,
1999-10-31,2.0,26300,96.62744543087416,63.9870491027832,76.06301879882812,73.8675308227539,86.4246597290039,74.213813229572,
1999-11-04,1.0,15800,22.67508220064176,18.3763484954834,19.97162437438965,12.319646835327148,19.07880401611328,21.58482490272374,
1999-11-06,4.0,16300,38.1551185245777,29.979469299316406,66.60657501220703,49.34585571289063,49.38213348388672,42.34377431906616,
1999-11-10,2.0,24800,52.72052964034097,56.792930603027344,66.26983642578125,54.123329162597656,60.801177978515625,40.01692607003889,
1999-11-13,3.0,76800,134.5603595937871,123.52513122558594,72.8339614868164,124.34754180908205,104.16645050048828,153.75466926070038,
1999-11-14,1.0,74400,129.90038636628802,64.7257080078125,67.62445068359375,87.37512969970703,78.04841613769531,122.07295719844356,
1999-11-15,2.0,55900,68.30580323227672,25.154674530029297,8.407547950744629,19.996471405029297,10.908025741577148,52.87879377431906,
1999-11-20,2.0,29700,32.220088004268376,40.06563186645508,38.0700569152832,37.47404861450195,43.674224853515625,43.76595330739297,
1999-11-25,2.0,29000,58.66483173132598,60.9771728515625,64.92617797851562,71.64350128173828,62.37177658081055,64.59338521400777,
1999-11-30,2.0,22700,28.075282999374917,35.47080993652344,40.57316970825195,25.985578536987305,29.83118057250977,44.3375486381323,
1999-12-02,1.0,27900,64.19057360069246,60.12839889526367,84.13163757324219,85.32186889648438,79.78285217285156,98.26731517509728,
1999-12-08,1.0,18900,42.391751359802726,31.927492141723636,50.25934982299805,49.34441757202149,63.92391204833984,53.835603112840445,
1999-12-16,3.0,49000,117.97956023845344,84.08538818359375,110.90633392333984,115.35774993896484,105.5274429321289,107.07879377431908,
1999-12-17,1.0,37200,103.17768264603562,76.71519470214844,94.14979553222656,99.64859008789062,87.1380844116211,102.14649805447472,
1999-12-25,0.0,19100,0.1085449335571328,0.0551811568439006,0.0353841893374919,3.781562554650009e-05,0.0085601806640625,2.624902723735409,
2000-01-03,1.0,17500,58.492458880061626,56.95637512207031,41.66525268554688,45.681095123291016,54.856815338134766,53.12315175097278,
2000-01-10,0.0,17700,57.57325044827069,43.90331268310547,67.86600494384766,69.88558197021484,84.5049057006836,65.3227626459144,
2000-02-01,2.0,13600,38.51664630070962,63.26987838745117,29.50046157836914,42.51678466796875,29.969358444213867,50.63132295719845,
2000-02-07,1.0,12100,7.752652000312437,11.379343032836914,19.45198631286621,4.207892894744873,3.956667423248291,13.953696498054471,
2000-02-16,0.0,13000,11.210376658812113,11.27475929260254,3.245014905929565,10.407532691955566,17.33420181274414,13.85758754863813,
2000-02-22,1.0,11800,14.6021912083182,24.63217163085937,23.876937866210938,25.965227127075195,23.83635139465332,30.89844357976656,
2000-03-19,0.0,16000,56.45837286656035,41.85398483276367,81.9946060180664,55.851341247558594,63.907493591308594,40.65350194552532,
2000-04-26,2.0,15300,15.849759102166615,10.576786994934082,20.99581527709961,12.382568359375,17.17522430419922,7.189105058365764,
2000-04-30,1.0,14400,15.018359464781987,9.940686225891112,18.060779571533203,19.119457244873047,16.684188842773438,15.480933852140076,
2000-05-12,0.0,16100,33.43167305025263,17.64984893798828,45.592567443847656,39.27009582519531,23.19981575012207,23.548249027237347,
2000-05-21,2.0,19600,16.94444169434425,14.027711868286133,29.35606002807617,13.605389595031738,16.30023956298828,21.30642023346304,
2000-05-29,0.0,21600,26.658552618259225,21.245710372924805,34.85751724243164,34.73579788208008,32.55498504638672,32.35836575875487,
2000-06-12,2.0,27100,45.92003256432983,55.0108642578125,82.24530792236328,79.49134826660156,68.77947998046875,65.93229571984439,
2000-06-13,3.0,36500,62.86100004781501,55.588134765625,78.2244873046875,69.51248168945312,64.98091888427734,60.33268482490274,
2000-07-05,0.0,19500,17.277915854111626,10.434646606445312,5.781889915466309,4.197381496429443,18.106895446777344,11.711673151750976,
2000-07-28,3.0,15000,1.83605544716004,7.848855018615723,3.1205286979675293,2.7593801021575928,4.665038108825684,7.358171206225681,
2000-08-20,0.0,11100,33.22973614934824,25.824188232421875,19.499080657958984,22.16767883300781,13.32387351989746,31.59824902723736,
2000-08-28,1.0,9590,3.4179407271303246,1.0267267227172852,1.4585533142089844,0.9017056822776794,2.09154748916626,3.147665369649808,
2000-09-10,2.0,14000,48.733470406860505,44.64938354492188,34.486297607421875,42.75328063964844,50.11262512207031,41.38929961089494,
2000-09-14,1.0,10600,0.3408910136847501,0.0,0.2340824753046035,0.0001296048576477,0.232994332909584,0.0212062256809338,
2000-09-19,3.0,12600,7.461973242110877,6.007566928863525,0.6372031569480896,4.813977718353272,10.99526309967041,6.242996108949416,
2000-09-20,1.0,12300,7.532835575106223,6.626535415649414,0.7345690131187439,5.708250999450684,11.76811408996582,8.167509727626458,
2000-10-01,3.0,21000,69.48836135858781,48.674293518066406,66.1550521850586,68.39335632324219,46.7972412109375,62.6941634241245,
2000-10-10,0.0,6920,7.612072661389503,7.047277450561523,14.664875984191896,9.406315803527832,5.067805290222168,9.766731517509736,
2000-10-19,3.0,14600,59.14017969107765,43.96432113647461,32.87127685546875,32.450767517089844,51.45814895629883,42.64591439688719,
2000-10-28,1.0,11400,13.655034453683331,21.120664596557617,14.398112297058104,17.544504165649414,15.194945335388184,22.04046692607004,
2000-11-04,1.0,10400,8.119992344973415,27.1685791015625,23.4014892578125,21.19746780395508,21.47638702392578,40.47782101167316,
2000-11-10,0.0,11200,16.1844741691687,11.44632053375244,3.5045361518859863,14.51744556427002,14.169580459594728,32.68463035019455,
2000-11-23,1.0,7780,1.6610611842225804,11.545686721801758,15.641357421875,7.944680213928223,12.383922576904297,15.940661478599212,
2000-11-29,0.0,9910,42.472283055066725,16.162748336791992,35.55855941772461,36.331451416015625,35.693145751953125,14.18560311284046,
2000-12-16,2.0,7940,38.57172085897464,72.97712707519531,78.0443344116211,65.59756469726562,77.70343017578125,56.931906614786,
2000-12-24,0.0,8530,28.547856597201346,22.092626571655277,26.862855911254883,24.845094680786133,33.69697952270508,21.02159533073929,
2001-01-05,3.0,15100,44.23445125767337,51.479888916015625,92.43826293945312,54.93618774414063,71.81436157226562,62.99202334630351,
2001-01-07,1.0,13200,43.81880113963184,17.7656192779541,66.3636245727539,47.44658660888672,50.5560417175293,38.30486381322958,
2001-01-22,0.0,9370,33.40013767257096,22.937477111816406,40.56363296508789,23.243446350097656,35.806541442871094,24.05525291828796,
2001-02-01,1.0,9300,47.72011087256453,30.885028839111328,36.19239044189453,28.060636520385746,40.3312873840332,23.414980544747078,
2001-03-03,0.0,5780,23.37089867035664,17.172950744628906,34.9824104309082,23.328718185424805,31.110843658447266,24.06031128404668,
2001-03-19,1.0,13400,42.451110945811074,38.05548095703125,61.95184326171875,43.65338134765625,45.37798309326172,45.81556420233465,
2001-03-25,1.0,8470,4.692466538102075,10.530773162841797,12.500357627868652,8.579795837402344,10.18309211730957,17.621595330739304,
2001-03-28,1.0,9150,35.619900570534185,26.23935317993164,31.18037796020508,34.984127044677734,33.99632263183594,31.883852140077817,
2001-04-03,0.0,8820,22.24072660159308,6.270859718322754,2.043397188186645,11.219141006469728,11.462743759155272,9.696887159533071,
2001-04-17,1.0,7350,7.46237093828802,12.160408020019531,20.108619689941406,11.568511009216309,9.030298233032228,16.699221789883264,
2001-05-01,0.0,14900,57.51038238187864,44.57521057128906,71.46543884277344,63.04155731201172,71.59326171875,48.81245136186773,
2001-05-19,1.0,12600,12.24920842949796,10.863042831420898,3.988561630249024,4.80647087097168,6.7402448654174805,10.362840466926068,
2001-06-12,0.0,19300,41.98246843203988,37.37907028198242,34.18748474121094,41.87886047363281,43.525482177734375,30.357198443579783,
2001-06-28,2.0,15700,12.641323130770122,10.1259765625,17.015993118286133,20.885034561157227,15.349191665649414,36.87529182879376,
2001-07-18,0.0,10200,11.014543011098526,5.470200061798096,5.579158782958984,14.856785774230955,11.192538261413574,4.741050583657588,
2001-08-03,2.0,9640,1.134883367314705,2.1539814472198486,5.703123569488525,2.758610248565674,4.031180381774902,3.2087548638132297,
2001-08-06,1.0,8870,6.480841295541902,2.422261953353882,3.325136661529541,2.1044764518737797,3.3688974380493164,2.9896887159533043,
2001-08-12,0.0,8170,0.0,0.0,0.5656918287277222,0.0,1.3848795890808103,0.0,
2001-08-22,2.0,11500,37.453625257157256,53.61674880981445,42.29475402832031,55.16134643554688,59.61028671264648,66.80155642023352,
2001-09-02,1.0,11000,11.12381643487517,11.730822563171388,6.799284934997559,7.087828636169434,11.657475471496582,5.5926070038910405,
2001-09-12,0.0,9230,0.025411089673909,0.0,0.000130907894345,2.370679339946946e-06,0.0023121736012399,0.0,
2001-09-22,1.0,6030,4.061357559191498,3.9837350845336914,0.6841495633125305,3.351562976837158,7.595141887664795,3.9038910505836575,
2001-09-28,0.0,8850,26.0877782589906,15.319343566894531,35.57194519042969,24.31949615478516,27.460538864135746,30.71031128404669,
2001-10-10,1.0,6510,13.971674951109245,28.816967010498047,32.668643951416016,29.673179626464844,23.1450252532959,22.940466926070044,
2001-10-13,3.0,9720,56.13825809903177,33.81441116333008,38.92462158203125,35.31105041503906,46.02278137207031,42.06964980544749,
2001-10-14,2.0,9140,40.2580306207929,30.05406188964844,25.478504180908203,40.01750183105469,44.51398086547852,41.34980544747084,
2001-10-19,2.0,10900,31.11867690730277,31.766143798828125,31.300762176513672,29.998584747314453,36.53631591796875,30.74863813229571,
2001-10-23,2.0,21500,69.85856205465858,72.9255599975586,87.62257385253906,91.80463409423828,75.63888549804688,91.05603112840464,
2001-10-25,2.0,18600,90.21371883165313,50.42720413208008,83.9109878540039,77.9640884399414,79.03538513183594,80.42412451361868,
2001-11-04,1.0,15500,12.008929232937636,12.072221755981444,13.791620254516602,9.31363010406494,12.39659309387207,10.734435797665371,
2001-11-12,2.0,9840,5.284904397207617,12.668195724487305,11.389375686645508,2.452711820602417,5.604048728942871,5.749610894941631,
2001-11-15,4.0,63800,132.4797898063696,115.5121612548828,115.55377197265624,146.95480346679688,142.7021942138672,161.73891050583651,
2001-11-21,4.0,28100,65.82508412146665,56.77616500854492,63.12587738037109,66.2929916381836,58.83136749267578,59.80058365758753,
2001-11-28,1.0,15900,22.049126191858925,35.94416809082031,33.93006896972656,34.39241409301758,31.03311920166016,32.9385214007782,
2001-12-01,1.0,17400,69.95136517821945,65.09271240234375,84.87271118164062,79.29815673828125,77.65423583984375,87.8145914396887,
2001-12-08,1.0,15500,45.68724666567195,47.76852416992188,71.22280883789062,42.629425048828125,85.48568725585938,65.24357976653695,
2001-12-14,1.0,32300,85.63461951252134,84.22611999511719,86.35694122314453,103.2043914794922,89.16049194335938,99.70758754863816,
2001-12-17,2.0,48400,117.68544751211972,96.94542694091795,130.51788330078125,111.09552001953124,138.16062927246094,106.48346303501948,
2001-12-28,1.0,12000,3.3023824058700155,6.504461288452148,13.280553817749023,7.85308313369751,10.761340141296388,6.705058365758755,
2002-01-03,2.0,12200,24.41397512757912,21.79599380493164,19.600645065307617,18.48628807067871,25.9129638671875,27.28560311284048,
2002-01-05,1.0,15800,14.264871888447876,11.996192932128906,19.507793426513672,5.374764442443848,19.92378807067871,9.296498054474707,
2002-01-08,3.0,73700,137.89297705062845,136.15374755859375,147.68292236328125,149.45797729492188,167.8602294921875,183.7692607003892,
2002-01-12,1.0,27200,8.73405160925335,30.757850646972656,90.67668914794922,25.48653984069824,34.59412384033203,33.4443579766537,
2002-01-25,1.0,26100,92.72898852893545,88.57513427734375,114.5992202758789,107.23123931884766,107.43557739257812,105.43015564202332,
2002-02-08,0.0,15300,46.05860033796576,42.6048583984375,51.13852310180664,50.54803085327149,55.90550231933594,48.84727626459141,
2002-02-22,2.0,49700,144.73970164646383,142.92864990234375,109.69287109375,124.88417053222656,142.99868774414062,185.83657587548635,
2002-03-05,0.0,18100,3.4958795367512607,7.764632225036621,8.23658561706543,5.57485818862915,6.497035503387451,6.19299610894942,
2002-03-11,1.0,14800,39.35078964699714,75.36540985107422,78.58260345458984,77.79367065429688,81.0890884399414,88.66887159533073,
2002-03-21,0.0,15600,57.51450854699425,50.81072235107422,48.00181579589844,48.88747787475586,50.226173400878906,40.51634241245136,
2002-04-14,2.0,45400,93.63690237606916,80.23538208007812,97.11634826660156,76.65496063232422,70.84386444091797,139.9791828793774,
2002-05-07,0.0,18800,22.684252399553227,17.01363182067871,25.316415786743164,30.331031799316406,24.70566749572754,26.387743190661464,
2002-05-29,1.0,37100,22.488827869895065,23.94820213317871,20.261451721191406,24.065731048583984,25.051685333251957,28.986964980544748,
2002-06-19,0.0,31000,23.66738624551937,21.80789375305176,16.741573333740234,14.104656219482422,22.153400421142575,30.9566147859922,
2002-06-26,1.0,33400,0.6555047782819565,0.0,0.0359810218214988,0.106331743299961,0.0411520190536975,0.0,
2002-06-29,3.0,51300,38.89846652425536,36.24060821533203,30.224788665771484,51.77519226074219,38.99995803833008,37.44280155642024,
2002-07-09,0.0,30200,28.3426539382437,23.30998039245605,12.191044807434082,11.395757675170898,9.184313774108888,30.778599221789875,
2002-07-17,1.0,27300,0.0962619499695606,0.0,0.0021646290551871,0.0028819744475185,0.0957249253988266,0.0027237354085603,
2002-07-30,3.0,20100,3.7235736105218,3.162050008773804,0.2527837753295898,1.5821480751037598,3.922222375869751,2.1867704280155635,
2002-08-07,0.0,12400,19.892810722751577,8.238998413085938,1.535283446311951,11.601638793945312,6.887221336364746,14.10194552529182,
2002-09-02,3.0,9370,2.886615678613265,10.952933311462402,3.27312445640564,3.951955795288086,4.805432319641113,8.547470817120614,
2002-09-09,0.0,7120,6.004780117721728,3.848208904266357,3.795866966247559,3.516702890396118,4.893296241760254,4.2970817120622575,
2002-09-19,1.0,9530,13.81939962259485,7.797734260559082,6.042901515960693,9.407791137695312,7.357879161834717,3.853891050583656,
2002-09-28,0.0,6870,0.6871816435186406,2.362208843231201,0.2045801281929016,0.8049875497817993,0.230489119887352,0.0266536964980544,
2002-10-04,2.0,5310,14.201873778521588,15.294493675231934,27.19485092163086,13.848834991455078,23.300397872924805,16.641050583657606,
2002-10-29,0.0,4790,4.58409368364233,4.160476207733154,2.349456787109375,2.3042049407958984,3.1138010025024414,6.383268482490274,
2002-11-08,4.0,5440,34.27646078027244,31.31310272216797,45.86495208740234,56.23406219482422,45.40522003173828,40.27431906614783,
2002-11-13,3.0,12700,60.36610136889135,46.17703628540039,65.52145385742188,60.43006134033203,71.10360717773438,62.53968871595333,
2002-11-15,2.0,8650,45.8171663803848,21.53026390075684,25.36681365966797,24.441259384155277,28.97430992126465,27.064980544747087,
2002-11-20,3.0,28800,85.71897897105993,43.76326751708984,75.5081558227539,80.93441772460938,74.69206237792969,62.23579766536969,
2002-12-05,0.0,7670,3.023168262243618,1.8420945405960083,3.276846170425415,3.3861069679260254,1.4160548448562622,2.478599221789884,
2002-12-12,3.0,10800,60.61734802032292,65.01252746582031,101.61245727539062,83.24333190917969,91.52328491210938,75.83073929961085,
2002-12-13,1.0,16000,79.01913200441328,66.79032897949219,95.52255249023438,76.29342651367188,79.27535247802734,63.27237354085602,
2002-12-15,2.0,25700,88.09486241367989,77.17472839355469,70.2032470703125,84.19561004638672,57.38826370239258,71.07529182879378,
2002-12-16,1.0,22700,80.56018933465786,83.06084442138672,93.27745056152344,100.64983367919922,61.47882843017578,87.48891050583654,
2002-12-26,2.0,8290,31.659227529319185,43.515586853027344,55.49403762817383,47.35668182373047,60.95677185058594,26.892801556420217,
2003-01-03,4.0,23600,79.96501148764193,74.26493835449219,88.70744323730469,91.02320098876952,93.95783233642578,149.50136186770428,
2003-01-04,1.0,22400,80.61602299399367,69.80909729003906,113.90579986572266,99.0145034790039,101.91163635253906,95.2083657587548,
2003-01-12,1.0,16900,19.338806863725285,26.7418212890625,31.748741149902344,37.24412155151367,29.588747024536133,36.440856031128405,
2003-01-23,2.0,22200,65.03161943306253,67.09204864501953,59.91844940185547,71.00507354736328,59.5932502746582,87.4830739299611,
2003-01-25,2.0,21600,69.68076470636728,52.6968994140625,50.22454452514648,50.398563385009766,51.47323989868164,42.60466926070042,
2003-01-31,1.0,32500,64.81419885357067,62.49448394775391,72.79235076904297,49.17335510253906,59.94291687011719,83.23210116731512,
2003-02-22,0.0,13700,56.50442256252807,37.44218826293945,56.0788459777832,53.77277374267578,50.43134307861328,58.11731517509729,
2003-03-14,4.0,45200,127.06073814573526,93.4561996459961,123.54692840576172,108.08274841308594,112.98580932617188,124.21147859922176,
2003-03-22,1.0,25000,56.3250669101912,63.93049621582031,71.71263122558594,86.29219055175781,86.42731475830078,83.6192607003891,
2003-03-31,1.0,19300,24.019699795032277,29.689453125,71.97705078125,22.99300193786621,23.0700798034668,27.37237354085603,
2003-04-09,2.0,19900,33.0354780049382,26.613426208496094,55.2410888671875,29.764314651489254,41.61934661865234,19.13910505836577,
2003-04-25,0.0,17500,24.984992393165832,24.777307510375977,17.522859573364258,24.135099411010746,17.001121520996094,37.6704280155642,
2003-05-23,3.0,13800,8.988244725245249,6.591257095336914,0.9488959312438964,11.113765716552734,8.783419609069824,8.466536964980547,
2003-06-23,0.0,14600,11.321858489511971,5.4225006103515625,18.973594665527344,22.73509407043457,18.962968826293945,7.306614785992217,
2003-09-12,2.0,7790,19.338560204368427,14.579042434692385,11.983206748962402,13.467116355895996,20.053735733032227,8.273151750972762,
2003-09-19,1.0,8430,19.141168257869985,11.608412742614746,17.338224411010742,8.009580612182617,18.9435977935791,22.408754863813225,
2003-09-28,0.0,6560,0.086629063151661,0.0,0.0,1.5666520994273014e-05,0.0113357817754149,0.0,
2003-10-08,1.0,8290,25.881546828740884,39.70428085327149,21.217872619628903,27.402502059936523,34.29255676269531,42.86653696498053,
2003-10-13,1.0,18400,59.32042835357561,47.64056396484375,60.638648986816406,63.76972961425781,64.01947784423828,60.43249027237356,
2003-10-21,5.0,98000,184.9266080882246,157.2429656982422,44.286582946777344,167.56573486328125,176.6739959716797,206.4498054474709,
2003-10-22,3.0,115000,186.2835354121192,140.34214782714844,35.450950622558594,153.7523956298828,157.11605834960938,206.1750972762647,
2003-10-23,1.0,78800,154.83417788153625,41.18092346191406,39.83198547363281,68.84393310546875,77.6427230834961,52.93754863813231,
2003-10-29,3.0,31100,41.9856864048193,35.397850036621094,34.37065124511719,37.10436630249024,37.39575958251953,39.32568093385215,
2003-11-04,0.0,14200,0.1193441681665801,0.0,1.0242677927017212,0.7756615877151489,1.0350017547607422,0.3776264591439688,
2003-11-11,1.0,18700,49.58700764273275,48.65237808227539,38.98018646240234,41.330196380615234,47.82009506225586,63.41673151750978,
2003-11-19,4.0,64500,201.5362599739381,159.81686401367188,178.177978515625,197.6646728515625,203.97146606445312,193.9548638132296,
2003-11-29,3.0,33400,90.7868029720165,77.5973892211914,70.44866180419922,77.78904724121094,71.1295166015625,85.24727626459136,
2003-12-03,1.0,22300,22.71719119037425,22.363433837890625,35.68018341064453,26.317981719970703,31.689208984375,17.82607003891049,
2003-12-06,2.0,23100,38.80374959261575,42.07283401489258,56.79761505126953,53.83633041381836,42.21263885498047,51.77062256809333,
2003-12-15,2.0,16600,48.08908419456355,36.04908752441406,38.616302490234375,38.83355712890625,42.04970932006836,40.69221789883267,
2003-12-19,1.0,14500,24.01031929507195,5.812275409698486,12.344653129577637,7.603198528289795,6.840549945831299,3.05603112840467,
2003-12-23,2.0,14300,7.455999994262283,4.117312431335449,8.193867683410645,7.671543121337891,10.480156898498535,2.6638132295719825,
2003-12-30,0.0,13100,23.67762905163098,14.252326965332031,12.57099151611328,14.883437156677246,14.877790451049805,10.500972762645922,
2004-01-08,1.0,17800,40.63221223820375,40.62432098388672,61.29847717285156,46.14793395996094,49.95099258422852,58.34883268482491,
2004-01-09,2.0,18600,50.12878586191606,35.75812911987305,72.35880279541016,47.77426528930664,53.483673095703125,55.68210116731518,
2004-01-15,2.0,27900,41.04195406001567,37.66329956054688,44.4422607421875,49.908348083496094,48.25196838378906,34.691828793774306,
2004-01-21,0.0,17800,6.6152963776109805,0.1703360378742218,6.341488361358643,6.169812202453613,7.172214984893799,1.417509727626459,
2004-01-30,2.0,34400,85.38504208661402,72.81549072265625,116.390380859375,98.9706573486328,127.3734130859375,131.02684824902724,
2004-02-07,0.0,16400,14.056856606188132,12.320548057556152,28.800350189208984,18.25276756286621,21.73655128479004,11.60136186770428,
2004-02-16,1.0,15700,16.930720842638173,23.395286560058597,35.87356948852539,27.44219207763672,18.288890838623047,28.353891050583652,
2004-02-27,0.0,12200,9.714424486346829,7.462135314941406,13.29937744140625,10.971794128417969,13.35231590270996,11.268093385214009,
2004-03-08,2.0,12800,62.20801335721353,40.17663192749024,52.53338241577149,38.47263717651367,50.070011138916016,49.2081712062257,
2004-03-27,0.0,13100,38.53594265920938,31.054807662963867,29.167415618896484,43.36738204956055,28.941390991210938,35.29922178988326,
2004-05-26,2.0,13700,10.545108985629051,20.880779266357425,22.02888298034668,16.013303756713867,21.433143615722656,28.03385214007784,
2004-06-08,0.0,17300,23.49747992433736,9.931462287902832,14.939252853393556,24.21508026123047,25.516986846923828,14.034046692607,
2004-07-05,1.0,13700,0.5160745677151353,0.2006759345531463,1.1466050148010254,0.9938917756080629,0.7314143180847168,0.5811284046692605,
2004-07-12,0.0,12400,6.43819501611625,2.8797037601470947,2.5182552337646484,1.8684276342391968,4.565096378326416,5.521984435797664,
2004-07-19,1.0,13700,1.8586883404114984,1.601157307624817,5.530488014221191,1.525665521621704,12.212786674499512,3.9784046692606982,
2004-07-27,0.0,11400,0.0046481836164712,0.0,0.0049220509827136,1.205766722023327e-07,0.0002272469719173,0.0,
2004-08-06,1.0,9340,4.774598470951357,19.51074981689453,4.162583827972412,15.22323226928711,15.602974891662598,23.19883268482491,
2004-08-15,0.0,7970,0.015722753296884,0.0,2.4754743576049805,0.0173760373145341,6.088074684143066,0.6142023346303507,
2004-08-22,1.0,11000,30.07380688548632,32.61689758300781,23.76663589477539,44.47663497924805,35.00672149658203,30.556614785992224,
2004-08-26,1.0,29200,86.80954689525574,77.14868927001953,74.19273376464844,71.91419982910156,90.03353881835938,82.94669260700388,
2004-08-28,1.0,12600,39.69883560914062,18.516605377197266,7.281342029571533,13.23206901550293,15.319936752319336,14.011478599221784,
2004-09-11,3.0,21000,55.11150477664192,56.813079833984375,28.44010353088379,47.55709457397461,59.93262481689453,50.68852140077821,
2004-09-18,0.0,28700,61.25990251054272,37.48041915893555,25.34699821472168,32.50216293334961,40.34178161621094,60.93424124513618,
2004-10-06,1.0,8770,5.449808785666037,11.906744956970217,10.94675350189209,11.246783256530762,21.66595268249512,8.739688715953307,
2004-10-09,3.0,12100,39.915334614114855,42.16022872924805,40.07984161376953,26.795907974243164,49.69816970825195,45.31011673151749,
2004-10-11,1.0,11200,44.8314149150697,11.769707679748535,16.324628829956055,21.930574417114254,17.438047409057617,17.634046692607015,
2004-10-16,1.0,10700,8.799485654151022,19.5328369140625,19.51578140258789,15.728645324707031,14.917364120483398,15.50116731517508,
2004-10-23,0.0,15500,22.183734193125503,22.956329345703125,30.99850273132324,20.82765769958496,19.748544692993164,23.03326848249028,
2004-10-30,1.0,11600,20.535560222380223,28.625911712646484,32.46340560913086,24.022777557373047,33.03569412231445,36.79533073929964,
2004-11-02,2.0,30900,79.9459024985311,72.7261962890625,65.00989532470703,74.632080078125,74.58306121826172,99.45583657587552,
2004-11-05,3.0,21800,23.24814720545788,5.445253849029541,0.2493073642253875,0.7837833762168884,1.042858004570007,1.7036964980544735,
2004-11-15,3.0,17000,13.15630594243088,25.12612533569336,34.23350143432617,18.02571678161621,26.111366271972656,28.03210116731519,
2004-11-25,2.0,51100,113.90059274640184,90.72673797607422,75.67961883544922,87.60044860839844,99.65617370605467,105.99844357976647,
2004-12-04,1.0,17300,11.340282991526731,25.111183166503903,26.83255386352539,21.84156990051269,41.90802001953125,19.335019455252908,
2004-12-11,3.0,66800,140.37013193389424,100.73590087890624,108.57515716552734,116.24188995361328,80.88292694091797,121.82587548638122,
2004-12-13,2.0,30800,84.95559072882061,18.37115859985352,32.20575714111328,36.40473937988281,35.22111511230469,29.29435797665369,
2004-12-27,0.0,18700,23.34428106832815,20.032337188720703,34.38288116455078,22.229223251342773,21.902137756347656,28.16848249027237,
2005-01-19,4.0,62700,157.15815112103013,119.74337005615234,212.72329711914065,128.83502197265625,129.14849853515625,144.40466926070047,
2005-01-23,3.0,41400,50.19447611715337,35.25703430175781,51.15866088867188,40.44174575805664,34.11750411987305,40.27276264591438,
2005-02-07,0.0,17900,33.29773807480537,9.401673316955566,23.68025779724121,15.2993803024292,21.965059280395508,10.131517509727622,
2005-03-19,1.0,7050,28.357632906526952,25.001171112060547,7.561637878417969,12.640439987182615,5.269265651702881,19.07295719844357,
2005-03-26,1.0,8000,8.216925433372552,50.18033218383789,52.59835433959961,50.1733627319336,51.87789535522461,48.59474708171205,
2005-04-01,2.0,16500,49.44424669468779,50.06319427490234,44.73440170288086,40.84437942504883,46.231441497802734,47.950778210116766,
2005-04-05,1.0,14700,13.834340348348276,18.17417907714844,16.935129165649414,14.693326950073242,22.85087203979492,13.452334630350196,
2005-04-16,2.0,17500,27.65388149013084,40.76302719116211,67.84303283691406,57.46316146850586,58.532012939453125,51.584046692607,
2005-05-11,0.0,13300,17.674539188795634,6.583804607391357,27.00848388671875,15.392915725708008,32.82236862182617,20.33501945525292,
2005-05-17,1.0,17900,28.69329060371929,20.46902275085449,32.27824783325195,22.255599975585938,22.0904483795166,26.513035019455277,
2005-06-08,0.0,12000,22.088621391962864,14.765981674194336,16.404911041259766,22.462757110595703,13.300195693969728,15.305058365758748,
2005-07-06,2.0,11900,9.19160803948417,17.78412628173828,19.05520820617676,15.24192714691162,20.104476928710938,14.12120622568094,
2005-07-08,1.0,12000,17.701216078579943,40.1379508972168,23.17826271057129,33.33122253417969,37.80464172363281,40.551945525291856,
2005-07-18,0.0,10400,7.970447431344282,2.82185435295105,1.2572389841079712,0.9668389558792114,2.4933021068573,4.832879377431908,
2005-07-30,2.0,7890,0.1247227537749783,0.0,1.132646616497368e-06,5.764938123320462e-06,0.0068888762034475,0.0033073929961089,
2005-08-07,0.0,9490,0.071952198508078,0.0,0.0,3.835352981695905e-05,0.0015837999526411,0.0,
2005-08-17,1.0,7680,8.887332715512338,15.091382026672363,3.7644550800323486,6.671592712402344,6.712869644165039,18.62704280155641,
2005-08-28,1.0,5480,0.1643709379504746,4.875194549560547,0.0127995060756802,0.0011404063552618,1.027477502822876,3.676459143968872,
2005-09-11,0.0,9950,15.69710131310395,14.534770965576172,12.914809226989746,12.906896591186523,11.852106094360352,13.217898832684828,
2005-09-30,4.0,17500,86.0547457592939,79.74807739257812,49.599063873291016,64.56140899658203,83.89012145996094,103.78832684824904,
2005-10-09,1.0,8900,34.23896746182512,9.028759956359863,12.620490074157717,24.84805679321289,15.372835159301758,17.90661478599223,
2005-10-13,1.0,8310,21.70497320445181,12.347396850585938,15.66779899597168,14.349464416503906,36.93472671508789,12.408560311284049,
2005-10-18,3.0,20700,51.32765202431888,41.06722259521485,23.44427490234375,37.598106384277344,47.39370727539063,36.534241245136194,
2005-10-26,1.0,12300,15.930476115899424,10.383062362670898,9.52045440673828,11.470992088317873,12.012977600097656,11.52412451361868,
2005-11-01,3.0,21500,63.815845103268416,55.46372222900391,37.74407958984375,55.139530181884766,55.72238159179688,76.2663424124514,
2005-11-09,2.0,17600,25.86140150789093,17.23672103881836,15.981186866760254,16.22595977783203,21.71548080444336,19.77237354085602,
2005-11-16,0.0,16000,23.132483781573143,6.176525115966797,12.896677017211914,11.25285530090332,19.12258529663086,8.144941634241242,
2005-11-24,1.0,16100,0.1504321226909806,4.5725531578063965,6.888744974276051e-05,0.0373488552868366,0.1997498422861099,0.9859922178988318,
2005-12-01,0.0,13000,20.470518155660955,17.10722541809082,26.4582633972168,20.300392150878903,19.686426162719727,26.72645914396889,
2005-12-23,4.0,28700,88.76023897112668,72.22953796386719,80.14302062988281,88.39193725585938,67.93475341796875,79.58132295719844,
2005-12-25,3.0,43900,97.55866918873832,68.6653060913086,122.2528305053711,108.5835418701172,99.2087860107422,91.00642023346296,
2005-12-27,1.0,31700,67.99451052253606,45.316688537597656,78.01223754882812,61.20299530029297,71.22256469726562,62.68385214007781,
2006-01-05,2.0,18900,28.11434033974635,50.78778839111328,36.000770568847656,38.34604644775391,53.08486557006836,51.292996108949374,
2006-01-06,1.0,31000,61.08280298381645,62.85469818115234,71.405517578125,55.950233459472656,76.08890533447266,63.30330739299603,
2006-01-12,1.0,49300,126.04554491608366,88.36454010009766,85.5779037475586,98.12205505371094,97.54202270507812,119.0040856031129,
2006-01-17,1.0,34200,51.168447403304896,51.27419662475586,53.10708618164063,55.96590805053711,66.43758392333984,57.74105058365763,
2006-02-01,1.0,27700,106.68997327684215,82.75382232666016,106.52033996582033,114.94085693359376,129.85801696777344,109.73112840466922,
2006-02-03,3.0,27100,71.06859657823698,58.33146667480469,76.8470458984375,73.44762420654297,89.86461639404297,62.21614785992215,
2006-02-15,0.0,17400,7.063009558290726,4.79373836517334,3.642328977584839,2.462393045425415,4.545361518859863,6.377237354085602,
2006-02-26,1.0,13600,35.574328873929105,23.478670120239254,19.40533447265625,11.792344093322754,18.941612243652344,14.375875486381323,
2006-03-08,1.0,14700,18.197103266347817,41.70281600952149,48.30418014526367,41.147403717041016,42.99957275390625,56.7038910505837,
2006-03-16,0.0,13600,8.254401534590531,16.404775619506836,15.483166694641112,12.863029479980469,8.239574432373047,13.06031128404669,
2006-03-24,2.0,11000,11.28716250945481,18.05259895324707,33.23162078857422,19.513748168945312,20.210235595703125,13.182101167315189,
2006-04-15,0.0,14900,58.68494069211569,50.267215728759766,51.50406646728516,46.03507995605469,53.491790771484375,52.53735408560315,
2006-05-24,1.0,24100,18.65448373833575,19.949970245361328,20.997249603271484,25.159053802490234,27.12030029296875,23.58463035019456,
2006-06-02,2.0,26100,13.356910126970682,21.502290725708008,23.07499313354492,19.988338470458984,12.51441764831543,24.44221789883267,
2006-07-14,0.0,16200,19.991617615780985,13.029738426208496,12.190587043762209,7.708990573883057,13.760176658630373,17.402140077821016,
2006-09-17,1.0,5650,10.723682604360404,11.47546672821045,7.266692161560059,6.070469856262207,25.04896545410156,9.218093385214006,
2006-09-21,1.0,7420,28.625118566944085,20.234100341796875,14.88333511352539,20.30387115478516,22.422420501708984,23.697276264591444,
2006-10-09,0.0,3790,1.5304741877323482,3.380067825317383,3.7174668312072754,1.5514816045761108,0.2853069305419922,2.146887159533074,
2006-10-18,1.0,3930,19.28697131145287,13.249275207519531,14.38072109222412,11.651405334472656,13.789468765258787,9.793190661478596,
2006-10-27,1.0,6130,31.78850476167398,17.035011291503906,9.019712448120115,11.633743286132812,30.927143096923828,16.19941634241245,
2006-11-04,4.0,38100,92.34494079142296,106.32209777832033,103.90282440185548,148.423095703125,119.6805648803711,133.19591439688716,
2006-11-07,5.0,116000,234.5107572037677,190.48997497558597,280.90753173828125,188.0174102783203,164.68338012695312,259.0577821011674,
2006-11-10,1.0,49500,58.58966351273411,46.68342208862305,27.163036346435547,44.13253402709961,49.571903228759766,63.58404669260696,
2006-11-16,4.0,54000,92.2374340957369,62.44362258911133,94.95706939697266,66.48181915283203,74.39698028564453,71.17159533073932,
2006-11-19,2.0,25500,7.372342241823364,23.769363403320312,23.245471954345703,33.08952331542969,38.36245346069336,18.281517509727603,
2006-11-30,1.0,12300,27.93409557345374,30.114154815673828,44.75444412231445,25.94230461120605,35.515899658203125,31.02626459143968,
2006-12-15,2.0,34000,105.57535758209956,103.5146026611328,114.52450561523438,115.0008316040039,119.65901184082033,144.46731517509727,
2006-12-21,1.0,14800,22.602978960925448,36.95721435546875,42.83306884765625,30.820600509643555,43.021263122558594,37.65972762645913,
2006-12-25,2.0,17000,54.35970172690616,49.835819244384766,66.86161804199219,48.79473876953125,60.09199905395508,59.486381322957214,
2007-01-03,3.0,49900,102.2573021105395,107.4316864013672,140.65060424804688,112.87799835205078,119.81431579589844,190.67529182879375,
2007-01-05,1.0,25800,93.0130305627564,70.15457153320312,49.74079895019531,51.11626815795898,56.74163055419922,67.52451361867702,
2007-01-08,2.0,28900,94.87079525518143,57.87976837158203,94.23486328125,78.3697509765625,89.52361297607422,72.36984435797666,
2007-01-16,0.0,17200,2.393646269956342,7.536165237426758,11.336396217346191,5.9395036697387695,7.474460124969482,8.322178988326852,
2007-01-22,1.0,13800,31.210153002569267,26.33820533752441,43.197509765625,24.351974487304688,36.08434295654297,20.6554474708171,
2007-02-06,0.0,11700,12.086145295856792,14.988014221191406,21.86053466796875,3.911112546920776,20.18341636657715,7.61322957198443,
2007-02-15,1.0,18800,23.92019311394712,44.56287384033203,44.52763366699219,41.354862213134766,44.12025451660156,49.32840466926066,
2007-02-21,0.0,24400,74.67521981253905,50.17367935180664,76.4577407836914,72.31809997558594,78.21083068847656,73.10797665369653,
2007-03-12,3.0,60000,91.25467115617846,83.08319854736328,141.986328125,97.2384796142578,109.22171020507812,103.22198443579764,
2007-03-16,1.0,25800,26.306833631755254,25.97251510620117,38.136268615722656,33.49712371826172,34.51767349243164,30.69202334630351,
2007-03-25,1.0,74200,116.80842055519956,85.0453109741211,108.50775146484376,82.08126068115234,95.19141387939452,121.07548638132288,
2007-04-03,0.0,18100,9.676611850750463,6.672023773193359,8.688810348510742,10.217259407043455,7.747313022613525,5.969844357976656,
2007-04-14,1.0,16100,17.734957909550747,17.508920669555664,35.72469711303711,14.70708465576172,30.63912010192871,24.69455252918288,
2007-04-20,0.0,13300,6.685462715550518,1.2854676246643066,3.791989803314209,9.316191673278809,10.679495811462402,1.536575875486382,
2007-04-28,1.0,28400,44.41597508640522,36.7700309753418,37.21906280517578,32.39482879638672,38.6099967956543,41.30369649805445,
2007-05-21,0.0,18000,24.34206881066143,22.327682495117188,7.107436180114746,31.27894401550293,24.2241325378418,22.03365758754865,
2007-06-05,2.0,41200,6.819097505340373,18.76370429992676,7.472382545471191,16.423105239868164,12.568780899047852,19.044163424124505,
2007-06-18,0.0,24100,21.357353738913343,15.244781494140623,10.632083892822266,29.509275436401367,12.29921054840088,19.321984435797663,
2007-07-02,1.0,22300,9.382986615221398,0.0153366718441247,0.5338186621665955,2.783024311065674,2.0209879875183105,0.9933852140077826,
2007-07-14,1.0,29000,1.1567590833137642,0.8288029432296753,0.9900326132774352,0.5114776492118835,0.8847930431365967,2.854474708171207,
2007-07-23,5.0,24300,45.34036136414485,24.437843322753903,8.006811141967773,20.44606590270996,15.616079330444336,34.63852140077819,
2007-08-21,0.0,7810,18.874824092760825,17.418245315551758,14.715818405151367,15.80349349975586,14.427757263183594,21.3931906614786,
2007-09-03,2.0,6730,0.8726883353665471,0.4558045268058777,0.0126312561333179,0.0139149958267807,0.1666640192270279,0.2873540856031131,
2007-09-14,0.0,6680,0.1316826013658092,0.0,1.227056714014907e-07,0.0005138734704814,0.0044026668183505,0.0554474708171206,
2007-09-20,1.0,5720,4.586263861788533,5.398603916168213,0.5871918797492981,2.399277210235596,0.7021209001541138,11.072568093385208,
2007-09-30,2.0,6470,33.4593193137281,44.05490112304688,51.8508415222168,53.60975646972656,88.6830825805664,59.45758754863814,
2007-10-02,1.0,12800,77.85933081050676,85.20260620117188,87.2106704711914,108.88694763183594,141.52635192871094,118.28346303501944,
2007-10-06,2.0,13600,24.19238238134105,14.553549766540527,7.036557674407959,16.011489868164062,8.914119720458984,10.911284046692607,
2007-10-09,3.0,18700,35.8214302415651,22.75809097290039,63.8574104309082,32.79288482666016,45.8437728881836,28.82412451361869,
2007-10-21,2.0,14100,58.50177811909588,41.26408767700195,47.16204071044922,54.35903930664063,57.36008834838867,56.02256809338523,
2007-10-24,1.0,17900,35.41818357440224,21.52889633178711,21.534564971923828,21.18303680419922,35.003536224365234,28.740272373540847,
2007-11-04,1.0,9670,17.84612046061244,16.312820434570312,19.85880279541016,7.355010986328125,22.87782287597656,2.3525291828793784,
2007-11-06,1.0,9860,17.26687955551551,2.0673327445983887,9.920843124389648,4.447789669036865,13.362512588500977,3.00525291828794,
2007-11-09,2.0,9820,13.771738048300971,21.90162849426269,20.010398864746094,14.666254043579102,18.83267974853516,10.272373540856028,
2007-11-12,3.0,14200,32.844416866452924,44.65340423583984,53.22931671142578,57.66133117675781,80.05753326416016,21.103891050583652,
2007-11-16,2.0,28700,49.52159464621407,47.34568786621094,58.54073715209961,56.57655334472656,64.5533447265625,48.23560311284051,
2007-11-22,0.0,13900,3.5383938830773247,0.0,0.007931375876069,0.1400293111801147,0.4031102657318115,32.94105058365759,
2007-12-04,5.0,71300,152.6000134917564,157.6444549560547,155.62330627441406,192.1265869140625,169.91162109375,21.58385214007781,
2007-12-17,0.0,12600,36.5097705646637,34.51556396484375,56.24239349365234,49.42861175537109,53.8976936340332,20.41712062256811,
2007-12-24,1.0,17800,56.42435953026747,60.683929443359375,65.67057800292969,65.90438079833984,62.55793380737305,108.8789883268483,
2008-01-03,1.0,11500,18.871097524655735,37.51784133911133,29.12506103515625,32.24075698852539,34.47637176513672,30.49630350194553,
2008-01-05,2.0,15800,40.93076676574765,53.665321350097656,64.10171508789062,54.08811569213867,49.13752746582031,45.38424124513619,
2008-01-14,1.0,18000,24.518791597852275,29.286046981811523,43.89141082763672,25.846969604492188,36.71124267578125,32.963424124513594,
2008-02-01,0.0,10200,58.86609180502408,52.432411193847656,47.01121520996094,44.652870178222656,64.40396118164062,60.87276264591446,
2008-02-09,1.0,16300,102.8185658381956,79.87779998779297,97.8344268798828,102.26905822753906,112.91024017333984,104.3070038910506,
2008-03-04,0.0,11700,35.61944164138378,22.65627098083496,36.79267883300781,29.4702262878418,30.20266342163086,18.85603112840466,
2008-03-11,1.0,18300,24.89490442967842,31.88565444946289,34.37714385986328,34.263877868652344,32.13387680053711,34.372762645914406,
2008-03-26,0.0,12300,33.38357554822911,20.54223251342773,29.168601989746094,21.309967041015625,35.04350280761719,13.936381322957205,
2008-05-14,2.0,14100,17.324288695061668,14.89328670501709,17.572921752929688,13.406428337097168,19.061092376708984,16.563035019455242,
2008-05-20,1.0,56200,12.397565979614718,26.236896514892575,16.211326599121094,13.631449699401855,4.086565971374512,32.65972762645914,
2008-06-06,0.0,25700,34.1130765094128,20.505645751953125,31.16386032104492,32.27637481689453,27.28997611999512,25.02762645914397,
2008-08-01,1.0,13300,24.18015483927728,21.297094345092773,16.58732032775879,16.8039608001709,18.69088363647461,12.25272373540857,
2008-08-11,0.0,12500,13.168334612028314,8.714553833007812,11.008115768432615,9.579950332641602,9.713622093200684,5.739299610894936,
2008-08-20,1.0,13100,20.9195831901348,45.20802307128906,35.361968994140625,24.403535842895508,27.159358978271484,52.26322957198445,
2008-08-23,3.0,15400,49.29097326994512,17.740108489990234,16.744142532348633,23.267688751220703,18.81590461730957,22.451556420233448,
2008-08-29,3.0,16000,35.23843211757578,31.552410125732425,21.38905143737793,25.63227081298828,34.93013000488281,35.61926070038912,
2008-09-06,1.0,9750,0.0187265775110804,0.0,0.004642242565751,0.1086098328232765,0.1655963957309723,0.0,
2008-09-23,0.0,7550,26.52065584699162,14.566840171813965,7.297904014587402,6.393802165985107,6.976515293121338,12.014202334630342,
2008-10-04,2.0,6580,16.920996187283055,36.09780502319336,18.301143646240234,27.445831298828125,18.61600112915039,39.23638132295721,
2008-10-07,1.0,11200,50.89322749456706,42.62366485595703,39.62093353271485,41.708152770996094,43.413536071777344,51.07762645914397,
2008-10-16,2.0,8160,23.66805165438903,10.010433197021484,6.852550029754639,11.708486557006836,22.23575782775879,9.301750972762642,
2008-10-25,2.0,6920,1.871003825219044,1.186148762702942,1.483621597290039,0.3751627206802368,3.98120641708374,2.037937743190661,
2008-11-02,2.0,8170,20.860022930695276,28.648799896240234,28.431095123291016,27.69417953491211,29.06525421142578,29.708171206225668,
2008-11-09,4.0,29500,122.67752205573348,54.93385696411133,96.77458190917967,73.14855194091797,85.88868713378906,91.86926070038908,
2008-11-13,4.0,60000,121.1252694974438,100.91304779052734,88.09410858154297,95.11046600341795,110.17170715332033,83.07217898832685,
2008-11-22,0.0,11400,23.804166365954863,21.683624267578125,44.10612869262695,25.859832763671875,34.823577880859375,25.059338521400772,
2008-11-30,1.0,13200,36.490087951845126,26.173030853271484,22.73714256286621,21.20778465270996,26.751983642578125,38.47548638132295,
2008-12-29,0.0,6820,56.14341495723159,54.10960006713867,62.89759063720703,75.83511352539062,96.89842224121094,70.01964980544747,
2009-01-08,4.0,72900,232.7683444232831,193.34591674804688,174.09506225585938,182.24708557128903,203.1248779296875,286.5651750972764,
2009-01-10,2.0,34400,146.32679746107664,46.38068771362305,82.35662841796875,56.478851318359375,78.49454498291016,75.29435797665364,
2009-01-29,0.0,10200,18.862449332671044,16.637901306152344,23.84632682800293,20.770782470703125,25.458406448364254,19.04610894941635,
2009-02-28,1.0,8230,23.269235226871263,8.010454177856445,8.193976402282715,4.172235488891602,4.766920566558838,3.945330739299612,
2009-04-14,0.0,18200,57.3439196964822,43.4814453125,54.79689407348633,54.94390869140625,48.61062240600586,63.77412451361872,
2009-05-05,1.0,18400,21.67438623888608,39.52945709228516,50.00722503662109,47.3511848449707,48.69704818725586,56.79085603112839,
2009-05-14,0.0,17900,38.11617210264323,27.285606384277344,19.67081451416016,39.051307678222656,35.42682647705078,35.75214007782102,
2009-06-24,2.0,15000,9.735131923469668,7.609714508056641,2.081634044647217,8.552176475524902,2.512277126312256,12.350194552529182,
2009-07-08,0.0,14500,12.146196935508607,7.27452278137207,6.584653377532959,3.273423194885254,7.629372596740723,5.586186770428012,
2009-08-11,2.0,8090,27.537441714259664,25.29194641113281,4.739889621734619,27.63688850402832,35.597679138183594,33.838521400778205,
2009-08-17,0.0,7090,3.166678776351751,0.0,0.1028887927532196,0.156466469168663,0.257080465555191,0.2357976653696497,
2009-09-05,1.0,7570,20.55641490167557,32.791229248046875,18.72174835205078,23.396875381469727,13.486159324645996,32.54630350194554,
2009-09-19,2.0,7560,3.697822183121956,15.86062717437744,10.101692199707031,7.865077018737793,17.21843719482422,14.109533073929963,
2009-10-02,0.0,5770,27.344942606451347,16.727312088012695,11.44084644317627,16.19941520690918,21.111061096191406,20.60058365758753,
2009-10-14,2.0,4980,5.359087957772222,22.793624877929688,37.43758392333984,29.63282966613769,26.09882354736328,35.82256809338522,
2009-10-18,4.0,29200,106.74991970399596,105.53522491455078,84.46866607666016,71.28323364257812,88.93199157714844,111.26731517509722,
2009-10-23,1.0,10900,20.535208451860797,53.15984725952149,41.15103912353516,47.73667907714844,41.19932556152344,55.711284046692604,
2009-10-26,1.0,19800,71.52773802355554,56.829551696777344,27.338951110839844,55.110965728759766,55.09129333496094,78.88073929961097,
2009-10-28,4.0,19500,67.53464621996389,39.58830642700195,24.89702415466309,59.13047409057617,59.52507400512695,67.34182879377438,
2009-11-06,2.0,26800,37.76891397736587,56.70967864990234,52.27686309814453,57.01604080200195,55.55585479736328,63.13560311284049,
2009-11-09,1.0,22100,64.58461954186797,44.89093780517578,42.04346084594727,55.58211517333984,70.31489562988281,58.424319066147845,
2009-11-17,4.0,66000,105.256179790082,118.58946228027344,126.77822875976562,120.74464416503906,134.2660369873047,122.32140077821008,
2009-11-18,1.0,58400,128.21729642642845,117.10148620605467,109.4059600830078,104.84803771972656,114.93394470214844,94.6857976653696,
2009-11-26,2.0,47900,53.47398665575328,37.8034553527832,36.32391357421875,39.50081634521485,54.68794250488281,62.80233463035019,
2009-12-02,0.0,21100,20.02832502489384,7.144888877868652,6.301760673522949,5.475215435028076,16.29326820373535,8.065564202334635,
2009-12-21,1.0,22500,40.56013000752228,42.8914794921875,83.21495056152344,53.726318359375,41.02965545654297,79.35272373540859,
2010-01-02,0.0,21000,64.2617399502745,,,91.51603698730467,70.37409973144531,,
2010-01-09,2.0,17400,26.18006696595621,23.850040435791016,38.081153869628906,22.319448471069336,35.92533493041992,26.945525291828776,
2010-01-12,3.0,33300,47.54835754902352,51.85313415527344,108.01608276367188,35.068458557128906,40.4212760925293,55.445525291828815,
2010-01-14,2.0,28100,69.49567304286629,43.69249725341797,87.19983673095703,40.03507232666016,66.57766723632812,53.70330739299615,
2010-01-17,1.0,30800,53.76825049473952,35.880577087402344,87.0555191040039,46.9840202331543,95.90196228027344,35.64338521400778,
2010-01-26,0.0,12700,14.112634801797311,14.900421142578123,18.42835998535156,19.771791458129883,18.779619216918945,13.343579766536957,
2010-02-14,1.0,11600,37.0118394208,33.19013977050781,61.17424392700195,48.74518966674805,64.6369400024414,34.036770428015565,
2010-02-20,0.0,10700,0.3350152960165099,0.0,0.0006895600818097,3.670690773560637e-08,0.0,0.0529182879377432,
2010-02-26,1.0,9880,18.322118540155124,29.21927261352539,36.006534576416016,37.00287628173828,43.09909057617188,27.48443579766537,
2010-03-04,0.0,9660,13.817193121098637,14.001260757446287,4.197700500488281,11.079715728759766,8.527412414550781,12.81848249027238,
2010-03-17,2.0,8510,15.859441698953976,17.13258934020996,19.59347152709961,11.976326942443848,17.4818058013916,15.24961089494164,
2010-03-29,1.0,12200,32.63034226213997,49.8398666381836,53.72990798950195,54.63947296142578,54.33955001831055,47.72392996108948,
2010-04-09,0.0,13500,38.99998473232152,35.10333251953125,49.71986770629883,34.3409423828125,46.81580352783203,33.19513618677042,
2010-04-26,1.0,11400,17.342447405552576,16.9915771484375,18.88018798828125,24.10344886779785,19.97647857666016,16.04747081712062,
2010-05-03,1.0,15300,30.090902482574347,47.66959381103516,32.996280670166016,46.05952835083008,50.949317932128906,49.547665369649806,
2010-05-09,0.0,11200,1.2533919656866035,0.1323968768119812,0.4421799778938293,7.218840599060059,3.407012462615967,0.2766536964980544,
2010-05-20,1.0,22800,23.809621410357124,29.002593994140625,27.60036849975586,33.0317268371582,28.57313537597656,29.9577821011673,
2010-05-26,0.0,13300,3.1270898660007385,8.990321159362793,11.016195297241213,10.82315731048584,13.254342079162598,8.9068093385214,
2010-06-02,1.0,21400,16.615868069989656,33.57010269165039,52.07862854003906,42.19466781616211,48.7075080871582,30.38579766536963,
2010-06-09,0.0,24000,25.3233174031839,20.69007110595703,22.410051345825195,24.87484741210937,14.845947265625,18.78482490272372,
2010-07-04,1.0,15800,3.2476099399668583,2.8959639072418213,3.75427770614624,3.10029411315918,8.957259178161621,1.6571984435797664,
2010-07-10,1.0,27300,0.0,0.0,0.0073368498124182,1.967994421647745e-06,0.0778885632753372,0.0,
2010-08-10,0.0,12800,10.28193689677103,5.816323280334473,2.833707094192505,6.453324317932129,3.0233757495880127,3.3194552529182904,
2010-09-01,2.0,9380,33.09655066924352,31.30345916748047,22.65930938720703,20.3643856048584,14.242401123046877,27.29416342412453,
2010-09-13,1.0,11400,20.24825238830425,18.726030349731445,1.2002147436141968,12.384990692138672,9.733948707580566,16.975680933852143,
2010-09-26,4.0,12400,19.733405356952492,23.67742919921875,30.439083099365234,17.135820388793945,29.47682762145996,18.362840466926063,
2010-09-28,3.0,16400,30.369336510237385,30.475215911865234,31.308164596557617,17.26035499572754,31.923982620239254,21.21653696498054,
2010-10-10,4.0,17400,54.22602487229973,65.8057861328125,64.82461547851562,55.392459869384766,80.1949462890625,70.31050583657586,
2010-10-17,0.0,12500,2.3807858491330243,0.1794465631246566,0.582337498664856,1.070833444595337,1.8642715215682983,0.1227626459143968,
2010-10-24,2.0,11600,15.799281067717295,32.55429458618164,29.154191970825195,38.64781951904297,42.97627258300781,44.44066147859925,
2010-11-02,3.0,29000,69.57816636402794,54.624794006347656,60.44937896728516,67.04239654541016,89.9086685180664,64.35447470817124,
2010-11-04,1.0,15600,43.09497514392992,2.2821831703186035,6.305257320404053,2.749271869659424,3.9384286403656006,1.1087548638132294,
2010-11-16,3.0,25500,49.53226003273039,50.105918884277344,52.403079986572266,58.14079284667969,67.19281768798828,59.52684824902724,
2010-11-22,0.0,13100,10.894585091537213,14.64048957824707,8.805336952209473,11.921650886535645,5.54088020324707,8.023151750972763,
2010-11-29,1.0,11000,21.285810704176743,22.074352264404297,12.904230117797852,11.680913925170898,18.95764923095703,22.94513618677043,
2010-12-08,2.0,12100,15.601275337802116,45.14253616333008,34.7030029296875,36.44340896606445,38.221981048583984,50.41945525291828,
2010-12-13,3.0,83500,142.1188586196198,129.88685607910156,84.67738342285156,113.96769714355467,99.9140853881836,160.68385214007782,
2010-12-26,3.0,10300,38.86714536692399,39.60990905761719,56.95928955078125,36.39323425292969,48.96631622314453,36.51945525291826,
2011-01-07,2.0,13200,41.406676869615055,56.598731994628906,116.75617980957033,74.97673797607422,78.69271087646484,76.99863813229577,
2011-01-12,1.0,10100,23.76477248141748,43.197357177734375,41.115989685058594,39.03389358520508,38.7170524597168,60.27120622568095,
2011-01-14,1.0,28700,90.26429825576724,89.50439453125,120.25544738769533,98.8865966796875,101.61305236816406,138.0791828793774,
2011-01-17,2.0,74700,142.1209770976984,111.6855239868164,104.37107849121094,106.89181518554688,82.79325866699219,144.49649805447473,
2011-01-20,1.0,26000,21.4658680894222,21.40641975402832,14.760764122009276,8.294288635253906,13.427656173706056,13.024319066147864,
2011-01-27,0.0,18500,19.612470364279776,1.0374770164489746,16.140369415283203,2.581573009490967,7.625505447387695,2.6235408560311275,
2011-02-06,1.0,18600,44.22900189980722,46.02166748046875,59.74125671386719,28.46762084960937,51.833770751953125,41.601361867704256,
2011-02-13,2.0,15200,27.26371894069092,38.993614196777344,57.30272674560547,26.404386520385746,43.13507843017578,44.35778210116732,
2011-02-15,1.0,16800,49.341072643578165,40.72929763793945,65.15093994140625,54.2316780090332,54.125675201416016,58.25544747081713,
2011-03-02,0.0,8060,45.38821796283668,48.26989364624024,71.48300170898438,55.10288619995117,73.86517333984375,64.34494163424127,
2011-03-09,1.0,8560,14.857980866101125,45.31437301635742,44.50801086425781,36.32502746582031,42.111270904541016,42.35291828793776,
2011-03-14,2.0,16000,51.2107284121486,62.34445190429688,61.78798675537109,63.097259521484375,64.2723617553711,56.75233463035019,
2011-03-15,1.0,15600,59.116259958274505,74.25694274902344,65.97183227539062,73.8747787475586,69.8047103881836,71.84474708171209,
2011-03-21,0.0,10100,16.434305935051697,11.97171401977539,8.63453483581543,15.112749099731444,10.801767349243164,18.947276264591444,
2011-03-31,3.0,29700,97.0504111522812,104.44476318359376,80.249755859375,97.8328857421875,105.56512451171876,125.14747081712063,
2011-04-05,1.0,15900,52.79116641745741,55.95721435546875,44.3988037109375,55.26163101196289,52.241947174072266,56.99319066147866,
2011-05-17,0.0,19300,38.69369215605136,24.57097625732422,18.80625534057617,31.58799362182617,15.475008964538574,30.15175097276265,
2011-06-27,1.0,24200,2.3182485719522137,0.0884767323732376,1.23783540725708,1.894378900527954,0.9984903931617736,1.2704280155642012,
2011-07-15,0.0,27300,19.769481853669,13.500986099243164,7.318520545959473,19.065832138061523,22.69918441772461,17.30175097276264,
2011-08-23,3.0,16900,12.215764824884191,8.597941398620605,7.3415374755859375,13.312339782714844,9.058477401733398,12.582490272373548,
2011-09-01,0.0,11100,1.6216787770414995,0.6648349165916443,0.1160695105791091,0.9050215482711792,0.7882656455039978,0.0169260700389105,
2011-09-24,4.0,11900,17.08927530485444,11.966750144958496,2.6987900733947754,1.4160906076431274,10.476574897766112,14.729766536964975,
2011-09-25,3.0,11000,15.577952168284012,16.582170486450195,11.811578750610352,6.99705696105957,9.59330940246582,8.659727626459139,
2011-09-27,4.0,17300,54.23273811215801,68.87669372558594,61.58980178833008,65.31734466552734,59.454010009765625,67.96147859922175,
2011-10-03,2.0,8250,11.151032502759412,22.89054107666016,12.77297306060791,14.061203956604004,6.206181049346924,20.70252918287938,
2011-10-12,1.0,25600,62.95506498488254,57.13705825805664,72.12855529785156,66.71456909179688,54.61118316650391,77.66322957198444,
2011-10-23,1.0,20300,55.20658696708527,43.86434555053711,31.495302200317383,48.0801887512207,40.964473724365234,46.4632295719844,
2011-10-28,1.0,11300,2.690430214016006,18.918678283691406,21.679540634155277,15.32465362548828,32.81562042236328,11.058949416342404,
2011-10-30,1.0,12300,21.98570362395802,36.214725494384766,28.944908142089844,26.32376289367676,47.11376190185547,31.805252918287927,
2011-11-02,1.0,12900,23.442254320009614,14.10195541381836,7.0530548095703125,2.909498453140259,5.3185882568359375,11.105058365758746,
2011-11-14,0.0,11900,62.45592545984351,37.6671142578125,34.22651672363281,38.68297958374024,40.33309173583984,50.63385214007782,
2011-11-22,1.0,12900,29.29015868769742,101.02742767333984,71.1690673828125,64.67473602294922,74.840576171875,66.77276264591433,
2011-11-27,3.0,28300,55.60302679185435,70.48635864257812,102.4490203857422,55.26628112792969,81.2864990234375,93.6929961089494,
2011-12-21,0.0,10400,7.9479216055160595,6.347744941711426,3.951329231262207,0.574885368347168,6.065954208374023,1.820038910505834,
2011-12-29,3.0,38400,97.51651818901442,98.12957763671876,100.37318420410156,108.82687377929688,112.60717010498048,112.71381322957198,
2012-01-05,3.0,34500,77.83149912138515,68.02820587158203,92.46698760986328,74.70081329345703,68.3398208618164,82.03813229571983,
2012-01-07,1.0,22000,67.7222754495636,22.860092163085938,35.34586334228516,32.02486038208008,31.55694961547852,36.66517509727625,
2012-01-21,1.0,19500,57.1523059225618,63.19671249389648,52.81098556518555,57.81649017333984,53.71630859375,81.42217898832683,
2012-01-25,2.0,22800,61.02892745904764,65.76795959472656,85.7850341796875,63.63254928588867,77.86766815185547,69.6167315175098,
2012-01-28,2.0,19400,39.01103442085304,27.850963592529297,26.35576629638672,18.580774307250977,22.10312843322754,37.91770428015566,
2012-02-11,1.0,15500,10.550177807846673,8.632417678833008,33.51606369018555,12.870477676391602,50.609161376953125,7.053307392996108,
2012-02-22,2.0,34800,75.942749450578,88.91062927246094,64.19058990478516,79.36085510253906,89.20880126953125,109.03560311284043,
2012-03-03,0.0,13100,38.01848561255471,34.364967346191406,47.470970153808594,36.9805908203125,46.1282958984375,44.03657587548638,
2012-03-10,1.0,16900,25.6337801857636,37.6582260131836,29.42915725708008,29.817611694335938,33.66976547241211,39.66848249027238,
2012-03-12,1.0,19200,65.83892360107393,62.56636047363281,54.51152420043945,69.36219787597656,77.11436462402344,72.80447470817123,
2012-03-15,1.0,17400,70.5902084597666,67.19827270507812,79.89302825927734,81.14340209960938,88.77243041992188,84.21828793774321,
2012-03-22,0.0,13700,44.67644173295364,37.90235900878906,29.670923233032227,41.046485900878906,33.16541290283203,48.31770428015563,
2012-04-02,1.0,14700,40.95618354747104,23.293672561645508,38.68809509277344,33.637298583984375,32.990447998046875,27.453112840466904,
2012-04-13,0.0,13200,10.830304021646809,10.213600158691406,8.916787147521973,6.586704254150391,10.968520164489746,10.929182879377429,
2012-04-20,1.0,20600,43.56593120336019,46.82992172241211,36.933841705322266,56.22975158691406,51.90480422973633,65.6842412451362,
2012-04-26,1.0,37400,31.17749520337715,36.81453323364258,23.615798950195312,34.88215255737305,23.7797794342041,37.58112840466927,
2012-05-02,0.0,27400,41.0314060339462,32.83594512939453,39.53499603271485,51.20076751708984,41.063472747802734,47.19085603112839,
2012-05-21,1.0,28200,15.403851422194542,35.57704544067383,20.50770568847656,27.957624435424805,22.666675567626957,33.05019455252917,
2012-06-02,3.0,45400,25.273655137442496,23.06707191467285,33.902374267578125,23.1334285736084,26.913021087646484,24.65544747081713,
2012-06-08,0.0,24600,26.32704779119244,19.44733047485352,19.106868743896484,17.536649703979492,17.86151123046875,18.685019455252927,
2012-06-17,2.0,41600,23.30049900177699,31.95416259765625,23.05867576599121,10.150288581848145,26.635366439819336,21.859922178988302,
2012-06-28,2.0,34900,10.480057369737557,9.989663124084473,2.5555193424224854,17.800846099853516,12.164950370788574,10.673929961089495,
2012-07-23,0.0,27800,17.05388909719246,9.524429321289062,11.215826034545898,7.235685348510742,6.446761131286621,8.927431906614789,
2012-08-26,1.0,10600,0.8584340343451712,0.0,0.0145868584513664,0.0777434110641479,0.054602175951004,0.3107003891050585,
2012-09-12,0.0,9590,11.652307861685363,5.519360542297363,5.569162368774414,7.726302623748779,9.112692832946776,11.471400778210116,
2012-10-12,1.0,6580,0.0344780113614372,12.635985374450684,6.690228462219238,4.780523300170898,3.585494041442871,2.828015564202336,
2012-10-15,3.0,24700,90.89229824529323,91.86924743652344,122.16041564941406,77.72677612304688,86.42630767822266,114.93229571984438,
2012-10-16,2.0,24500,104.73859649816843,82.61244201660156,155.28085327148438,97.29502868652344,107.37248229980467,136.53988326848253,
2012-10-19,3.0,21600,52.79414522589116,69.52195739746094,43.43581008911133,45.04962539672852,41.45328521728516,61.948638132295706,
2012-10-28,1.0,20200,39.41505736375698,45.14891052246094,39.983978271484375,33.77374267578125,29.67720603942871,34.713813229571976,
2012-11-01,2.0,40200,96.1582925593192,65.81754302978516,63.46726608276367,83.99638366699219,88.26700592041016,91.90992217898834,
2012-11-02,3.0,32300,79.73408989394599,31.862001419067383,50.282073974609375,57.7431526184082,67.47651672363281,60.71536964980547,
2012-11-06,1.0,34400,48.60649897685866,30.77632141113281,32.35034942626953,25.03373336791992,38.25727081298828,31.278404669260727,
2012-11-17,1.0,17200,13.1462600428587,25.14937210083008,4.5432538986206055,13.36013889312744,7.066601753234863,19.99260700389104,
2012-11-19,2.0,24000,47.921659705743735,97.36014556884766,91.28312683105467,95.82324981689452,72.53575134277344,96.75603112840469,
2012-11-22,2.0,27300,92.4433689899244,45.31834411621094,54.8961296081543,44.61656951904297,53.25482177734375,40.83112840466927,
2012-12-01,3.0,27300,44.170367089386886,54.68788909912109,75.00730895996094,81.08639526367188,79.84064483642578,58.58735408560311,
2012-12-04,1.0,27200,71.63344365073436,68.97320556640625,76.04806518554688,67.92163848876953,83.62352752685547,82.84416342412453,
2012-12-18,0.0,15800,82.52825812354371,67.52314758300781,53.55723190307617,67.17982482910156,77.38383483886719,70.42879377431899,
2013-01-09,1.0,27700,108.80818737989172,96.70795440673828,110.1357650756836,113.2328643798828,135.55479431152344,124.19883268482494,
2013-01-15,0.0,16000,0.7726022943577874,0.1338674426078796,0.6460970640182495,0.1321809291839599,0.6636583209037781,0.0,
2013-01-29,2.0,13200,45.63123899117026,52.193504333496094,43.915618896484375,41.74431610107422,48.30872344970703,61.52684824902724,
2013-01-30,1.0,14100,51.50286230302449,45.751075744628906,50.55475616455078,45.65795135498047,55.386138916015625,61.84241245136188,
2013-02-07,0.0,15400,27.07558886285508,25.9543399810791,49.21487808227539,40.89997100830078,54.22838592529297,28.397081712062278,
2013-03-02,2.0,22300,53.765829796872566,51.15480422973633,90.7135772705078,49.7247428894043,66.87324523925781,62.08696498054473,
2013-03-14,2.0,24700,71.25522756023798,54.80417251586914,104.83497619628906,63.69457244873047,73.97079467773438,72.80544747081716,
2013-03-15,1.0,25200,74.52393693518229,33.54302978515625,85.07652282714844,38.30525970458984,43.65461730957031,47.35778210116735,
2013-03-21,0.0,19400,54.71973042513879,50.55384826660156,57.92124176025391,50.26987838745117,58.178367614746094,70.11653696498058,
2013-04-05,1.0,29600,18.95638436775892,37.02475738525391,40.74262237548828,47.97370910644531,35.14665603637695,47.14280155642025,
2013-04-10,1.0,22800,21.814074601495484,27.814529418945312,35.83460998535156,28.573266983032227,26.81835174560547,34.614007782101154,
2013-04-30,0.0,19900,36.16887955581253,28.59206771850586,20.05226707458496,26.524490356445312,28.474580764770508,31.37334630350193,
2013-05-13,2.0,45400,18.754506700583395,41.18219757080078,24.253124237060547,13.920854568481444,27.024131774902344,34.06284046692608,
2013-05-23,0.0,23700,25.818510505437573,28.95933151245117,22.997528076171875,30.86323928833008,42.864524841308594,30.82003891050583,
2013-06-26,3.0,26700,18.459053518154427,15.877311706542969,28.45526885986328,27.66837501525879,20.752456665039062,18.86225680933852,
2013-06-29,2.0,27800,6.344866145677317,4.840669631958008,1.2096869945526123,0.6776547431945801,1.4604816436767578,9.968677042801566,
2013-07-01,1.0,31500,2.24609560136377,0.0870141014456749,0.0431410036981105,0.163649097084999,0.4111874997615814,5.15214007782102,
2013-08-03,0.0,11600,12.498822181725991,15.84174346923828,3.703069686889648,7.883410453796387,6.028163909912109,11.294357976653709,
2013-08-14,1.0,11600,8.804588912606254,2.269595146179199,4.851539611816406,1.475614070892334,2.1606557369232178,2.485408560311285,
2013-08-18,1.0,11900,11.266934996325904,0.0,0.6712081432342529,1.4171206951141355,0.3109350800514221,1.972762645914397,
2013-08-30,3.0,16900,45.47359850346628,37.88321685791016,15.76591682434082,51.28752136230469,48.98455810546875,45.06245136186772,
2013-09-01,1.0,10800,33.92258895716379,0.8776081204414368,5.759075164794922,10.688592910766602,15.496664047241213,10.799221789883273,
2013-09-09,0.0,14600,26.27159651204028,6.181190490722656,20.89295196533203,12.850924491882324,13.85970687866211,12.99474708171206,
2013-09-22,1.0,9980,6.654376665399593,37.95756149291992,25.23430633544922,27.1334228515625,33.923423767089844,19.737354085603123,
2013-09-28,2.0,15600,12.224474159575088,84.20332336425781,50.75479888916016,54.148433685302734,57.10661315917969,51.13424124513619,
2013-09-30,3.0,43200,122.07061563417972,130.1850128173828,145.28509521484375,142.77854919433594,160.4031982421875,122.9854085603113,
2013-10-07,1.0,21400,2.7725430191100537,26.285837173461918,11.00787353515625,18.41151237487793,13.26247215270996,13.721400778210116,
2013-10-27,0.0,10300,1.4588833653128102,5.810535430908203,2.4136271476745605,3.0768654346466064,0.5388454794883728,1.6634241245136183,
2013-11-02,1.0,10700,17.866330798622755,41.94140625,27.36924743652344,43.49237823486328,48.77849578857422,44.54902723735412,
2013-11-08,2.0,20200,54.01310123523152,37.570987701416016,32.731658935546875,55.314186096191406,62.94640350341797,47.07470817120621,
2013-11-11,1.0,14100,13.030825977669547,13.113895416259766,0.8826190233230591,8.017913818359375,3.005293369293213,10.364007782101163,
2013-11-19,0.0,30700,60.88038245464602,46.78215789794922,70.5823974609375,61.72242736816406,62.03442001342773,80.19182879377428,
2013-11-30,1.0,11800,4.144074566632262,28.359384536743164,10.564274787902832,9.003904342651367,9.019954681396484,6.641245136186773,
2013-12-02,2.0,23100,66.68447615511103,59.67693710327149,58.6329231262207,66.28152465820312,63.34424209594727,69.35505836575878,
2013-12-14,0.0,11000,14.862474199298308,16.88825225830078,14.610408782958984,14.651788711547852,19.330930709838867,14.65097276264591,
2013-12-21,2.0,8630,19.16378204226801,26.333324432373047,23.591176986694336,23.37189292907715,34.67426681518555,20.19747081712062,
2013-12-27,0.0,11600,3.8066596549153897,10.317911148071287,14.587051391601562,9.042984008789062,16.24560546875,8.073151750972755,
2014-01-03,1.0,14300,45.517342250787046,41.075321197509766,25.574914932250977,36.88411712646485,41.966217041015625,50.82315175097278,
2014-01-11,3.0,28300,86.23715113111938,103.98885345458984,114.76116943359376,124.15731048583984,125.3721694946289,126.70058365758752,
2014-01-13,1.0,36400,138.17427724178162,106.83100128173828,125.3228759765625,127.57232666015624,132.79241943359375,124.0433852140078,
2014-01-31,0.0,11700,34.386443618606656,26.8499698638916,21.6806583404541,39.824851989746094,39.6650505065918,34.0249027237354,
2014-02-12,1.0,12600,58.48096931869624,67.96817016601562,94.51048278808594,62.227516174316406,84.23297119140625,84.22665369649802,
2014-02-14,1.0,13500,59.71439188775779,55.24420547485352,86.43058776855469,71.04215240478516,93.04795837402344,58.15797665369649,
2014-02-17,1.0,14500,75.63479346341774,81.4119873046875,78.98831176757812,79.75625610351562,90.84422302246094,93.51186770428016,
2014-02-25,0.0,11100,53.86848948243471,42.06021881103516,15.769186973571776,53.33538436889648,34.65192031860352,44.344747081712114,
2014-03-09,1.0,40300,93.13993298875486,59.09734344482422,63.83690643310547,56.23383712768555,60.76446533203125,73.01303501945523,
2014-03-16,2.0,34800,66.4340440369074,81.11466217041016,74.76026916503906,75.54033660888672,89.6759033203125,95.38832684824904,
2014-03-26,1.0,17000,15.544613760430588,18.44906234741211,36.148345947265625,18.11617088317871,16.082273483276367,23.68073929961091,
2014-04-18,0.0,23700,44.84279347383497,31.51147079467773,47.66080474853516,59.79020690917969,57.71999740600586,45.265953307393,
2014-07-06,1.0,26500,0.3275640541099966,0.6242630481719971,0.2609164118766784,1.909982442855835,2.0612423419952397,0.1945525291828793,
2014-07-12,0.0,23000,0.0,0.0,0.0003665105323307,1.2607971257239114e-05,0.0759989693760871,0.0,
2014-07-20,3.0,26600,17.914619500690048,15.70195770263672,2.0298142433166504,4.634125709533691,4.702651023864746,17.296692607003887,
2014-08-15,0.0,11200,43.189183539003984,27.15087890625,19.144561767578125,42.009761810302734,23.094039916992188,26.481517509727624,
2014-09-25,4.0,10700,43.67017013221325,51.8674201965332,12.591361045837402,46.20809173583984,37.70531463623047,52.920233463035,
2014-10-03,1.0,11500,7.788369032994391,0.0742403492331504,1.2761255502700806,0.4481822252273559,0.7325583100318909,0.1840466926070038,
2014-10-14,3.0,11600,42.456191119910656,31.91725349426269,21.41484642028809,30.57794570922852,38.2691764831543,36.50291828793775,
2014-10-16,3.0,15700,56.50861180763172,27.24632453918457,22.47862434387207,43.59035873413086,48.47305679321289,37.067704280155645,
2014-10-22,2.0,20300,39.26747987057522,71.08493041992188,46.44781494140625,56.58433532714844,79.69593048095703,90.92081712062256,
2014-10-25,1.0,21300,72.95861187651326,58.18718719482422,33.157615661621094,45.362091064453125,62.56285858154297,62.51595330739301,
2014-10-27,2.0,27000,53.283969388067376,49.21526336669922,37.54684829711914,43.21408081054688,66.28508758544922,53.65894941634241,
2014-10-31,1.0,33300,68.0056539156241,52.970680236816406,44.48799514770508,57.33013534545898,46.59253692626953,59.96731517509728,
2014-11-04,1.0,39600,48.004921549049925,50.10863494873047,41.59307098388672,64.55638122558594,66.45306396484375,71.17723735408562,
2014-11-06,3.0,39100,75.97747796990447,53.76707458496094,35.116451263427734,69.5841293334961,82.73684692382812,67.55992217898832,
2014-11-09,1.0,31500,32.40614717866291,22.75044059753418,21.600685119628903,28.8955192565918,30.60849380493164,18.64824902723735,
2014-11-15,0.0,15200,0.1125525812977697,0.0,0.0,0.0,0.0,0.0356031128404669,
2014-11-22,1.0,16800,48.1899273233937,61.309043884277344,55.88291931152344,63.74928665161133,56.21965408325195,68.63151750972766,
2014-11-28,3.0,71500,151.62001518685776,106.1667938232422,125.70606994628906,113.2919921875,101.64862060546876,125.40077821011673,
2014-12-06,1.0,20800,17.050074564736207,22.88753890991211,31.10149955749512,24.183950424194336,26.128358840942383,29.80077821011673,18.991899490356445
2014-12-11,4.0,46500,94.64290825541116,81.84966278076172,68.59757995605469,102.66363525390624,113.72216033935548,101.2647859922178,60.42704772949219
2014-12-12,1.0,42600,88.14487384518975,55.46867370605469,45.52009963989258,55.71603012084961,66.4997329711914,61.93910505836566,33.610740661621094
2014-12-19,1.0,18100,22.11623900642673,30.920154571533203,18.764373779296875,21.69080352783203,26.71459007263184,32.5533073929961,9.325963020324709
2014-12-21,3.0,26300,66.37436524631872,58.10246658325195,91.25778198242188,76.64982604980469,101.41642761230467,69.28735408560308,50.746070861816406
2014-12-29,0.0,16900,31.76111281167424,25.010082244873047,42.11933898925781,25.93809700012207,38.467472076416016,30.90291828793774,23.092586517333984
2015-01-06,3.0,47100,117.7752830203815,90.82920837402344,130.9577178955078,111.41329193115234,112.31298828125,129.48112840466922,86.41873931884766
2015-01-18,1.0,24300,53.57674574180476,62.597206115722656,105.24568176269533,79.64759826660156,98.58258056640624,69.49688715953309,62.56334686279297
2015-01-25,3.0,39000,66.8850477366329,49.92714309692383,83.58926391601562,34.20448684692383,49.0476188659668,63.42101167315175,32.71544647216797
2015-02-07,4.0,59700,117.42676860481558,119.6826171875,115.2488784790039,130.50193786621094,132.36715698242188,160.40175097276273,95.05906677246094
2015-02-12,1.0,28500,12.637629087192112,6.4608564376831055,13.243335723876951,19.06757926940918,25.18906021118164,4.71614785992218,6.757569313049316
2015-02-21,0.0,16200,7.372760985493144,6.795180320739746,4.328399181365967,7.278467178344727,7.248337268829346,7.726459143968869,3.267200469970703
2015-03-14,1.0,13800,29.233648180960277,50.44561767578125,40.80263900756836,41.698577880859375,42.49409484863281,53.70894941634239,39.12305068969727
2015-03-21,2.0,15200,25.03060230196776,38.26364135742188,37.935691833496094,35.701358795166016,54.13353729248047,49.12743190661476,25.738609313964844
2015-03-26,1.0,21300,30.519353737452747,17.946321487426758,41.14372634887695,29.362911224365234,37.89673614501953,29.05389105058365,21.256141662597656
2015-03-30,1.0,21100,34.47615870875734,25.525678634643555,28.833229064941406,27.000263214111328,39.26223373413086,20.362062256809345,19.12660217285156
2015-04-13,0.0,11800,37.66561182911853,25.444992065429688,42.49771118164063,30.060970306396484,43.93585205078125,31.443385214007755,23.06678581237793
2015-07-16,1.0,7660,0.9932084129419868,0.4754757881164551,0.0306807905435562,0.155815303325653,0.1243990659713745,2.1776264591439696,1.0277745723724363
2015-07-27,0.0,7430,14.474797335625617,8.404773712158203,5.187185764312744,13.160585403442385,9.207669258117676,10.399805447470817,11.09853172302246
2015-08-08,1.0,6000,5.772108980433804,0.0124930823221802,0.349742591381073,1.4053784608840942,1.6861529350280762,0.1007782101167314,2.493224859237671
2015-08-16,0.0,6580,22.188669190875853,23.836036682128903,12.590035438537598,18.17871856689453,33.07002639770508,21.095914396887164,12.862371444702148
2015-08-30,3.0,8240,60.962980991324464,62.62109375,42.416500091552734,44.78855514526367,48.972442626953125,77.80389105058364,33.180625915527344
2015-09-01,2.0,14000,103.46238630816312,57.04393768310547,57.18915557861328,59.092071533203125,53.55189514160156,75.11050583657585,31.609468460083008
2015-09-07,0.0,7990,11.753575538675056,6.963322639465332,4.259737968444824,1.3763482570648191,0.6939423084259033,12.65622568093385,4.724795341491699
2015-09-21,2.0,14400,36.54984700702016,30.89666557312012,21.71146583557129,17.91883087158203,35.83480453491211,31.8204280155642,20.097749710083008
2015-09-23,2.0,10100,23.46333267306864,0.8681498169898987,7.986400127410889,6.882085800170898,11.34446620941162,0.6060311284046692,8.46615219116211
2015-10-11,4.0,22500,62.88196549226706,62.34791946411133,37.56936264038086,37.16889190673828,59.360443115234375,66.64280155642025,36.81596374511719
2015-10-12,1.0,14800,66.35502666683736,60.50410079956055,34.50642013549805,40.387996673583984,63.91205596923828,68.24046692607006,38.705562591552734
2015-10-20,0.0,9810,9.378001926339056,6.113321781158447,5.538131237030029,3.947935104370117,8.4805908203125,6.741439688715955,3.882455825805664
2015-10-31,3.0,28200,89.00441494680955,117.5653076171875,89.02766418457031,103.51611328125,102.65338897705078,147.83832684824904,29.357763290405277
2015-11-07,2.0,16000,14.837340336000942,38.09789276123047,34.09990692138672,38.00847244262695,42.92091369628906,49.98579766536968,24.192777633666992
2015-11-13,3.0,33500,62.94694073250861,118.1849365234375,114.9118194580078,123.80247497558594,130.5430145263672,140.37392996108954,89.3833236694336
2015-11-16,3.0,44300,130.87511268924803,71.32170867919922,33.216552734375,51.74509811401367,43.31046676635742,78.36517509727629,45.90412521362305
2015-11-25,0.0,16800,8.04784704384507,7.412292957305908,11.726110458374023,6.090402603149414,9.910406112670898,7.8175097276264625,8.764540672302246
2015-12-01,1.0,13600,1.0721567897493354,10.408348083496094,1.615015745162964,1.8777793645858765,1.482358455657959,12.865369649805457,0.4117067158222198
2015-12-03,3.0,15200,22.73415293556773,57.50981903076172,64.75727844238281,38.07875442504883,46.99682235717773,64.02062256809339,30.94198989868164
2015-12-06,2.0,22500,89.91077629193293,72.3171157836914,70.53337860107422,77.99380493164062,99.93087005615234,90.00252918287936,66.63541412353516
2015-12-07,1.0,26300,84.69826000142507,82.11819458007812,86.39990234375,94.41366577148438,100.0606918334961,97.99533073929962,65.6629867553711
2015-12-09,3.0,64300,131.5122866147335,108.10565948486328,154.77915954589844,144.77890014648438,150.70079040527344,133.83035019455252,97.0552749633789
2015-12-21,0.0,18500,57.38589860695498,42.9052619934082,39.5796127319336,39.13996505737305,54.99928665161133,40.97431906614785,22.740577697753903
2016-01-13,1.0,15200,37.15872275519112,44.13045501708984,52.66968536376953,59.12208557128906,39.8199348449707,55.69533073929963,40.52272415161133
2016-01-17,1.0,15700,28.726569765072448,42.12848663330078,57.54826354980469,43.3343391418457,50.75640106201172,49.22529182879374,23.23650932312012
2016-01-22,2.0,29900,72.89342454560172,81.9339828491211,86.24411010742188,92.64991760253906,98.2160186767578,92.98326848249027,59.250244140625
2016-01-26,1.0,20700,11.901087929960562,22.86105728149414,34.037506103515625,21.11425018310547,19.455753326416016,29.574513618677056,17.233642578125
2016-01-28,3.0,39900,63.61644171513876,81.71524810791016,102.75105285644533,67.61959838867188,70.90999603271484,106.37431906614783,58.56393432617188
2016-02-06,2.0,17600,41.98039004411798,32.45350646972656,52.7624397277832,46.34612274169922,60.21271514892578,38.46867704280156,31.17287254333496
2016-02-12,2.0,28400,28.407680683197896,52.64189910888672,26.090431213378903,37.33118438720703,47.00136184692383,67.42334630350197,34.10242462158203
2016-02-16,2.0,59300,106.09609179742932,77.2913818359375,91.11111450195312,91.11517333984376,100.25201416015624,97.92665369649806,60.69425201416016
2016-02-22,0.0,22100,29.25683175082284,10.694007873535156,26.781200408935547,17.639751434326172,26.278621673583984,12.611284046692608,17.515596389770508
2016-03-02,1.0,22800,64.46819314144082,60.73606491088867,100.81732177734376,70.30772399902344,86.67932891845703,63.90661478599223,32.53529739379883
2016-03-04,2.0,25100,66.65388340409622,39.2583236694336,66.04753112792969,36.66314697265625,53.51852798461914,42.142412451361885,30.261119842529297
2016-03-06,1.0,22100,32.46252584448093,27.895902633666992,42.1142807006836,26.70059967041016,33.12745666503906,29.89669260700389,17.68108367919922
2016-03-10,2.0,22700,42.55945505857838,45.02983093261719,52.7479133605957,62.03058624267578,62.55656814575195,48.18891050583656,30.10018539428711
2016-03-25,0.0,16900,45.61100956073911,30.7228946685791,39.434478759765625,38.82303237915039,42.34684371948242,40.05194552529185,21.058502197265625
2016-08-28,1.0,7010,0.433946462807087,0.7607693672180176,1.356806755065918,0.079860046505928,1.17760968208313,0.7544747081712064,0.0017015247140079
2016-09-03,0.0,8010,32.92962141594285,21.82899475097656,18.03894805908203,28.768951416015625,25.386905670166016,22.98560311284048,0.5220193266868591
2016-09-18,2.0,13300,42.308116688383485,52.34086608886719,20.60801124572754,40.345951080322266,47.83743667602539,52.35038910505837,3.1177573204040527
2016-09-25,1.0,8460,7.729569781164952,7.195044994354248,6.608863353729248,5.886935710906982,6.193996906280518,7.502140077821017,0.4174973666667938
2016-10-07,1.0,8230,20.74249521993905,30.02130699157715,28.72764778137207,25.496505737304688,34.79553985595703,31.7464980544747,1.880864500999451
2016-10-09,2.0,31000,103.36998663896811,79.44348907470703,85.6872329711914,80.12075805664062,96.0042953491211,97.78871595330736,8.646183967590332
2016-10-12,2.0,13200,4.604780112589303,13.803783416748049,0.0360383614897728,0.3440210223197937,0.0436761789023876,10.009727626459153,0.0151460021734237
2016-10-15,3.0,40700,115.23362334052646,115.96900939941406,105.13868713378906,125.9923095703125,104.19477081298828,137.18501945525293,16.113203048706055
2016-10-16,1.0,33700,131.03875532569666,91.34156036376952,110.70329284667967,112.99977111816406,95.3525390625,104.9503891050584,17.856046676635742
2016-10-20,1.0,33000,50.49859078556129,64.29608154296875,71.56019592285156,68.3743896484375,59.75724792480469,74.32490272373539,4.884365558624268
2016-10-27,2.0,36700,58.32855064030132,55.44141006469727,20.62649154663086,47.19208526611328,51.58658599853516,61.64241245136187,6.005641937255859
2016-11-03,3.0,34000,71.08322562724638,42.89449691772461,55.96492385864258,53.6812744140625,48.85799407958984,55.12801556420233,5.121809482574463
2016-11-08,4.0,25700,46.1788891788862,11.04563808441162,17.444747924804688,16.593761444091797,4.924252510070801,9.963813229571988,0.7907424569129944
2016-11-12,3.0,20700,15.198172064986434,30.97139358520508,30.4815673828125,14.357118606567385,21.844785690307617,35.83268482490274,3.9758241176605225
2016-11-14,1.0,31700,62.82186044117233,68.19126892089844,80.90229797363281,51.5669059753418,66.56285095214844,82.61245136186773,5.1642746925354
2016-11-20,1.0,19700,11.8806940774635,22.05928421020508,20.534442901611328,15.770864486694336,22.43099975585937,23.32198443579768,0.9264239072799684
2016-11-26,1.0,24200,57.38571697576096,69.86827087402344,66.31572723388672,85.91761016845703,65.37039947509766,71.09863813229573,0.1732138693332672
2016-12-12,0.0,15000,51.8614512301312,34.58101272583008,57.86293029785156,48.10649108886719,47.4751091003418,37.54961089494162,4.1276702880859375
2016-12-20,1.0,11400,34.649021004007665,55.42816925048828,61.38693237304688,57.76925659179688,69.06657409667969,58.25933852140079,4.400035858154297
2016-12-30,0.0,12300,54.45845504896448,30.237384796142575,41.5682373046875,34.929351806640625,49.35608673095703,38.26128404669256,3.417192220687866
2017-01-19,4.0,29000,96.03717215202508,93.55044555664062,125.88431549072266,113.7133560180664,105.12892150878906,119.0620622568094,10.189567565917969
2017-02-01,0.0,9570,5.949483753436638,1.2285542488098145,3.341773748397827,1.5110821723937988,2.1490516662597656,1.9620622568093384,0.0032047869171947
2017-02-10,2.0,32900,77.32276293814488,89.33748626708984,74.58573913574219,95.28510284423828,104.7497100830078,100.95311284046696,3.528978109359741
2017-02-16,4.0,47500,76.53956782378935,79.18399810791016,80.57199096679688,77.75404357910156,83.06532287597656,100.93287937743192,3.871861457824707
2017-03-03,0.0,12200,35.47796554079931,59.91251373291016,55.09765625,62.0030517578125,66.924560546875,65.48249027237355,2.463977813720703
2017-03-10,1.0,16600,53.60699809395332,40.94768524169922,38.79631805419922,50.599365234375,42.85876083374024,50.2367704280156,1.36384916305542
2017-03-12,2.0,19500,51.86272851527308,31.634456634521484,61.80692672729492,52.650299072265625,46.24127197265625,35.81284046692609,2.2859911918640137
2017-03-15,1.0,41900,69.90948189330602,70.52690124511719,84.8115234375,67.29946899414062,79.57835388183594,88.34727626459143,2.3497912883758545
2017-03-17,1.0,28200,66.51763290325918,46.92378234863281,27.831056594848636,36.84178161621094,37.83359146118164,56.08988326848251,0.9742258191108704
2017-03-29,1.0,25000,54.49940342064341,57.540523529052734,65.83560943603516,69.54906463623047,61.99695587158203,75.94182879377432,3.557241916656494
2017-04-04,1.0,16800,9.50307076875286,9.70167064666748,2.523634910583496,3.1474533081054688,5.139033317565918,9.644163424124525,0.0612396597862243
2017-04-15,0.0,17300,31.41306122215768,18.89517974853516,27.07865524291992,33.77285385131836,41.57552337646485,22.924513618677057,1.013808250427246
2017-05-02,1.0,15700,13.384617597499084,8.154600143432617,14.210617065429688,13.330681800842283,12.189523696899414,8.196692607003891,0.003237469587475
2017-05-04,2.0,20500,12.64713002828904,23.04178237915039,2.411575555801392,7.850739479064941,13.839836120605469,26.423346303501944,0.9439794421195984
2017-05-17,0.0,19000,27.95555828723399,23.915454864501957,27.23365592956543,23.55398368835449,20.31461906433105,26.044163424124505,3.140211582183838
2017-06-08,2.0,33100,1.5264856577160846,14.717887878417969,8.295252799987793,6.24747896194458,15.613109588623049,16.557782101167305,0.0009368186583742
2017-06-16,1.0,27600,28.74413958567517,22.88100242614746,42.5755615234375,32.992698669433594,31.809158325195312,28.28326848249026,0.1546871811151504
2017-06-18,2.0,22600,29.892386236899387,6.938715934753418,26.15824317932129,16.00823402404785,16.135103225708008,5.714591439688716,0.1689617335796356
2017-07-11,0.0,17400,0.0677093685741303,0.0,0.0009813025826588,0.0098222717642784,0.4576820135116577,0.07568093385214,0.01880176179111
2017-07-23,2.0,10800,1.471401531679999,0.0738712772727012,0.0861088335514068,0.3015945255756378,0.7750680446624756,0.133657587548638,0.1378331035375595
2017-08-14,0.0,9060,5.018017208948464,5.737331390380859,2.0492820739746094,4.93610143661499,3.5148987770080566,5.068677042801557,0.3909348249435425
2017-09-09,1.0,8220,1.2589655833264963,7.694669723510742,1.0771310329437256,1.3940939903259275,3.3521764278411865,7.693774319066143,0.4008581638336181
2017-09-17,1.0,7200,0.0542217972390104,6.85863733291626,0.0217059031128883,5.44887638092041,6.100505828857422,7.606809338521402,1.307189631916117e-05
2017-09-30,0.0,6840,5.333401523379344,15.209084510803224,10.07707977294922,12.343280792236328,13.59460163116455,19.62120622568093,0.0
2017-10-07,1.0,6630,13.58457360552543,27.27882575988769,6.309249401092529,11.45879364013672,22.03951644897461,32.17626459143968,0.290250152349472
2017-10-17,3.0,8560,8.306131934987498,27.04363250732422,25.72562026977539,24.62578773498535,29.65615463256836,31.015369649805457,1.8332332372665403
2017-10-19,4.0,36400,111.33157369050612,115.23063659667967,92.07675170898438,121.27497100830078,122.6022491455078,141.86789883268486,18.452402114868164
2017-10-21,3.0,22500,123.8241415225525,90.63004302978516,86.45855712890625,102.24559020996094,96.19932556152344,106.01050583657587,9.983901023864746
2017-10-25,1.0,16400,18.57296557776718,8.082836151123047,6.9428791999816895,3.4274649620056152,6.258657932281494,7.777042801556423,0.4104572832584381
2017-11-02,0.0,11500,6.9040726356751,23.85787010192871,14.528645515441896,25.00201988220215,23.588319778442383,23.41225680933851,4.576799392700195
2017-11-08,1.0,8690,4.787470361885631,3.028680324554444,1.9151482582092283,0.4736154079437256,0.9252808094024658,2.935214007782101,0.0972145497798919
2017-11-14,2.0,14900,59.97311476175005,67.49454498291016,49.95231628417969,67.98210144042969,89.4833984375,77.83463035019453,1.2794638872146606
2017-11-15,1.0,15900,74.55559856166803,64.78860473632812,66.8257827758789,76.51443481445312,127.92133331298828,74.2112840466926,4.436203479766846
2017-11-20,2.0,15100,37.42399038824615,43.615989685058594,54.80044174194336,48.22160339355469,55.42208862304688,50.57101167315175,1.4449611902236938
2017-11-23,4.0,76900,139.13341681040953,142.18865966796875,116.3491668701172,109.5628662109375,108.81706237792967,171.32159533073923,0.0
2017-11-25,3.0,55900,96.30717205786704,58.89199066162109,55.66636276245117,67.53729248046875,64.51454162597656,62.53929961089494,1.1523969173431396
2017-12-03,0.0,29000,41.76300950864077,24.71117210388184,20.3968505859375,31.70509910583496,49.19755935668945,29.010311284046697,5.829734802246094
2017-12-19,1.0,19800,75.51153150582633,95.62147521972656,73.25223541259766,100.53883361816406,115.91423797607422,116.63735408560316,9.816110610961914
2017-12-30,1.0,23800,84.93495035148715,73.39617919921875,56.24890899658203,87.70263671875,89.14389038085938,94.30525291828792,5.603918552398682
2018-01-05,1.0,15100,4.779804975481527,20.10713005065918,12.722088813781738,13.74712371826172,11.49183750152588,24.223929961089517,0.9193975329399108
2018-01-08,1.0,18600,37.48145505316541,30.72627639770508,35.049842834472656,28.834060668945312,39.86169052124024,32.8365758754864,2.4197371006011963
2018-01-15,1.0,24200,27.18643592545285,8.1343355178833,4.403598785400391,11.749958992004396,23.67051315307617,6.284435797665368,2.6354422569274902
2018-01-18,3.0,28300,38.18677624494654,49.98641204833984,67.90507507324219,38.937625885009766,29.68649673461914,56.85661478599224,2.4241151809692383
2018-01-20,1.0,23800,58.84998086969552,35.97846221923828,56.78562927246094,46.45001983642578,49.42570495605469,42.67081712062256,2.008094549179077
2018-01-29,2.0,28100,47.80873423096783,71.49348449707031,85.50434875488281,81.48490905761719,102.11227416992188,92.11498054474708,11.227912902832031
2018-02-04,1.0,44500,75.66002868261211,89.45686340332031,105.96625518798828,73.88986206054688,124.14767456054688,103.57003891050584,1.834549069404602
2018-02-06,2.0,46700,77.64016450038375,47.92416763305664,93.50833892822266,67.40914916992188,90.16668701171876,53.66692607003894,2.463613271713257
2018-02-18,0.0,20300,63.79255633577562,52.0831184387207,52.73121643066406,57.20887756347656,62.4130973815918,63.54182879377427,0.9056601524353028
2018-03-27,1.0,12400,23.94108601056536,32.423126220703125,50.43597412109375,40.24964904785156,48.66712188720703,43.09241245136185,0.9678699374198914
2018-04-06,1.0,14000,25.881172096280626,31.17047119140625,24.7037353515625,30.99648666381836,32.02963638305664,31.118093385214,1.2501258850097656
2018-04-08,2.0,22800,41.81111474508993,39.28544616699219,55.12553024291992,59.731475830078125,57.655059814453125,46.63482490272376,1.779826045036316
2018-04-10,1.0,19300,40.527753341122335,18.30855178833008,38.07975006103516,44.87718963623047,39.4932975769043,22.14571984435797,1.3393888473510742
2018-04-16,0.0,22800,71.00339573564767,56.04071044921875,56.44977569580078,71.14195251464844,71.5481185913086,69.41828793774319,2.589552640914917
2018-06-07,1.0,17500,0.5279369012196237,0.0456305183470249,0.001962321344763,0.0619305707514286,0.1321429908275604,0.1712062256809339,0.0010217865929007
2018-06-14,0.0,15800,10.500686423076864,10.469964027404783,6.571603775024414,5.959883213043213,10.361425399780272,9.40408560311284,0.2491262853145599
2018-07-01,1.0,14100,9.16083558323307,13.035411834716797,3.416989803314209,4.631408214569092,8.918853759765625,9.251167315175094,0.14390429854393
2018-07-07,1.0,17600,9.023151053299362,7.669412136077881,0.7657806873321533,2.265626907348633,4.038599014282227,9.00389105058366,0.3443312644958496
2018-08-13,0.0,9450,7.0262810719832975,7.553050518035889,9.247190475463867,4.71137809753418,6.201251983642578,6.716147859922174,1.0302947759628296
2018-08-27,1.0,7000,8.966156796209896,7.702302932739258,1.6172791719436646,9.495478630065918,6.749176025390625,8.919649805447474,0.1576361656188964
2018-09-02,0.0,6310,0.0710210330195789,6.588482847291743e-06,0.092520847916603,0.0483398362994194,0.3382846713066101,0.0544747081712062,0.0493507757782936
2018-09-10,1.0,8380,23.58733268831429,28.467872619628903,19.164213180541992,19.11880874633789,21.38471221923828,35.74805447470818,2.3092401027679443
2018-09-22,2.0,9710,19.102210297797946,41.04769134521485,26.68163299560547,35.66794967651367,37.3015251159668,46.96945525291828,1.071174383163452
2018-10-01,1.0,8500,17.531831715013794,40.227577209472656,23.142066955566406,22.374446868896484,20.65227699279785,43.690856031128405,1.4136412143707275
2018-10-08,2.0,10200,3.300116633240002,12.537931442260742,5.638890743255615,6.617676258087158,6.427836418151856,10.952334630350194,0.2790870666503906
2018-10-16,0.0,9740,0.3399445495005504,0.0,0.0,2.0779157949846198e-08,0.0,0.3678988326848249,0.0001699346466921
2018-10-26,2.0,8860,29.144076499461825,41.59390258789063,55.703590393066406,53.66583633422852,58.57139587402344,51.76070038910507,5.63411283493042
2018-10-28,1.0,13400,79.48152970401551,74.10076904296875,75.25,89.44685363769531,93.53866577148438,86.21770428015571,12.39199447631836
2018-11-02,4.0,44400,92.74914925207828,88.26063537597656,96.58265686035156,72.36503601074219,83.89590454101562,118.11536964980546,10.124656677246094
2018-11-04,3.0,38500,123.46013581445068,78.60449981689453,102.2472686767578,86.40660095214844,94.16655731201172,104.24085603112844,14.553199768066406
2018-11-14,1.0,13900,4.314246650332679,15.77005386352539,13.219264030456545,12.08113956451416,21.61795234680176,18.344747081712068,6.236151695251465
2018-11-21,1.0,10700,0.3417839391969935,9.958892822265623,2.7400965690612797,7.107334136962891,4.319175720214844,12.389105058365754,0.583411693572998
2018-11-27,3.0,47300,87.74233269373875,102.28829956054688,96.84523010253906,95.69947052001952,111.8975067138672,132.03929961089483,0.6493238210678101
2018-12-03,0.0,16000,5.263214152603033,0.5515093207359314,3.338290214538574,1.6918708086013794,1.0261555910110474,0.6285992217898833,0.0029193889349699
2018-12-09,1.0,13100,1.2515583171441984,18.709402084350582,15.003973960876465,5.018882751464844,10.604698181152344,23.85778210116731,0.3481907546520233
2018-12-11,1.0,15300,37.889615696784105,70.99415588378906,54.03373718261719,67.94380187988281,69.32149505615234,91.1338521400778,7.1656341552734375
2018-12-14,3.0,22600,93.40422753961204,45.547508239746094,92.878662109375,66.38034057617188,84.04754638671875,52.8441634241245,7.551305294036865
2018-12-17,2.0,21800,46.2068815129323,58.66314315795898,50.31415939331055,58.715065002441406,52.953800201416016,68.04883268482487,2.647698163986206
2018-12-18,1.0,26000,63.98248760952092,86.33822631835938,99.5078353881836,104.2310028076172,94.24200439453124,100.46361867704276,4.233494758605957
2018-12-21,2.0,30200,79.73106890027883,41.29528427124024,72.8404312133789,46.23640441894531,73.4503402709961,45.31361867704283,4.177379131317139
2018-12-30,2.0,22000,66.22701722007476,56.96173858642578,81.55252075195312,54.13310623168945,77.6795654296875,71.79844357976651,4.1936516761779785
2019-01-04,2.0,35800,73.46252396726496,64.32711791992188,106.49647521972656,97.41861724853516,108.34230041503906,93.75428015564204,8.626970291137695
2019-01-10,2.0,23400,36.77865579185796,37.78556442260742,43.78997039794922,50.72150802612305,42.907936096191406,42.50525291828796,3.00110387802124
2019-01-19,1.0,16700,30.670430247517867,38.10509490966797,56.38988494873047,47.36725616455078,50.82297134399414,44.915953307392975,7.064833641052246
2019-01-23,1.0,19000,45.12336706118632,44.11432647705078,72.38719177246094,52.33868408203125,45.894142150878906,59.41536964980547,2.116408109664917
2019-02-02,1.0,17600,37.61056026395871,36.6014518737793,28.38040542602539,44.210391998291016,32.5240592956543,42.95077821011675,3.3519153594970703
2019-02-13,0.0,12300,47.49544359626779,38.01789855957031,32.549354553222656,44.42306900024414,38.48898315429688,43.925486381322976,6.469213962554932
2019-04-19,2.0,23700,47.99367497203227,53.19953155517578,57.36110305786133,48.31011581420898,55.92694091796875,63.80544747081709,3.557089567184448
2019-04-22,1.0,19300,17.14372081544213,5.77276611328125,4.754646301269531,2.425504684448242,6.976118087768555,6.989688715953309,0.5710198879241943
2019-06-28,0.0,13300,28.390804975517952,32.77939224243164,14.55375862121582,15.29556941986084,21.622556686401367,28.24494163424125,1.2053841352462769
2019-07-10,1.0,9930,4.744892920940593,15.20282745361328,15.85030746459961,6.90778112411499,12.573293685913086,11.865175097276264,1.7711760997772217
2019-07-18,1.0,11300,26.42357172113892,28.81155776977539,9.623416900634766,16.013303756713867,15.702784538269045,28.970622568093397,3.783731460571289
2019-07-26,0.0,10500,0.1980439757536046,0.3163247108459472,0.5970134139060974,0.3669363558292389,0.5952410697937012,0.207976653696498,0.1384509205818176
2019-08-02,3.0,9240,2.311673040670943,9.19455909729004,1.7934919595718384,4.282618522644043,4.017197132110596,9.128210116731516,0.7721133232116699
2019-08-12,0.0,7260,8.930954114678645,7.410650253295898,15.375344276428224,2.0283751487731934,3.6378674507141113,8.378210116731516,1.0700892210006714
2019-08-21,1.0,6610,0.2722982802414059,8.736556053161621,2.20088005065918,0.4378638565540313,7.883648872375488,9.80642023346303,0.0
2019-09-01,0.0,6480,2.0397724654727187,0.552097737789154,0.9801411032676696,0.7056039571762085,7.17149543762207,0.5105058365758757,0.0783922001719474
2019-09-12,1.0,7070,7.664447424856965,16.680675506591797,8.52839469909668,11.635054588317873,8.169936180114746,17.830933852140063,0.2877668738365173
2019-09-15,3.0,11000,39.32765200944977,41.06964874267578,21.062578201293945,47.138309478759766,44.019073486328125,50.19610894941634,1.153202772140503
2019-09-17,1.0,10900,41.095412953516345,40.188777923583984,30.42664337158203,45.2978515625,52.24544525146485,42.9850194552529,1.7875001430511477
2019-09-24,4.0,11400,21.562323133931063,19.70232963562012,21.60634994506836,22.68040657043457,29.983299255371094,22.484046692607,1.592326283454895
2019-10-08,2.0,18000,44.295074567611664,50.10836791992188,18.402254104614254,31.968074798583984,37.87168502807617,55.21731517509728,1.7202727794647217
2019-10-17,2.0,10400,19.326778195648373,43.709014892578125,58.24355316162109,35.42276382446289,62.49937438964844,54.60505836575875,1.772033929824829
2019-10-22,2.0,38700,95.90612040103964,66.94316864013672,55.019229888916016,61.895118713378906,64.81097412109375,85.12976653696496,3.954470634460449
2019-10-25,1.0,16500,3.294323140447452,10.224221229553224,6.822678089141846,3.554353952407837,9.760882377624512,10.153112840466928,1.6212217807769775
2019-11-10,0.0,7910,1.5478623301533352,2.534297466278076,16.690780639648438,3.0545454025268555,12.81159496307373,1.5206225680933845,0.0804042071104049
2019-11-17,2.0,11700,41.57619881242724,58.5190658569336,84.69320678710938,49.93842315673828,62.4887924194336,80.78968871595333,5.963477611541748
2019-11-24,1.0,10400,15.629166392020275,21.70413589477539,23.30577850341797,16.62938690185547,22.264068603515625,26.88988326848249,2.3683478832244877
2019-12-13,0.0,13700,45.70043397423331,44.64220428466797,46.13256072998047,57.60506820678711,54.359710693359375,54.34124513618678,3.664032459259033
2019-12-20,2.0,21000,67.98980695175864,133.30166625976562,86.3004150390625,98.01990509033205,97.28414916992188,155.77023346303503,20.08869171142578
2020-01-03,2.0,21800,94.9281395172298,50.96407318115234,122.37540435791016,74.43999481201172,87.09846496582031,96.81031128404668,2.325337648391724
2020-01-07,1.0,37700,111.25780674276686,108.18523406982422,137.807861328125,133.43028259277344,131.1570281982422,143.803112840467,10.322946548461914
2020-01-19,1.0,12100,30.380965570849767,23.16121482849121,32.142784118652344,29.334163665771484,37.99238586425781,28.814396887159525,1.7118221521377563
2020-01-24,2.0,44700,94.6468642626392,73.8722915649414,97.30729675292967,128.26083374023438,111.0177993774414,99.729766536965,4.471643447875977
2020-01-29,1.0,26400,41.60309176884919,40.0996208190918,59.174591064453125,67.32879638671875,48.55458831787109,47.38054474708171,0.0099204713478684
2020-02-01,3.0,56400,111.89292352012647,105.2535400390625,150.62570190429688,117.4622573852539,119.49012756347656,138.42996108949416,17.640193939208984
2020-02-07,3.0,32600,72.90644357218113,75.59895324707031,92.14806365966795,97.80074310302734,126.9171905517578,93.02081712062255,3.324281454086304
2020-02-25,0.0,14600,46.89325418651111,38.88433074951172,37.71823120117188,43.94887161254883,42.70314407348633,46.000389105058375,1.511149525642395
2020-03-03,1.0,15400,39.76808986140693,31.45886993408203,23.585487365722656,19.74258041381836,32.37440490722656,44.53365758754863,0.5569198131561279
2020-03-31,0.0,13700,71.18812040620293,40.15089416503906,58.48514938354492,70.51529693603516,63.954620361328125,58.27159533073931,1.2920804023742676
2020-05-17,1.0,19400,18.40035946987192,21.67696189880371,11.141073226928713,14.300548553466797,6.730997085571289,25.06089494163423,1.214040994644165
2020-06-01,0.0,38300,39.76051817983158,34.35639190673828,11.561284065246582,16.127822875976562,15.851825714111328,41.78832684824908,1.3187885284423828
2020-06-22,2.0,25400,7.222183564147177,5.391643524169922,7.831619262695312,5.618921756744385,11.618104934692385,6.560116731517505,0.9166535139083862
2020-06-26,1.0,31500,6.632313571479011,4.4928154945373535,0.1166837513446807,2.2892279624938965,0.85307776927948,5.57470817120623,0.7759581804275513
2020-07-03,0.0,25800,22.717321229744908,17.928937911987305,6.624758243560791,28.53193664550781,22.60082054138184,18.846498054474704,3.8953161239624015
2020-07-15,1.0,16500,1.8935583203819084,0.0,0.0077315396629273,0.0045091398060321,0.0185179412364959,0.0011673151750972,0.066830076277256
2020-08-09,0.0,9950,10.17947227611112,3.3960201740264893,1.1875325441360474,1.1011013984680176,1.5965235233306885,1.8673151750972763,0.578376829624176
2020-08-22,3.0,10200,17.45850287755928,15.895118713378906,12.123316764831545,19.92293930053711,29.62114715576172,17.65719844357975,2.3790857791900635
2020-09-01,2.0,6810,1.8086558315245411,2.8177762031555176,0.1779322773218155,1.8547062873840328,3.753002643585205,1.6013618677042816,0.0040958602912724
2020-09-02,1.0,6840,1.7479942633448091,0.0,0.1857233196496963,1.86328125,3.939625024795532,0.0416342412451361,0.017840951681137
2020-09-17,3.0,8630,3.684099429402541,2.5116207599639893,0.0207743570208549,0.0285590644925832,19.344762802124023,1.9966926070038924,0.0041111106984317
2020-09-24,3.0,19300,65.64048546726636,95.68126678466795,44.68730926513672,89.08501434326172,86.06900787353516,96.91575875486382,15.660892486572266
2020-09-25,2.0,22100,89.56263267620686,120.18050384521484,78.63938903808594,125.23614501953124,132.23590087890625,130.82704280155644,19.576251983642575
2020-10-03,0.0,11900,0.1035525804377974,0.604932963848114,6.657453923253343e-05,6.692619535897393e-06,0.0010186020517721,0.3406614785992217,0.0023747275117784
2020-10-10,2.0,13600,23.773713226908463,49.22715759277344,49.46604537963867,47.00909805297852,51.619590759277344,60.35486381322956,8.221304893493652
2020-10-12,1.0,27300,95.46915304729175,74.17389678955078,94.95832061767578,99.85528564453124,111.05130767822266,89.06692607003889,12.7853422164917
2020-10-14,3.0,33500,87.68270362358021,62.54184341430664,62.19727325439453,74.2502212524414,85.31424713134766,60.87996108949418,6.0199055671691895
2020-10-24,1.0,18500,27.890298291339885,21.46092987060547,18.143075942993164,25.17997169494629,25.359813690185547,21.69182879377432,2.000561475753784
2020-10-30,1.0,20200,9.558411099785944,22.93344116210937,14.716691970825195,13.608171463012695,27.504417419433597,20.501361867704272,0.1979236304759979
2020-11-05,4.0,46100,83.11877822165042,97.5795440673828,63.634521484375,74.54981231689453,75.39356994628906,118.07373540856032,20.184818267822266
2020-11-16,3.0,20000,73.51615681269884,65.27596282958984,45.09705352783203,51.23555755615234,60.90857696533203,65.84727626459136,6.034934997558594
2020-11-27,1.0,18000,29.895045900336747,13.04854965209961,22.11023330688477,15.6337890625,26.94050025939941,17.05194552529182,0.2459452152252197
2020-11-30,1.0,17300,11.626240930843869,22.86260032653809,29.06136131286621,23.714221954345703,31.83155059814453,25.69805447470817,0.0001775599375832
2020-12-08,3.0,15700,10.377544930208089,34.48722839355469,38.699440002441406,28.36845016479492,48.0328254699707,36.57996108949414,2.5939149856567383
2020-12-20,1.0,23000,57.20783363519162,51.72441101074219,71.33392333984375,76.78146362304688,79.77940368652344,56.54319066147859,8.462077140808105
2020-12-31,1.0,20700,43.19070356998621,,58.653564453125,66.74049377441406,54.825782775878906,57.96614785992219,5.111048698425293
2021-01-02,2.0,29600,80.61596061896184,,,95.54005432128906,96.78389739990234,,
2021-01-03,1.0,40800,98.43016705503884,82.99517822265625,,107.43449401855467,109.6068344116211,167.8132295719844,7.105544090270996
2021-01-13,3.0,49000,95.50682279239828,91.2430419921875,,113.29338073730467,143.4740447998047,104.11245136186773,5.06984281539917
2021-01-19,0.0,21200,13.386120882656346,6.041398525238037,,6.017037868499756,8.539027214050293,6.590272373540852,0.5174446702003479
2021-02-05,2.0,20100,51.585816098729694,46.92478561401367,,42.075469970703125,53.84800720214844,52.554669260700365,2.848498821258545
2021-02-15,0.0,17200,13.376487622297518,24.286243438720703,,28.40449905395508,26.39291000366211,24.513424124513623,0.9942380785942078
2021-02-22,2.0,22300,65.10477217695681,81.71572875976562,,86.56427001953125,93.10494995117188,101.10661478599224,7.340681552886963
2021-03-05,2.0,14900,5.442157424940731,12.127157211303713,,11.961220741271973,14.204524040222168,10.819455252918283,7.625272701261565e-06
2021-03-22,0.0,12700,32.75042649944015,21.613725662231445,,38.07307434082031,33.29474639892578,29.674902723735418,4.646841049194336
2021-05-26,1.0,17600,10.701986160016675,11.724908828735352,,8.027915954589844,6.196862697601318,10.697276264591446,1.1086314916610718
2021-06-06,0.0,26200,12.519331806694913,17.540237426757812,,10.518062591552734,11.62069034576416,17.714396887159534,1.725345015525818
2021-06-14,2.0,22300,19.969597607965,22.49149703979492,,21.714767456054688,35.86927032470703,19.157392996108943,2.433023452758789
2021-06-20,1.0,26800,0.0233799231066822,0.0,,0.0281351245939731,0.0315259024500846,0.0233463035019455,5.228758163866587e-05
2021-06-25,1.0,31600,0.0,0.0,,0.0042953030206263,0.0129648707807064,0.0,0.0
2021-07-09,0.0,18400,2.184215049958302,2.030238151550293,,1.5878496170043943,0.1730362027883529,1.8391050583657589,0.4335100054740906
2021-08-08,2.0,10900,27.481110047693026,24.40652084350586,,14.11773681640625,18.203144073486328,28.221984435797648,0.6320613622665405
2021-08-09,1.0,10300,27.49260278194221,19.147878646850582,,12.137046813964844,15.140192985534668,23.67509727626457,0.5525015592575073
2021-08-16,1.0,10600,0.0400917773706176,4.602511405944824,,0.1440121680498123,0.8113846778869629,4.711478599221792,0.0189215671271085
2021-08-18,1.0,8320,7.250465793370619,6.675454139709473,,3.3301777839660645,9.740464210510254,7.564007782101166,0.8764804601669312
2021-08-29,0.0,6890,6.677079945422168,1.5804460048675537,,3.5623795986175537,5.595469951629639,1.5548638132295716,0.01145641785115
2021-09-05,1.0,6510,0.73542196919383,0.9742580652236938,,0.4273583590984344,0.5021665096282959,0.6712062256809337,0.0012254919856786
2021-09-09,1.0,8440,0.2801759008650514,0.3730356097221374,,1.32291579246521,15.694865226745604,0.2285992217898833,0.0042461873963475
2021-09-18,4.0,19800,68.68836970154162,78.86604309082031,,67.48332214355469,80.55032348632812,82.71303501945525,8.25319766998291
2021-09-27,3.0,14900,36.34610040812573,49.50301361083984,,22.57685089111328,23.12195205688477,51.66128404669259,1.9546458721160889
2021-09-29,3.0,19500,71.63356796277412,45.65464019775391,,38.61186599731445,34.76941680908203,46.8636186770428,4.032134532928467
2021-10-02,1.0,20100,45.17499795013201,28.6142520904541,,48.583980560302734,47.56616973876953,29.599027237354104,0.0278889033943414
2021-10-05,1.0,13000,1.5954401119039874,9.509191513061523,,4.703101634979248,5.554545402526856,14.842801556420234,0.0001514161413069
2021-10-10,1.0,13500,18.238607576023156,18.32899475097656,,17.095523834228516,15.021395683288574,29.11342412451362,6.019438743591309
2021-10-17,4.0,17100,34.9880786925983,17.870376586914062,,23.493732452392575,20.199413299560547,25.526459143968868,0.5410130023956299
2021-10-22,3.0,14300,21.503697359799723,27.23583030700684,,28.282001495361328,31.36112594604492,35.05953307392994,1.9458485841751096
2021-10-26,2.0,23700,43.14128251090276,56.630638122558594,,59.118896484375,53.89632415771485,79.74046692607001,7.173760414123535
2021-10-29,3.0,64500,137.70926076914566,103.95745086669922,,120.0817413330078,113.15695190429688,132.41595330739307,7.143974781036377
2021-11-01,1.0,25200,7.90907494870913,4.377625942230225,,0.0542659759521484,0.0213845893740654,6.014980544747088,0.0
2021-11-04,3.0,22800,32.39982730731454,59.53621673583984,,41.625144958496094,38.23413848876953,64.52354085603113,7.23320198059082
2021-11-09,1.0,21200,35.139673918428656,40.76166534423828,,46.52361679077149,37.28435516357422,44.04396887159531,3.3510336875915527
2021-11-12,2.0,44600,74.47784294863277,79.27201080322266,,77.45306396484375,94.21414184570312,91.36342412451364,7.67116117477417
2021-11-15,4.0,94100,164.08843503262756,140.42477416992188,,123.6326141357422,111.11570739746094,173.29007782101172,11.678915023803713
2021-11-26,2.0,38700,69.46599650177856,63.07456970214844,,46.64656829833984,42.803184509277344,72.04007782101166,1.2722480297088623
2021-11-28,3.0,55800,120.31290185930168,87.51345825195312,,110.1890640258789,83.58430480957031,109.65214007782106,5.27597713470459
2021-11-30,4.0,62200,106.563466853439,80.93954467773438,,93.3654327392578,69.43798828125,97.2589494163424,6.055671215057373
2021-12-11,1.0,21300,44.79074917514284,62.2652587890625,,77.15000915527344,67.35331726074219,80.87587548638132,6.520998001098633
2021-12-18,1.0,16500,15.377764059607255,52.0801887512207,,60.47761917114258,41.35780334472656,61.26984435797662,9.369657516479492
2021-12-24,0.0,19400,65.96197193758438,66.79240417480469,,72.4881591796875,55.707481384277344,70.73463035019456,5.026698589324951
2022-01-03,1.0,13900,26.961790361954638,49.18115234375,,49.42649459838867,45.92990112304688,,4.823074817657471
2022-01-07,3.0,23900,93.6113008864751,101.08712768554688,,96.36434173583984,84.90245056152344,,6.191164493560791
2022-01-10,1.0,16900,35.47126313214078,22.016616821289062,,6.209738731384277,5.605978012084961,,1.3019766807556152
2022-01-13,2.0,46800,91.07479370893986,63.98009490966797,,76.26468658447266,74.2437515258789,,10.277905464172363
2022-01-20,1.0,26500,27.265296828849365,37.87699890136719,,36.205657958984375,37.10391998291016,,0.000452178530395
2022-01-30,2.0,19400,2.1232154335482507,23.438343048095703,,8.693004608154297,10.798832893371582,,0.4616174101829529
2022-02-05,0.0,16500,25.83354811401713,18.63394927978516,,34.49167251586914,32.37340545654297,,1.276534080505371
2022-02-26,1.0,14100,2.1671062536906813,12.547877311706545,,1.859999775886536,0.3216322362422943,,0.1245391890406608
2022-03-01,2.0,43700,120.8524739515485,110.54537963867188,,125.82068634033205,133.76016235351562,,2.3349051475524902
2022-03-08,0.0,19500,1.1226798962473594,3.798374176025391,,4.554774284362793,0.4613714516162872,,0.0127625204622745
2022-03-15,1.0,18000,35.33202512518001,45.11890411376953,,51.77690124511719,59.32193374633789,,9.234241485595703
2022-03-22,0.0,15600,35.91453748536839,20.73240852355957,,24.309541702270508,17.888309478759766,,1.1603394746780396
2022-04-04,1.0,16600,35.97653070257453,64.29830169677734,,59.34300231933594,55.76655578613281,,5.448862075805664
2022-04-07,1.0,16000,65.14094516313425,30.274991989135746,,38.04243087768555,29.65618896484375,,6.05394172668457
2022-04-21,0.0,12100,22.417302663350767,12.880982398986816,,25.0297966003418,24.850147247314453,,0.4844730496406555
2022-05-05,1.0,14300,12.107367375452226,24.93034172058105,,12.363489151000977,12.016290664672852,,0.0464303269982337
2022-05-11,0.0,13500,7.557330978264918,5.929099082946777,,7.974232196807861,21.90521049499512,,0.082063116133213
2022-05-18,1.0,19500,33.905567640360324,28.701828002929688,,27.64185905456543,25.82941055297852,,1.068732738494873
2022-05-29,0.0,21300,28.774484398609864,26.381237030029297,,20.078094482421875,20.68661499023437,,1.2599934339523315
2022-06-05,1.0,32000,28.15496581654647,34.75307083129883,,26.003604888916016,20.96152877807617,,1.418489694595337
2022-06-10,2.0,46500,44.175929058293256,46.156768798828125,,39.1509017944336,39.75179672241211,,5.913449287414551
2022-06-21,1.0,23900,4.575652271603994,3.4959888458251958,,1.6243826150894165,2.400476217269897,,0.0355315878987312
2022-07-05,0.0,33800,17.915842009395043,17.846839904785156,,16.020421981811523,37.3210563659668,,1.4810032844543457
2022-08-28,1.0,7900,0.3304659562788852,0.15022674202919,,0.915268898010254,0.4092303216457367,,0.0411710254848003
2022-09-04,1.0,6880,0.9517257896524762,4.785675048828125,,0.0251357108354568,28.981876373291016,,0.002494553104043
2022-09-15,0.0,8210,5.975464488693289,5.421223640441895,,2.21515154838562,13.584304809570312,,0.0339302867650985
2022-10-24,1.0,6650,15.481555240774568,30.926898956298828,,24.058277130126957,17.836992263793945,,0.2237394452095031
2022-10-31,2.0,15900,66.16189483008624,64.05664825439453,,69.74964141845703,53.64404678344727,,2.795119285583496
2022-11-05,3.0,40000,120.67822598002029,107.513916015625,,107.06495666503906,99.71379089355467,,21.10808753967285
2022-11-13,0.0,8830,0.9046604000986308,0.258878618478775,,0.0814194455742836,0.0007553100585937,,9.477124694967642e-05
2022-11-24,1.0,11000,38.218934551492616,32.80607604980469,,27.69105529785156,25.89246368408203,,3.318987846374512
2022-12-11,0.0,8540,45.08027281154866,35.19499969482422,,43.50458908081055,26.60167121887207,,1.440673589706421
2022-12-25,4.0,35900,109.48779051310702,108.11318969726562,,80.04995727539062,82.29622650146484,,7.556133270263672
2022-12-26,3.0,40500,130.0861718093916,115.08865356445312,,87.41647338867188,107.57587432861328,,7.598299026489258
2022-12-27,2.0,52300,134.16898490548363,91.73323059082033,,85.12265014648438,96.37437438964844,,4.199542045593262
2023-01-06,2.0,17200,7.466853922864811,12.71369171142578,,14.711751937866213,14.875924110412598,,0.3330328166484833
2023-01-07,1.0,16700,10.686620562382023,16.912353515625,,27.111068725585938,26.430381774902344,,0.3330328166484833
2023-01-14,3.0,25900,67.1965458217873,55.83624267578125,,90.42495727539062,67.80255126953125,,6.369269847869873
2023-02-08,0.0,13100,52.744363320033365,44.015098571777344,,58.12032318115234,54.07933044433594,,7.334858894348144
2023-02-21,1.0,14700,72.8256816914159,58.512813568115234,,77.85456848144531,66.9890365600586,,6.615240097045898
2023-03-14,0.0,11800,50.55365947467172,53.15193939208984,,42.82291412353516,30.064924240112305,,3.056286096572876
2023-04-07,1.0,11200,10.80924943033843,17.01049041748047,,24.281036376953125,13.695478439331056,,0.0501655265688896
2023-04-10,1.0,18200,50.83885800485173,47.260379791259766,,49.46260070800781,52.8452377319336,,6.489254951477051
2023-04-24,0.0,14500,30.79910206008991,25.044893264770508,,19.33429718017578,13.626181602478027,,1.2129411697387695
2023-07-25,2.0,8110,16.12242600451763,14.774773597717283,,10.582982063293455,6.278547763824463,,0.3805025517940521
2023-08-06,0.0,6930,0.0158468448771982,0.4271576702594757,,0.1211320534348487,3.8397085666656494,,0.0263475012034177
2023-08-12,1.0,6680,1.9177848507452533,0.0,,0.7803962230682373,0.3651945292949676,,5.228758163866587e-05
2023-08-31,0.0,6650,20.083419196802037,17.470943450927734,,21.127805709838867,33.5057373046875,,2.2413620948791504
2023-09-26,4.0,7310,49.50169661192376,50.00926971435547,,32.349998474121094,33.95186233520508,,4.937315940856934
2023-10-03,1.0,5920,4.153159160671037,4.177041530609131,,8.31952953338623,6.20527982711792,,0.3605871200561523
2023-10-08,2.0,5650,0.0868590801850096,0.0,,3.667736746137962e-05,0.0,,0.0
2023-10-16,3.0,6190,9.894550220234953,40.59428024291992,,20.903461456298828,16.937063217163086,,0.7731156945228577
2023-10-18,4.0,9680,38.45849827222569,37.092166900634766,,23.244346618652344,31.00194931030273,,0.2439532130956649
2023-10-20,3.0,8630,7.50430247692819,3.2427027225494385,,1.5837042331695557,9.203563690185549,,0.0761579498648643
2023-10-26,0.0,6890,22.32277132761738,22.390300750732425,,17.056865692138672,9.510838508605955,,0.0768920630216598
2023-11-02,2.0,9240,21.15753256811966,62.780853271484375,,47.10418701171875,44.39643859863281,,9.803921784623526e-06
2023-11-05,3.0,26600,107.64047171326484,63.134525299072266,,60.59578704833984,69.49874877929688,,3.2583320140838623
2023-11-11,1.0,14200,23.257414515149694,55.85182189941406,,58.75397872924805,71.77132415771484,,9.357291221618652
2023-11-22,1.0,9060,16.378504555219376,9.104570388793944,,8.981107711791992,11.017181396484377,,0.6111955642700195
2023-11-28,0.0,7920,6.883365026876388e-06,0.0,,3.0331084417412058e-05,0.0,,0.0
2023-12-05,3.0,41300,105.2209846396747,127.4143524169922,,145.82460021972656,124.40811920166016,,17.80622673034668
2023-12-10,1.0,21300,54.50110504207829,51.703407287597656,,51.75894546508789,54.52290725708008,,9.951333999633787
2023-12-16,0.0,13200,7.111818353373052,5.312390327453613,,4.448854923248291,4.26175594329834,,1.3027828931808472
2023-12-28,3.0,12800,31.85874949056605,20.74839782714844,,30.228116989135746,37.957916259765625,,1.8505282402038572
2024-01-09,1.0,12400,40.68418925596013,66.10269165039062,,75.26976013183594,84.08523559570312,,
2024-01-20,1.0,10900,41.03690823599212,24.172534942626957,,12.402771949768066,28.23146629333496,,
2024-01-27,2.0,17000,38.44763863206366,52.04810333251953,,48.72724151611328,48.542293548583984,,
2024-01-29,3.0,48300,72.40741103180963,57.88333511352539,,67.28499603271484,51.77409744262695,,
2024-01-30,4.0,40200,60.43036321648904,31.66994285583496,,45.37529373168945,29.78365707397461,,
2024-02-13,0.0,12800,26.21188672882172,19.423301696777344,,37.49171829223633,33.24074935913086,,3.020111322402954
2024-02-29,1.0,19500,83.03055249049149,82.21961975097656,,91.42266845703124,89.6683349609375,,8.163849830627441
2024-03-09,1.0,9370,4.194492056238622,13.286059379577637,,8.228690147399902,11.38061809539795,,0.0313278958201408
2024-04-10,0.0,13000,32.91705159913173,21.063745498657227,,30.283897399902344,30.3028564453125,,13.10484218597412
2024-06-02,1.0,12700,3.638828019487721,29.3331241607666,,17.299970626831055,11.466863632202148,,2.170426368713379
2024-06-04,2.0,26700,54.92246610239633,54.55078506469727,,71.19754028320312,59.81916046142578,,5.800698280334473
2024-06-29,0.0,15000,23.07670704097402,9.622756958007812,,14.799957275390623,18.09271049499512,,0.9079666137695312
2024-08-20,1.0,7120,15.060348379384022,7.309079170227051,,11.16059684753418,11.01179313659668,,0.3999938070774078
2024-08-26,1.0,7960,44.8007995319322,25.418460845947266,,26.862939834594727,42.55336380004883,,4.338754177093506
2024-09-15,0.0,6830,7.311487956208611,6.596418380737305,,10.916706085205078,3.0650877952575684,,0.1032592058181762
2024-09-27,2.0,7860,39.77449306720568,42.32642364501953,,21.322019577026367,21.7200870513916,,4.547557830810547
2024-10-02,1.0,8160,2.6785764179645346,1.6744463443756104,,,4.782523155212402,,0.0193148236721754
2024-10-14,2.0,8120,0.0962208386245281,5.001501083374023,,,2.6134190559387207,,0.0007069716812111
2024-10-20,4.0,30200,85.71691444188261,86.34120178222656,,,124.83300018310548,,11.304898262023926
2024-10-26,2.0,11000,5.087932763438353,42.17617034912109,,,18.84175491333008,,0.5747228860855103
2024-10-27,1.0,19300,37.57546672725618,71.13831329345703,,,47.5034065246582,,10.450281143188477
2024-11-05,1.0,19100,44.676127110453,36.05942535400391,,,43.99418258666992,,3.3833911418914795
2024-11-11,1.0,16200,19.47158515499059,45.513031005859375,,,37.27842712402344,,7.728209972381592
2024-11-13,2.0,23700,68.16248834292702,87.55487060546875,,,84.19503784179688,,14.978249549865724
2024-11-16,1.0,22000,67.87804951896088,39.41763687133789,,,37.55229187011719,,5.559813022613525
2024-11-19,2.0,20900,70.84601816666057,47.80654144287109,,,63.56381988525391,,8.16055679321289
2024-11-23,1.0,17300,22.344261381825,20.994855880737305,,,26.492197036743164,,6.617375373840332
2024-11-29,0.0,13200,2.052265723704961,0.5115205645561218,,,2.532690048217773,,0.0054912851192057
2024-12-07,3.0,14300,12.220839376887218,65.95403289794922,,,43.66817855834961,,6.857761383056641
2024-12-14,1.0,13200,13.096497117675286,29.64413070678711,,,35.10425567626953,,1.5463645458221436
2024-12-18,2.0,28000,61.01419690291239,78.36768341064453,,,70.65074920654297,,13.25270938873291
2024-12-20,1.0,23500,78.3772236719642,40.16264343261719,,,79.07949829101562,,13.396808624267578
2024-12-26,2.0,21600,41.65539195102214,57.15559005737305,,,87.78068542480469,,3.84369707107544
