date,ar_scale,discharge_cfs,prism_3d_tot,daymet_3d_tot,pnnl_3d_tot,conus_3d_tot,ucla_3d_tot,gridmet_3d_tot,hrrr_3d_tot,discharge_cms,Streamflow Bucket (cms),Precipitation Bucket (mm),PNNL,Daymet,CONUS404,UCLA,GridMET,HRRR,PNNL_%,Daymet_%,CONUS404_%,UCLA_%,GridMET_%,HRRR_%
1981-01-09,1.0,17600,1.879225621176002,2.748241901397705,8.991935729980469,2.43099308013916,9.246622085571287,3.156809338521402,,498.37568,< 600,< 20mm,7.112710108804467,0.8690162802217032,0.5517674589631583,7.367396464395285,1.2775837173454,,378.4915461270371,46.24331801510246,29.361427001930046,392.0442751192822,67.9845838067012,
1981-01-21,3.0,12300,14.616831714551171,16.42096519470215,28.58140563964844,14.401647567749023,12.541755676269531,19.02334630350196,,348.29663999999997,< 600,< 20mm,13.96457392509727,1.804133480150977,-0.21518414680214804,-2.0750760382816402,4.406514588950788,,95.53762537469338,12.342849089210953,-1.4721668211308099,-14.196483060114085,30.146851759701576,
1981-01-22,2.0,14500,16.7739082032507,21.83319854736328,22.891014099121094,28.168869018554688,27.41371726989746,29.88443579766537,,410.5936,< 600,< 20mm,6.117105895870395,5.059290344112583,11.394960815303989,10.639809066646762,13.11052759441467,,36.46798242692738,30.16166705343074,67.93265276780103,63.43070999151421,78.16024408595437,
1981-01-29,0.0,12200,24.6341357588996,15.238115310668944,21.47988510131836,21.29463577270508,31.34582901000977,11.2887159533074,,345.46496,< 600,20 - 50mm,-3.1542506575812403,-9.396020448230656,-3.339499986194518,6.7116932511101695,-13.345419805592199,,-12.804389358135696,-38.14227761100223,-13.556391906251688,27.245499159374525,-54.17449971132389,
1981-02-13,1.0,12700,53.2721395495808,71.44988250732422,65.80339050292969,44.04479217529297,36.57292175292969,76.42529182879379,,359.62336,< 600,50 - 100mm,12.531250953348888,18.17774295774342,-9.227347374287831,-16.699217796651112,23.15315227921299,,23.523085536457483,34.12241954507056,-17.321150327930543,-31.34700039803924,43.46202813510835,
1981-02-17,3.0,43700,132.03294484610768,100.78719329833984,170.57778930664062,139.84957885742188,147.93295288085938,130.92937743190657,,1237.44416,1200 - 1700,> 100mm,38.54484446053294,-31.24575154776784,7.816634011314193,15.900008034751693,-1.103567414201109,,29.193353602359828,-23.665117508502618,5.920214852758869,12.042455050354368,-0.8358273122570907,
1981-02-18,2.0,38900,133.96922969407834,91.41129302978516,146.63841247558594,127.65185546875,129.6432342529297,123.32159533073936,,1101.52352,600 - 1200,> 100mm,12.669182781507601,-42.55793666429318,-6.3173742253283365,-4.325995441148649,-10.64763436333898,,9.456785569669957,-31.76694884450344,-4.715541202822617,-3.2290963014620253,-7.947820844870936,
1981-04-10,0.0,16500,57.66507839085267,41.56830596923828,56.95548248291016,52.966434478759766,54.59730529785156,60.51809338521403,,467.2272,< 600,50 - 100mm,-0.7095959079425072,-16.09677242161439,-4.698643912092905,-3.067773093001108,2.8530149943613594,,-1.2305470273236796,-27.91424701187573,-8.148161839381535,-5.319984258423803,4.947561113198676,
1981-04-24,3.0,30200,58.39638242228081,28.209613800048828,60.81867599487305,54.42026519775391,49.50882339477539,51.38735408560308,,855.16736,600 - 1200,50 - 100mm,2.4222935725922383,-30.18676862223198,-3.976117224526895,-8.887559027505418,-7.00902833667773,,4.148019915130952,-51.692874404347336,-6.808841677510884,-15.219365753236147,-12.002504343494188,
1981-04-29,3.0,32400,62.70862722279857,48.01335525512695,45.4697494506836,50.56010437011719,74.48588562011719,58.38132295719846,,917.46432,600 - 1200,50 - 100mm,-17.238877772114968,-14.695271967671616,-12.148522852681381,11.777258397318619,-4.327304265600105,,-27.490440367745034,-23.43421091879516,-19.3729689050897,18.780922049967693,-6.900652202488105,
1981-05-26,0.0,23600,23.427676882464382,16.937410354614258,27.54959297180176,17.921329498291016,16.615800857543945,25.77178988326846,,668.27648,600 - 1200,20 - 50mm,4.121916089337379,-6.490266527850125,-5.506347384173367,-6.811876024920437,2.3441130008040787,,17.594216063405902,-27.703414898589834,-23.50359966034391,-29.076190776812048,10.005742407001726,
1981-06-05,1.0,17300,17.78971511255558,33.837135314941406,31.199954986572266,27.37168884277344,34.50646209716797,52.0274319066148,,489.88063999999997,< 600,< 20mm,13.410239874016685,16.047420202385826,9.581973730217861,16.71674698461239,34.237716794059224,,75.38198216874221,90.2061674448059,53.8624349495913,93.96860421229616,192.45792626490694,
1981-06-11,0.0,22900,49.10188521914911,18.00667953491211,36.420684814453125,33.07246398925781,35.6302490234375,15.206809338521404,,648.45472,600 - 1200,20 - 50mm,-12.681200404695986,-31.095205684237,-16.029421229891298,-13.47163619571161,-33.89507588062771,,-25.826300452819435,-63.32792630151452,-32.64522565345419,-27.436087505776346,-69.03009065608964,
1981-06-19,2.0,28400,48.40596371957494,37.79615020751953,58.23676681518555,39.98277282714844,34.83646011352539,51.90856031128404,,804.19712,600 - 1200,20 - 50mm,9.830803095610605,-10.60981351205541,-8.423190892426504,-13.569503606049551,3.5025965917091,,20.309074213587273,-21.91840157035216,-17.401142845174345,-28.03271035912082,7.235878231864809,
1981-06-21,2.0,29300,44.09418169262304,23.02041816711425,45.145263671875,27.988525390625,23.0879020690918,21.94435797665372,,829.68224,600 - 1200,20 - 50mm,1.0510819792519612,-21.073763525508788,-16.10565630199804,-21.00627962353124,-22.14982371596932,,2.383720343375388,-47.79261733988462,-36.525581570532964,-47.63957242695716,-50.2329850917156,
1981-07-14,0.0,18200,20.546288725761315,18.995641708374023,9.585686683654783,18.499027252197266,13.285721778869627,18.570233463035017,,515.36576,< 600,20 - 50mm,-10.960602042106531,-1.5506470173872913,-2.047261473564049,-7.260566946891688,-1.9760552627262982,,-53.34589710288616,-7.547090562603949,-9.964142434137777,-35.337607895036804,-9.617577602950181,
1981-09-01,2.0,11000,37.42299614974607,35.829132080078125,26.75466728210449,23.40536880493164,36.75456237792969,34.79027237354085,,311.4848,< 600,20 - 50mm,-10.66832886764158,-1.5938640696679442,-14.017627344814429,-0.6684337718163817,-2.632723776205218,,-28.507415133071778,-4.2590498721432795,-37.45725566366643,-1.7861578189562393,-7.035042746632358,
1981-09-07,0.0,6990,0.2559349908356343,0.0,0.235337033867836,0.1071914657950401,0.2153194844722747,0.0764591439688716,,197.934432,< 600,< 20mm,-0.020597956967798314,-0.2559349908356343,-0.1487435250405942,-0.040615506363359616,-0.1794758468667627,,-8.048120696800956,-100.0,-58.117697996253966,-15.86946209689771,-70.12556051080374,
1981-09-17,2.0,7700,0.0526940718753509,0.0,0.0033800760284066,0.0,0.0269343219697475,1.136575875486381,,218.03936,< 600,< 20mm,-0.0493139958469443,-0.0526940718753509,-0.0526940718753509,-0.025759749905603396,1.0838818036110303,,-93.58547193619378,-100.0,-100.0,-48.88547988194708,2056.933095197082,
1981-09-21,1.0,7810,25.840514332188263,22.986156463623047,41.05651092529297,33.68549346923828,32.768985748291016,42.75817120622565,,221.15420799999998,< 600,20 - 50mm,15.215996593104705,-2.8543578685652164,7.844979137050018,6.928471416102752,16.917656874037384,,58.88426367021218,-11.046056714938072,30.35922209674407,26.81243618851771,65.46950519852419,
1981-09-27,1.0,6760,8.265986607686472,26.699222564697266,28.11561584472656,14.239336967468262,13.353759765625,49.70739299610892,,191.421568,< 600,< 20mm,19.849629237040087,18.433235957010794,5.97335035978179,5.087773157938528,41.44140638842245,,240.13623756155232,223.0010382531939,72.26421531130018,61.55070652071285,501.3485788845391,
1981-09-30,2.0,13200,51.8107284951704,24.959205627441406,26.337432861328125,34.47721099853516,30.05624008178711,19.29221789883269,,373.78176,< 600,50 - 100mm,-25.473295633842277,-26.851522867728995,-17.33351749663524,-21.754488413383292,-32.51851059633771,,-49.16606342683794,-51.82618281507466,-33.45545990199887,-41.988385504772744,-62.76404818235467,
1981-10-07,2.0,32900,70.62935562810753,59.64521789550781,99.85237121582033,81.44534301757812,78.06880950927734,82.5239299610895,,931.62272,600 - 1200,50 - 100mm,29.223015587712794,-10.98413773259972,10.815987389470592,7.439453881169811,11.89457433298196,,41.37516947143612,-15.551802271049592,15.313727972291286,10.533090405555418,16.840836543393888,
1981-10-13,0.0,14200,0.3434913958392567,0.0,0.7080988883972168,0.1209565326571464,0.974605143070221,0.0046692607003891,,402.09856,< 600,< 20mm,0.3646074925579601,-0.3434913958392567,-0.2225348631821103,0.6311137472309643,-0.3388221351388676,,106.14748927469063,-100.0,-64.78615356241694,183.73495082430125,-98.64064696905126,
1981-10-28,2.0,19300,64.39417403822375,56.57339096069336,48.49394226074219,66.6282730102539,59.789649963378906,65.42976653696495,,546.51424,< 600,50 - 100mm,-15.900231777481565,-7.820783077530393,2.2340989720301536,-4.604524074844846,1.0355924987411953,,-24.692034667675593,-12.145171817698994,3.4694116438297886,-7.150528978152039,1.6082083732085417,
1981-10-31,4.0,18200,40.61621036127421,44.15880584716797,65.42373657226562,45.63847732543945,55.10226821899414,31.090272373540856,,515.36576,< 600,20 - 50mm,24.807526210991412,3.542595485893756,5.02226696416524,14.486057857719928,-9.525937987733357,,61.07789473792047,8.722122163498213,12.365178630633036,35.66570521687999,-23.453537154258793,
1981-11-03,1.0,13400,3.773063089790706,6.255123138427734,8.17568588256836,6.050263404846191,3.952523469924927,3.3892996108949425,,379.44512,< 600,< 20mm,4.402622792777653,2.4820600486370283,2.2772003150554854,0.17946038013422116,-0.38376347889576357,,116.6856394394897,65.7836879365489,60.35415419416702,4.75635778844546,-10.171138668053684,
1981-11-12,4.0,16700,50.59818352276618,48.72264099121094,53.80734634399414,52.5811767578125,81.55029296875,55.65856031128403,,472.89056,< 600,50 - 100mm,3.209162821227963,-1.87554253155524,1.9829932350463224,30.952109445983822,5.06037678851785,,6.342446700253637,-3.7067388609145566,3.9190996533582934,61.17237278302138,10.001103668555574,
1981-11-14,1.0,15300,60.98153914588487,38.24568939208984,59.81909942626953,59.6264877319336,61.88838958740234,48.83618677042804,,433.24703999999997,< 600,50 - 100mm,-1.1624397196153353,-22.73584975379503,-1.3550514139512657,0.9068504415174701,-12.145352375456824,,-1.906215775948939,-37.283168106670004,-2.222068240536869,1.4870901164826795,-19.916441181324977,
1981-11-20,1.0,16700,37.37936904517948,23.02977752685547,24.385231018066406,39.05583190917969,30.45355987548828,16.78054474708171,,472.89056,< 600,20 - 50mm,-12.994138027113074,-14.349591518324011,1.6764628640002073,-6.925809169691199,-20.59882429809777,,-34.762860794700394,-38.38906831460967,4.484995083715591,-18.52842716879504,-55.10746923844676,
1981-12-02,1.0,21300,103.3382677703697,88.73285675048828,71.12393951416016,74.03463745117188,68.41190338134766,87.29727626459145,,603.14784,600 - 1200,> 100mm,-32.21432825620954,-14.605411019881416,-29.303630319197822,-34.92636438902204,-16.04099150577825,,-31.173667752776474,-14.133593812832657,-28.3569978009638,-33.79809352584921,-15.522798912618994,
1981-12-04,3.0,17700,58.81407083214099,63.06086730957031,44.28070068359375,42.72091674804688,45.92149353027344,57.36070038910505,,501.20736,< 600,50 - 100mm,-14.533370148547242,4.246796477429321,-16.09315408409411,-12.892577301867554,-1.4533704430359435,,-24.710702631053007,7.220715072673581,-27.362761761594378,-21.920906203999667,-2.471127100152535,
1981-12-08,3.0,22000,63.041523949821865,28.79576873779297,36.029029846191406,30.040302276611328,35.635215759277344,32.912451361867696,,622.9696,600 - 1200,50 - 100mm,-27.01249410363046,-34.2457552120289,-33.00122167321054,-27.40630819054452,-30.12907258795417,,-42.84873272595877,-54.322537061900555,-52.34838818217335,-43.473422711606204,-47.792424262991354,
1981-12-19,3.0,19100,33.81247038544417,55.40272521972656,72.4447021484375,38.52663803100586,50.00782012939453,45.21712062256808,,540.85088,< 600,20 - 50mm,38.63223176299333,21.59025483428239,4.714167645561687,16.19534974395036,11.40465023712391,,114.25438994136317,63.85293528738059,13.942097669358922,47.89756429900563,33.729124512693,
1981-12-27,0.0,12800,29.29054302713133,30.75159454345703,28.070053100585938,21.376548767089844,33.25700759887695,22.455836575875505,,362.45504,< 600,20 - 50mm,-1.220489926545394,1.4610515163256999,-7.913994260041488,3.9664645717456217,-6.834706451255826,,-4.166839533889402,4.98813393446599,-27.018940047341864,13.541792544001499,-23.334174600057615,
1982-01-16,2.0,15500,61.96315675894115,75.78228759765625,102.46150970458984,87.85359954833984,98.40984344482422,99.12937743190662,,438.9104,< 600,50 - 100mm,40.49835294564869,13.819130838715097,25.89044278939869,36.446686685883066,37.166220672965466,,65.358763277994,22.302173681170668,41.7836084273785,58.81993202456375,59.981160768737716,
1982-01-24,3.0,36900,143.45411833340077,120.28987121582033,110.29814910888672,134.6549530029297,126.5571746826172,166.88813229571988,,1044.88992,600 - 1200,> 100mm,-33.15596922451405,-23.164247117580445,-8.799165330471084,-16.89694365078357,23.434013962319113,,-23.11259489076255,-16.147495371129445,-6.1337837022015655,-11.778639642476833,16.335546329772335,
1982-01-25,2.0,28000,144.13291757449775,96.93919372558594,111.79315948486328,140.76199340820312,135.7167205810547,128.5632295719844,,792.8704,600 - 1200,> 100mm,-32.33975808963447,-47.193723848911816,-3.3709241662946283,-8.416196993443066,-15.569688002513345,,-22.43745470074112,-32.743196101972245,-2.338760793177106,-5.839191445696643,-10.80231238257275,
1982-02-01,1.0,19700,73.26611667472592,43.39240264892578,79.35169219970703,73.18373107910156,87.06510925292969,45.83035019455254,,557.84096,< 600,50 - 100mm,6.08557552498111,-29.87371402580014,-0.0823855956243591,13.798992578203766,-27.435766480173385,,8.306125397636103,-40.774256070412775,-0.11244706197561997,18.83407119755796,-37.44673216676393,
1982-02-15,3.0,53900,175.38761963450082,120.7062530517578,207.29641723632807,189.71173095703125,167.34786987304688,189.18307392996115,,1526.27552,1200 - 1700,> 100mm,31.908797601827246,-54.681366582743024,14.324111322530428,-8.039749761453947,13.795454295460331,,18.19330102565028,-31.177438120601842,8.16711655724684,-4.583989325020997,7.865694468178187,
1982-02-18,2.0,38300,69.97795802479999,52.72022247314453,90.1978988647461,84.71356201171875,90.73573303222656,82.77023346303503,,1084.53344,600 - 1200,50 - 100mm,20.219940839946105,-17.257735551655458,14.735603986918761,20.757775007426574,12.792275438235038,,28.894728298273886,-24.661673530884347,21.057493534887808,29.66330483674599,18.280435438972788,
1982-02-20,1.0,35000,69.07930402893993,65.45292663574219,98.28875732421876,71.77449035644531,90.02864074707031,76.38035019455252,,991.088,600 - 1200,50 - 100mm,29.209453295278834,-3.6263773931977425,2.6951863275053825,20.949336718130382,7.30104616561259,,42.283942645168935,-5.249585884186842,3.901582920372601,30.326502289823175,10.569078927827508,
1982-03-01,2.0,18200,42.45882214754566,35.14422607421875,61.89247131347656,52.69712448120117,59.41016387939453,42.149610894941645,,515.36576,< 600,20 - 50mm,19.433649165930902,-7.314596073326911,10.238302333655511,16.95134173184887,-0.3092112526040154,,45.770580018443276,-17.227505859461843,24.113486469495335,39.92419213359819,-0.7282614942296259,
1982-03-13,0.0,18500,67.74941114480136,49.6802864074707,73.28235626220703,52.17689514160156,57.93647766113281,59.22412451361866,,523.8608,< 600,50 - 100mm,5.532945117405674,-18.069124737330654,-15.572516003199794,-9.812933483668544,-8.525286631182695,,8.166779642674777,-26.67052662452131,-22.985463253572096,-14.484160552621312,-12.5835582732395,
1982-06-26,2.0,34100,3.195793498560776,9.30955696105957,9.05455207824707,1.495274305343628,3.069380760192871,8.34805447470817,,965.60288,600 - 1200,< 20mm,5.858758579686294,6.113763462498794,-1.700519193217148,-0.1264127383679048,5.152260976147395,,183.327195024484,191.3065867757765,-53.211172561148764,-3.9555978327396533,161.22008441620878,
1982-06-28,1.0,31500,13.786047798084152,15.581194877624512,18.71588897705078,4.232945919036865,11.493346214294434,12.114396887159533,,891.9792,600 - 1200,< 20mm,4.92984117896663,1.7951470795403601,-9.553101879047286,-2.292701583789718,-1.671650910924619,,35.75964084247358,13.021477263337445,-69.29543563873963,-16.630593607170976,-12.125671805351846,
1982-07-04,0.0,31100,43.77248756518034,35.453330993652344,53.3962287902832,21.693344116210938,30.555828094482425,45.19922178988325,,880.65248,600 - 1200,20 - 50mm,9.623741225102862,-8.319156571527998,-22.079143448969404,-13.216659470697916,1.426734224702905,,21.985822054943593,-19.005446192977228,-50.440687009373164,-30.19398760698115,3.259431446701302,
1982-07-20,1.0,22600,3.306713196174749,12.832645416259766,0.18118517100811,0.3441387712955475,0.5481704473495483,8.256031128404677,,639.9596799999999,600 - 1200,< 20mm,-3.125528025166639,9.525932220085016,-2.9625744248792016,-2.758542748825201,4.949317932229928,,-94.52068684947616,288.0785739478327,-89.59272392617382,-83.42249796614719,149.67484745745008,
1982-08-03,0.0,17000,6.470810692512963,5.002631187438965,9.721745491027832,2.5177738666534424,2.619492053985596,4.119455252918284,,481.3856,< 600,< 20mm,3.2509347985148693,-1.4681795050739979,-3.9530368258595203,-3.8513186385273666,-2.3513554395946787,,50.23999237493312,-22.689266845230872,-61.0902870398198,-59.51833273354027,-36.33788023369791,
1982-08-13,2.0,20000,44.96774187539776,39.44609069824219,16.09063148498535,25.893285751342773,19.94943046569824,57.19766536964978,,566.336,< 600,20 - 50mm,-28.877110390412412,-5.521651177155576,-19.07445612405499,-25.018311409699525,12.22992349425202,,-64.21739048055541,-12.279138215246958,-42.418087563544724,-55.63613018199444,27.197103933171075,
1982-08-31,0.0,11500,19.536902512613786,14.273079872131348,1.9656784534454343,4.06695556640625,2.4868297576904297,22.76867704280158,,325.6432,< 600,< 20mm,-17.57122405916835,-5.263822640482438,-15.469946946207536,-17.050072754923356,3.2317745301877956,,-89.93863816346365,-26.94297438953749,-79.18321205840861,-87.27111548985395,16.54189822619648,
1982-09-09,1.0,11300,17.69242255074857,20.01845932006836,11.437437057495115,16.94422149658203,23.67696189880371,24.755058365758728,,319.97983999999997,< 600,< 20mm,-6.254985493253455,2.3260367693197885,-0.7482010541665396,5.98453934805514,7.062635815010157,,-35.35403631307011,13.147078997507741,-4.228935025830497,33.82543758995815,39.918986756911565,
1982-09-11,2.0,14500,37.37163673953846,29.32297134399414,30.905670166015625,38.82660675048828,44.41996765136719,49.7669260700389,,410.5936,< 600,20 - 50mm,-6.465966573522834,-8.048665395544319,1.4549700109498218,7.048330911828728,12.39528933050044,,-17.301801948326144,-21.53682872291485,3.8932466915758392,18.86010762908795,33.16763838011533,
1982-09-27,0.0,8040,12.340554505408774,12.822860717773438,7.211331844329834,7.531799793243408,5.146363735198975,11.709727626459143,,227.667072,< 600,< 20mm,-5.1292226610789395,0.482306212364664,-4.808754712165365,-7.194190770209799,-0.6308268789496303,,-41.56395613204285,3.9083025981796258,-38.96708782460078,-58.29714351212208,-5.111819559430199,
1982-10-05,2.0,7500,10.145621439586725,4.691839218139648,4.203786373138428,4.116664409637451,3.5437326431274414,1.7274319066147863,,212.376,< 600,< 20mm,-5.941835066448297,-5.453782221447076,-6.028957029949273,-6.601888796459283,-8.418189532971939,,-58.56551125852311,-53.75503367558363,-59.42422616346761,-65.07131017819849,-82.97362150853964,
1982-10-13,0.0,8970,0.8506692176218186,0.0,4.633453499991447e-05,2.3628070266568105e-05,0.0013943886151537,0.8027237354085608,,254.001696,< 600,< 20mm,-0.8506228830868187,-0.8506692176218186,-0.850645589551552,-0.8492748290066648,-0.047945482213257784,,-99.99455316660811,-100.0,-99.99722241386227,-99.83608333459485,-5.636207496410535,
1982-10-27,3.0,18900,53.20503061717237,44.34125518798828,28.95866775512696,43.85358428955078,37.69222259521485,49.95875486381328,,535.18752,< 600,50 - 100mm,-24.24636286204541,-8.863775429184088,-9.351446327621588,-15.512808021957518,-3.246275753359086,,-45.571560773089175,-16.659656664727546,-17.57624461286059,-29.15665650787283,-6.10144513724107,
1982-11-03,1.0,12000,17.85782027055454,10.854559898376465,10.424662590026855,8.686002731323242,9.800311088562012,12.712256809338523,,339.8016,< 600,< 20mm,-7.433157680527685,-7.003260372178076,-9.171817539231299,-8.057509181992529,-5.1455634612160175,,-41.624103994282514,-39.21677039008862,-51.36022986161729,-45.12033977225328,-28.814062317003213,
1982-11-18,0.0,13800,60.942168245807885,56.0869140625,54.75843811035156,40.99989700317383,57.747825622558594,73.365953307393,,390.77184,< 600,50 - 100mm,-6.183730135456322,-4.855254183307885,-19.942271242634057,-3.194342623249291,12.423785061585114,,-10.146882386124638,-7.966986280705347,-32.72327161415996,-5.241596607401681,20.386188117682746,
1982-12-03,3.0,25000,71.88173037858584,108.61351013183594,131.558349609375,116.4637451171875,100.65315246582033,136.5562256809338,,707.92,600 - 1200,50 - 100mm,59.67661923078916,36.731779753250095,44.58201473860166,28.771422087234484,64.67449530234796,,83.02056574944015,51.100299839460725,62.021343258986164,40.02605660117182,89.97348138632877,
1982-12-14,1.0,15000,29.387644330442065,40.02025604248047,38.16604995727539,34.48041915893555,48.0927619934082,51.03910505836576,,424.752,< 600,20 - 50mm,8.778405626833326,10.632611712038404,5.092774828493482,18.70511766296614,21.6514607279237,,29.87107618469424,36.18055122922628,17.32964633445621,63.649598629414086,73.67538712687967,
1982-12-16,2.0,22900,62.20152211143683,59.65544509887695,85.29681396484375,92.54702758789062,89.4617919921875,78.00194552529182,,648.45472,600 - 1200,50 - 100mm,23.09529185340692,-2.546077012559877,30.345505476453795,27.26026988075067,15.800423413854986,,37.12978568600084,-4.093271235386275,48.78579244747171,43.82572798124244,25.401988371840506,
1982-12-22,0.0,15300,21.336537276211025,30.12941169738769,18.88835525512696,24.276351928710938,21.411415100097656,30.62198443579766,,433.24703999999997,< 600,20 - 50mm,-2.4481820210840652,8.792874421176666,2.939814652499912,0.07487782388663078,9.285447159586635,,-11.474129983657859,41.21040967120846,13.778311890269238,0.35093709404344214,43.51899766762697,
1983-01-10,2.0,46600,170.1904243237658,138.1754150390625,198.34771728515625,181.7601776123047,212.81271362304688,138.67529182879375,,1319.56288,1200 - 1700,> 100mm,28.157292961390453,-32.0150092847033,11.569753288538891,42.62228929928108,-31.51513249497205,,16.5445812085319,-18.81128706971127,6.798122358828423,25.04388215061827,-18.517570903412572,
1983-01-19,2.0,16300,9.42317973663581,11.63059902191162,10.452360153198242,12.096921920776367,18.23627281188965,16.339883268482488,,461.56383999999997,< 600,< 20mm,1.0291804165624328,2.20741928527581,2.6737421841405578,8.813093075253839,6.916703531846679,,10.921795458927146,23.425418457144758,28.374097267247038,93.52568158060222,73.40095090148442,
1983-01-25,2.0,13600,32.8175372856297,26.21845436096192,54.37076950073242,35.99557876586914,35.332130432128906,33.60836575875486,,385.10848,< 600,20 - 50mm,21.553232215102724,-6.599082924667776,3.178041480239443,2.514593146499209,0.7908284731251598,,65.67595864221218,-20.10840383064763,9.68397309212797,7.662345667846049,2.4097739761583257,
1983-01-27,1.0,16700,33.597414920252554,42.603126525878906,63.53904724121094,46.334598541259766,66.34391784667969,48.32042801556423,,472.89056,< 600,20 - 50mm,29.941632320958384,9.005711605626352,12.737183621007212,32.746502926427134,14.723013095311678,,89.11885748361414,26.804775388232922,37.91120135653421,97.4673289720499,43.82186287325526,
1983-02-02,0.0,14500,0.2533326953619248,0.0,0.9469969868659972,0.0090018212795257,0.0477764457464218,0.0,,410.5936,< 600,< 20mm,0.6936642915040724,-0.2533326953619248,-0.24433087408239912,-0.205556249615503,-0.2533326953619248,,273.81554146142327,-100.0,-96.44664054646984,-81.14082918583966,-100.0,
1983-02-13,4.0,22400,57.568873809127005,43.66997146606445,77.82489013671875,85.06671905517578,91.6876220703125,51.103501945525295,,634.29632,600 - 1200,50 - 100mm,20.256016327591745,-13.898902343062552,27.497845246048776,34.118748261185495,-6.46537186360171,,35.18570885154322,-24.14308535745407,47.76512623335225,59.265964406926244,-11.230672819895752,
1983-02-18,2.0,23900,43.80939769607356,37.10417938232422,69.76992797851562,57.79868316650391,63.55649566650391,51.09649805447471,,676.77152,600 - 1200,20 - 50mm,25.960530282442065,-6.7052183137493415,13.989285470430353,19.747097970430353,7.287100358401148,,59.25790275078078,-15.305433688603987,31.9321565831163,45.075027297625226,16.63364652706526,
1983-02-20,1.0,20500,39.46222947337033,24.06314468383789,59.043487548828125,49.43977355957031,57.05192184448242,25.40797665369649,,580.4944,< 600,20 - 50mm,19.581258075457797,-15.399084789532438,9.977544086199984,17.589692371112093,-14.054252819673838,,49.620252927350464,-39.022338562812216,25.283782035003803,44.57348863926167,-35.614441979660185,
1983-02-22,2.0,19200,37.43360231301069,32.061363220214844,80.6962890625,59.09547424316406,63.054344177246094,30.36614785992218,,543.68256,< 600,20 - 50mm,43.26268674948931,-5.372239092795844,21.661871930153374,25.620741864235406,-7.067454453088509,,115.57179666476456,-14.3513815418417,57.867452213180194,68.4431641122887,-18.879974184670157,
1983-03-02,0.0,18700,27.194261971679488,31.87460899353028,16.054054260253906,5.882939338684082,6.869365692138672,20.507003891050573,,529.5241599999999,< 600,20 - 50mm,-11.140207711425582,4.6803470218507925,-21.311322632995406,-20.324896279540816,-6.687258080628915,,-40.965287908997716,17.21078890364804,-78.36698291422411,-74.7396502273438,-24.590695226783964,
1983-03-09,3.0,24300,61.044288737254206,51.56208801269531,106.38899230957033,71.5001220703125,85.65196228027344,74.8678988326848,,688.09824,600 - 1200,50 - 100mm,45.34470357231612,-9.482200724558894,10.455833333058294,24.60767354301923,13.823610095430595,,74.28164781719062,-15.533313469130619,17.128274486188406,40.31118070510276,22.645214452296994,
1983-03-31,0.0,21600,72.70378963908549,43.06856918334961,76.25652313232422,76.50566864013672,80.52189636230469,60.77976653696502,,611.64288,600 - 1200,50 - 100mm,3.5527334932387333,-29.635220455735876,3.8018790010512333,7.818106723219202,-11.924023102120465,,4.886586395117962,-40.76158973672538,5.229272118997422,10.753368926199956,-16.40082746898536,
1983-06-10,2.0,22100,25.376298302755405,31.835176467895508,39.48666763305664,28.144916534423828,23.18454360961914,31.141634241245136,,625.80128,600 - 1200,20 - 50mm,14.110369330301236,6.458878165140103,2.768618231668423,-2.1917546931362644,5.765335938489731,,55.604521833545384,25.452404791595573,10.910252546045305,-8.63701500899475,22.719373289616946,
1983-06-17,1.0,20100,26.390608035000604,36.42812347412109,29.635740280151367,34.87795639038086,19.841205596923828,33.95486381322954,,569.16768,< 600,20 - 50mm,3.2451322451507636,10.037515439120483,8.487348355380256,-6.5494024380767755,7.564255778228933,,12.296542166997062,38.03442279847514,32.160488095325015,-24.817171432316435,28.662680936327128,
1983-07-02,0.0,19000,23.909139558728107,16.982038497924805,31.60532188415528,34.504615783691406,25.72187042236328,22.92529182879377,,538.0192,< 600,20 - 50mm,7.6961823254271735,-6.927101060803302,10.5954762249633,1.8127308636351742,-0.983847729934336,,32.18929023574024,-28.972607081021206,44.315589856078226,7.58174864127819,-4.114944109626811,
1983-07-13,5.0,48500,101.73669796563811,90.02033233642578,56.35073852539063,90.14414978027344,75.73335266113281,111.15622568093384,,1373.3648,1200 - 1700,> 100mm,-45.38595944024748,-11.716365629212333,-11.592548185364677,-26.003345304505302,9.419527715295729,,-44.611197677731525,-11.51636121821997,-11.394657402071468,-25.559454773427003,9.258731513457615,
1983-08-12,0.0,20500,32.119630960904075,32.63927459716797,1.072459101676941,8.122533798217773,5.404727935791016,28.349610894941627,,580.4944,< 600,20 - 50mm,-31.047171859227134,0.5196436362638934,-23.997097162686302,-26.71490302511306,-3.7700200659624485,,-96.66104787137083,1.6178381280171066,-74.71162166182887,-83.1731319006447,-11.737432695136835,
1983-08-29,1.0,8300,11.92848949561169,20.241004943847656,18.81271171569824,10.277353286743164,8.988706588745117,12.285019455252916,,235.02944,< 600,< 20mm,6.884222220086549,8.312515448235967,-1.6511362088685253,-2.939782906866572,0.356529959641227,,57.71243896906771,69.68623689775654,-13.841955508917984,-24.645055922194288,2.9888944427740745,
1983-09-06,1.0,10900,2.255772464067709,7.669433116912842,6.01862907409668,1.9629698991775515,3.3663535118103027,3.4570038910505816,,308.65312,< 600,< 20mm,3.7628566100289706,5.413660652845133,-0.29280256489015755,1.1105810477425937,1.2012314269828726,,166.8101136070976,239.99143260588346,-12.98014624942105,49.23284885479738,53.25144473200807,
1983-09-10,1.0,10900,22.21929255555082,39.23569107055664,28.33411979675293,28.554977416992188,22.991762161254883,54.61108949416344,,308.65312,< 600,20 - 50mm,6.114827241202111,17.01639851500582,6.3356848614413686,0.7724696057040639,32.391796938612615,,27.520350730853966,76.58388975464833,28.51434106464649,3.476571559480573,145.78230543402472,
1983-09-18,0.0,9700,13.440913946810756,11.77763843536377,2.186761379241944,5.752229690551758,14.895469665527344,14.966536964980548,,274.67296,< 600,< 20mm,-11.254152567568813,-1.6632755114469866,-7.688684256258998,1.4545557187165876,1.5256230181697923,,-83.73056037784681,-12.374720335454915,-57.20358218708304,10.821851285356402,11.350589879580252,
1983-10-04,1.0,8660,11.338428302496862,12.314485549926758,5.316051483154297,8.244501113891602,18.320480346679688,10.865564202334628,,245.223488,< 600,< 20mm,-6.022376819342565,0.9760572474298961,-3.09392718860526,6.982052044182826,-0.47286410016223357,,-53.114740938268866,8.608399871567352,-27.287090468472947,61.57865850459443,-4.170455441854345,
1983-10-15,0.0,4640,0.7061950284733934,0.5296792387962341,2.146412134170532,0.7323827147483826,1.83347749710083,0.3056420233463036,,131.389952,< 600,< 20mm,1.4402171056971382,-0.1765157896771593,0.02618768627498913,1.1272824686274365,-0.40055300512708986,,203.94041980308276,-24.995331680363098,3.7082796138624725,159.62764154037203,-56.71988458952754,
1983-10-22,2.0,10500,58.46764431712191,44.83277893066406,36.056339263916016,41.1154670715332,45.726707458496094,53.84357976653696,,297.3264,< 600,50 - 100mm,-22.411305053205894,-13.634865386457847,-17.352177245588706,-12.740936858625815,-4.624064550584947,,-38.33112367525789,-23.320360424483454,-29.678256150482913,-21.791431837958804,-7.9087580910640805,
1983-10-24,2.0,10600,52.32565194497153,21.46173477172852,36.7907829284668,37.20542144775391,42.01872634887695,33.31556420233464,,300.15808,< 600,50 - 100mm,-15.534869016504736,-30.863917173243014,-15.12023049721762,-10.30692559609458,-19.01008774263689,,-29.688820758204866,-58.984295514752816,-28.896401545304904,-19.697653470106584,-36.330340924617474,
1983-10-30,1.0,7740,3.887474186517909,20.62662506103516,12.812088012695312,12.377965927124023,8.217264175415039,25.46536964980548,,219.172032,< 600,< 20mm,8.924613826177403,16.73915087451725,8.490491740606114,4.329789988897129,21.57789546328757,,229.57358423442972,430.59194920367696,218.4063824797052,111.37797400464314,555.0620898814337,
1983-11-02,2.0,13800,55.61048945509847,61.39005279541016,30.324012756347656,48.38848114013672,32.40928649902344,69.45233463035021,,390.77184,< 600,50 - 100mm,-25.28647669875081,5.779563340311697,-7.222008314961748,-23.20120295607503,13.841845175251741,,-45.47069616995162,10.392937370166981,-12.986773512923328,-41.720911258672444,24.890709128586348,
1983-11-03,1.0,22700,75.2067035735673,92.9770278930664,86.1025390625,91.3639144897461,67.0783462524414,123.23696498054478,,642.7913599999999,600 - 1200,50 - 100mm,10.895835488932704,17.77032431949911,16.157210916178798,-8.12835732112589,48.03026140697749,,14.487851443022473,23.628644090371754,21.48373768353481,-10.808022336964576,63.86433539131817,
1983-11-05,1.0,28000,109.53395025862336,70.53421020507812,97.4892349243164,89.31230926513672,77.48445129394531,92.80583657587552,,792.8704,600 - 1200,> 100mm,-12.044715334306957,-38.99974005354524,-20.221640993486645,-32.04949896467805,-16.728113682747846,,-10.996330640744608,-35.605161652128835,-18.461528088543158,-29.259876859188566,-15.272081070070673,
1983-11-11,3.0,21800,36.40575338437099,34.795021057128906,36.943939208984375,39.88764190673828,44.82312774658203,51.02276264591439,,617.30624,600 - 1200,20 - 50mm,0.5381858246133859,-1.6107323272420828,3.481888522367292,8.417374362211042,14.617009261543402,,1.4782988252742202,-4.424389492056415,9.564116104412411,23.121000335690418,40.15027269788212,
1983-11-16,3.0,57900,126.40399054313936,98.65965270996094,123.14627838134766,151.34341430664062,132.30274963378906,123.48404669260702,,1639.54272,1200 - 1700,> 100mm,-3.2577121617917015,-27.74433783317842,24.939423763501267,5.898759090649705,-2.9199438505323343,,-2.5772225606120434,-21.948941417090616,19.729933886058685,4.6665924590700065,-2.31000923150113,
1983-11-27,0.0,20700,60.17811276488733,34.67591857910156,30.40198516845703,42.54444885253906,38.92548370361328,37.30291828793775,,586.1577599999999,< 600,50 - 100mm,-29.7761275964303,-25.50219418578577,-17.63366391234827,-21.25262906127405,-22.87519447694958,,-49.47999568009725,-42.37785635688091,-29.302454168415103,-35.31621063675914,-38.01248232280355,
1984-01-01,2.0,14900,45.516478022473,,,36.03108596801758,58.13833236694336,,,421.92032,< 600,20 - 50mm,,,-9.485392054455424,12.621854344470357,,,,,-20.83946840037177,27.730296571361535,,
1984-01-05,4.0,81300,131.3949102069862,103.39525604248048,119.83429718017578,77.31718444824219,95.87503051757812,116.84066147859916,,2302.15584,> 1700,> 100mm,-11.560613026810415,-27.999654164505714,-54.07772575874401,-35.51987968940807,-14.554248728387037,,-8.798372028717855,-21.309542447571143,-41.156636641065816,-27.032919032749188,-11.07672184977314,
1984-01-11,0.0,24200,17.259191187960276,21.706790924072266,21.783281326293945,13.57351779937744,31.292266845703125,15.830350194552532,,685.26656,600 - 1200,< 20mm,4.524090138333669,4.447599736111989,-3.6856733885828366,14.033075657742849,-1.4288409934077446,,26.212642811962123,25.769456330112163,-21.354844201238706,81.30784058717704,-8.278725102741085,
1984-01-22,1.0,13600,32.03479349897906,40.93626403808594,51.282012939453125,44.57289123535156,42.40283203125,59.236381322957214,,385.10848,< 600,20 - 50mm,19.247219440474062,8.901470539106874,12.5380977363725,10.368038532270937,27.20158782397815,,60.08223352863962,27.78688284471246,39.13899971533166,32.36493012699258,84.91263670810008,
1984-01-25,3.0,45200,123.5135240171881,103.96026611328124,163.02093505859375,131.02212524414062,147.24639892578125,149.04202334630344,,1279.9193599999999,1200 - 1700,> 100mm,39.507411041405646,-19.553257903906868,7.508601226952521,23.732874908593146,25.528499329115334,,31.986303812291688,-15.830863915101187,6.079173342918811,19.21479862018226,20.668586320606313,
1984-01-26,1.0,39100,131.22784149008544,91.793212890625,135.83912658691406,107.34960174560548,120.21955871582033,113.70700389105052,,1107.18688,600 - 1200,> 100mm,4.611285096828624,-39.43462859946044,-23.878239744479956,-11.008282774265112,-17.52083759903492,,3.513953323065987,-30.050504642675097,-18.19601654141664,-8.3886792995043,-13.35146368338205,
1984-02-10,1.0,17200,20.501374757900106,27.667388916015625,45.215763092041016,42.26966094970703,32.968544006347656,34.022568093385225,,487.04895999999997,< 600,20 - 50mm,24.71438833414091,7.1660141581155195,21.768286191806926,12.46716924844755,13.521193335485119,,120.54990763298612,34.95382257404046,106.17964135999524,60.81138165450777,65.95261778859387,
1984-02-12,1.0,19400,32.84419120667924,46.67319488525391,76.90354919433594,78.63865661621094,76.4343032836914,66.0398832684825,,549.34592,< 600,20 - 50mm,44.059357987656696,13.829003678574672,45.794465409531696,43.590112077012165,33.19569206180326,,134.1465762100932,42.10486899053975,139.42942032385582,132.7178733149855,101.07020706618141,
1984-02-20,2.0,18100,15.038040152344902,38.18471145629883,60.41926193237305,20.92909240722656,35.26496505737305,44.50428015564202,,512.53408,< 600,< 20mm,45.38122178002814,23.146671303953926,5.891052254881657,20.226924905028145,29.46624000329712,,301.77617109867725,153.9207973210833,39.174335187308685,134.50505983570028,195.94468231754527,
1984-03-14,0.0,17600,55.4955315639053,33.813499450683594,53.067115783691406,50.47737121582031,46.65319442749024,63.31634241245136,,498.37568,< 600,50 - 100mm,-2.4284157802138964,-21.68203211322171,-5.01816034808499,-8.842337136415061,7.82081084854606,,-4.375876240445557,-39.06987013585768,-9.042458386593486,-15.933421821958332,14.092685713876055,
1984-03-21,1.0,24000,48.37603245038774,50.45253753662109,64.23176574707031,47.28374481201172,45.36542510986328,60.02723735408557,,679.6032,600 - 1200,20 - 50mm,15.855733296682573,2.0765050862333467,-1.0922876383760212,-3.0106073405244587,11.651204903697831,,32.77601013051968,4.292425362420773,-2.2579107525947313,-6.223344883878191,24.084664065096238,
1984-04-07,0.0,15300,25.33722561064228,25.41980743408203,29.01825714111328,17.381120681762695,27.046356201171875,32.167120622568106,,433.24703999999997,< 600,20 - 50mm,3.6810315304709995,0.08258182343974951,-7.956104928879586,1.7091305905295933,6.829895011925824,,14.52815547778393,0.325930805167015,-31.400852844511196,6.745531719983244,26.95597030582975,
1984-04-13,2.0,15800,29.96626383100368,27.24163055419922,46.0346908569336,44.21387100219727,43.18623733520508,27.72140077821012,,447.40544,< 600,20 - 50mm,16.06842702592992,-2.724633276804461,14.247607171193593,13.219973504201398,-2.2448630527935585,,53.62172313688707,-9.092335608370044,47.54549066091029,44.11618872060973,-7.4913011026452345,
1984-04-23,0.0,10900,20.89234036430102,17.073305130004883,23.4378662109375,21.955602645874023,22.18819046020508,14.27762645914397,,308.65312,< 600,20 - 50mm,2.5455258466364796,-3.8190352342961376,1.063262281573003,1.2958500959040613,-6.61471390515705,,12.184014821939474,-18.279595142063485,5.089244493593506,6.202512850682325,-31.660952242859718,
1984-05-08,1.0,10800,10.01004780359975,15.196663856506348,16.93071174621582,8.419124603271484,24.36910629272461,14.260505836575874,,305.82144,< 600,< 20mm,6.92066394261607,5.186616052906597,-1.590923200328266,14.359058489124859,4.250458032976123,,69.13717175383822,51.814098740281935,-15.893262765000465,143.44645271285464,42.46191543108915,
1984-05-19,2.0,16100,16.910145318481973,37.859519958496094,21.448945999145508,33.740440368652344,30.45222282409668,51.94824902723733,,455.90048,< 600,< 20mm,4.538800680663535,20.94937464001412,16.83029505017037,13.542077505614706,35.03810370875536,,26.840695896934985,123.88642584352876,99.52779667585511,80.08256138883601,207.2016712385103,
1984-05-25,0.0,19800,38.02253536554053,25.327163696289062,25.245365142822266,23.038780212402344,21.47806930541992,27.57801556420233,,560.67264,< 600,20 - 50mm,-12.777170222718262,-12.695371669251465,-14.983755153138183,-16.54446606012061,-10.444519801338195,,-33.604203664698524,-33.38907189434075,-39.40756451164438,-43.512264242943424,-27.469288149585015,
1984-06-26,1.0,28700,5.363632873741528,6.597158908843994,4.868551731109619,9.762615203857422,12.254712104797363,9.035992217898832,,812.69216,600 - 1200,< 20mm,-0.49508114263190883,1.2335260351024662,4.398982330115894,6.891079231055835,3.6723593441573037,,-9.230332393845469,22.99795799114773,82.01497816250203,128.4778319707926,68.46776113510474,
1984-06-30,2.0,32600,30.01222375505444,22.279603958129883,19.239288330078125,24.14498519897461,13.073068618774414,27.299221789883266,,923.1276799999999,600 - 1200,20 - 50mm,-10.772935424976314,-7.732619796924556,-5.86723855607983,-16.939155136280025,-2.7130019651711734,,-35.895158962227896,-25.764901195041524,-19.549496245148156,-56.440853148801594,-9.039656598969177,
1984-07-03,1.0,25300,7.232770567759204,1.2379002571105957,3.677743434906006,3.6857967376708975,4.611384868621826,2.0939688715953286,,716.41504,600 - 1200,< 20mm,-3.5550271328531977,-5.994870310648608,-3.546973830088306,-2.6213856991373774,-5.138801696163875,,-49.15166462904389,-82.88483997226928,-49.04031998331726,-36.24317506796725,-71.04886914387409,
1984-07-19,0.0,25400,0.8860994266075871,0.0,0.0002210738166468,8.679122061039379e-07,0.0,0.0,,719.24672,600 - 1200,< 20mm,-0.8858783527909403,-0.8860994266075871,-0.886098558695381,-0.8860994266075871,-0.8860994266075871,,-99.9750509017376,-100.0,-99.99990205250336,-100.0,-100.0,
1984-07-26,1.0,24800,0.0221797324947204,0.0005270786932669,0.8824613690376282,0.0092768166214227,0.2093632668256759,0.69455252918288,,702.25664,600 - 1200,< 20mm,0.8602816365429078,-0.0216526538014535,-0.0129029158732977,0.1871835343309555,0.6723727966881596,,3878.683553770032,-97.62360211786881,-58.17435298811235,843.9395487547567,3031.47387755109,
1984-08-06,0.0,18900,5.482889098455385,5.885165214538574,5.281158447265625,4.372884750366211,1.5952759981155396,5.358560311284046,,535.18752,< 600,< 20mm,-0.2017306511897603,0.4022761160831889,-1.1100043480891744,-3.8876131003398458,-0.124328787171339,,-3.6792765195012054,7.336936948013709,-20.244880539383512,-70.90446351422732,-2.267578003836779,
1984-08-15,1.0,12200,1.1930152950142858,0.0,1.5824042558670044,1.2423909902572632,3.4929404258728027,1.1266536964980534,,345.46496,< 600,< 20mm,0.38938896085271857,-1.1930152950142858,0.04937569524297736,2.299925130858517,-0.06636159851623247,,32.639058566978036,-100.0,4.138731116803167,192.78253518375692,-5.562510287467673,
1984-08-27,1.0,8740,29.35435758093256,31.371978759765625,40.51324081420898,24.81035614013672,30.135560989379883,37.712062256809325,,247.488832,< 600,20 - 50mm,11.158883233276416,2.017621178833064,-4.544001440795842,0.7812034084473218,8.357704675876764,,38.014401107264526,6.873327659344286,-15.479819063550032,2.6612859991688627,28.47176829822909,
1984-09-05,1.0,9340,14.876548776482537,29.69963264465332,27.350061416625977,19.9485092163086,22.89217567443848,39.35155642023345,,264.478912,< 600,< 20mm,12.47351264014344,14.823083868170784,5.071960439826064,8.015626897955944,24.475007643750914,,83.84681707804491,99.64060946449978,34.0936632281543,53.880957326791936,164.52073670771017,
1984-09-07,1.0,14300,45.21535754114025,35.269901275634766,42.43846893310547,34.13640213012695,26.66704368591309,43.69591439688712,,404.93023999999997,< 600,20 - 50mm,-2.776888608034781,-9.945456265505484,-11.078955411013297,-18.54831385522716,-1.519443144253131,,-6.141472187869275,-21.99574836150832,-24.50263807144033,-41.022154559654965,-3.3604580984914922,
1984-09-15,3.0,9120,1.223982792477663,0.0033403609413653,0.2497530281543731,2.4765493869781494,0.1161950901150703,0.0723735408560311,,258.249216,< 600,< 20mm,-0.9742297643232898,-1.2206424315362976,1.2525665945004865,-1.1077877023625926,-1.1516092516216319,,-79.59505397548871,-99.72709085765793,102.33531077385184,-90.5068036226342,-94.08704588815925,
1984-09-24,0.0,8940,21.350493299503043,10.42253589630127,11.362682342529297,9.402376174926758,15.615348815917969,21.47859922178988,,253.15219199999999,< 600,20 - 50mm,-9.987810956973746,-10.927957403201773,-11.948117124576285,-5.735144483585074,0.1281059222868386,,-46.78023508340308,-51.183629576634345,-55.96178484950693,-26.861882782439345,0.6000138755099415,
1984-10-04,1.0,6790,5.49677054842455,13.322918891906738,11.21109104156494,8.887441635131836,7.434636116027832,10.23657587548638,,192.271072,< 600,< 20mm,5.71432049314039,7.826148343482188,3.390671086707286,1.937865567603282,4.7398053270618306,,103.95777744039529,142.37720629843773,61.68478485388296,35.254619972425466,86.22890996278394,
1984-10-09,5.0,10300,19.49695415696041,27.056930541992188,8.296626091003418,20.77532768249512,46.772117614746094,26.860311284046688,,291.66304,< 600,< 20mm,-11.200328065956992,7.559976385031778,1.278373525534711,27.275163457785684,7.363357127086278,,-57.4465528091652,38.7751662345314,6.556785820201212,139.89448422664753,37.7667048289056,
1984-10-10,3.0,13300,31.40328303578708,46.00259399414063,42.823974609375,46.30622100830078,45.54182052612305,52.77412451361869,,376.61343999999997,< 600,20 - 50mm,11.42069157358792,14.599310958353552,14.902937972513701,14.138537490335967,21.370841477831608,,36.36782676694324,46.48976013659535,47.456624059116244,45.02248212145123,68.0528894175729,
1984-10-13,1.0,18300,62.59664053488416,49.8579216003418,61.3232650756836,60.09090423583984,63.71598052978516,65.01439688715956,,518.19744,< 600,50 - 100mm,-1.2733754592005582,-12.738718934542362,-2.5057362990443224,1.1193399949010043,2.417756352275404,,-2.03425527044207,-20.35048338966892,-4.002988463331213,1.7881790226061942,3.862437874646045,
1984-10-25,2.0,13600,42.81171509525498,52.85773849487305,37.13991928100586,31.38133811950684,33.42864227294922,65.17587548638133,,385.10848,< 600,20 - 50mm,-5.671795814249123,10.046023399618065,-11.430376975748143,-9.383072822305763,22.364160391126347,,-13.24823311009503,23.46559435254093,-26.699180236801638,-21.917068263741978,52.23841264328387,
1984-11-03,2.0,27400,126.11948183589516,113.55819702148438,171.6400146484375,122.39486694335938,114.93397521972656,156.20739299610904,,775.88032,600 - 1200,> 100mm,45.52053281254234,-12.561284814410783,-3.724614892535783,-11.185506616168595,30.087911160213878,,36.09318096610403,-9.959829069671681,-2.9532430979871913,-8.868976032365099,23.856672040061053,
1984-11-11,0.0,18100,43.69468834029598,39.807106018066406,67.60164642333984,42.427852630615234,52.173248291015625,50.54280155642023,,512.53408,< 600,20 - 50mm,23.90695808304386,-3.8875823222295764,-1.2668357096807483,8.478559950719642,6.848113216124247,,54.71364825137444,-8.89715082060531,-2.8992899544552904,19.404097552288917,15.67264460794609,
1984-11-18,1.0,12200,9.538732327540655,21.794734954833984,13.642062187194824,10.32730197906494,13.67822551727295,27.254085603112834,,345.46496,< 600,< 20mm,4.103329859654169,12.256002627293329,0.7885696515242842,4.139493189732294,17.715353275572177,,43.01755955355672,128.48670249302677,8.267027781537495,43.3966804769284,185.7202054451577,
1984-11-22,3.0,13300,21.2773059318038,13.962976455688477,7.259588241577148,9.73004150390625,8.967137336730957,5.5665369649805445,,376.61343999999997,< 600,20 - 50mm,-14.01771769022665,-7.314329476115322,-11.547264427897549,-12.310168595072842,-15.710768966823254,,-65.88107411321265,-34.37620110158018,-54.27033133286635,-57.85586123792336,-73.83814951562978,
1984-11-27,1.0,13800,38.54485289854341,52.19804000854492,53.77520751953125,34.79742431640625,30.233837127685547,50.68268482490275,,390.77184,< 600,20 - 50mm,15.230354620987839,13.653187110001511,-3.747428582137161,-8.311015770857864,12.13783192635934,,39.51332921434858,35.421557181549026,-9.722254206031161,-21.561934073879765,31.490149821840475,
1984-12-08,2.0,22700,60.8229215829838,45.57261276245117,66.80750274658203,58.050106048583984,53.48719024658203,67.43190661478603,,642.7913599999999,600 - 1200,50 - 100mm,5.984581163598229,-15.25030882053263,-2.772815534399818,-7.335731336401771,6.608985031802227,,9.83935169150525,-25.073292146490957,-4.558833186953581,-12.060800674287343,10.865944712611762,
1984-12-14,1.0,14700,44.20677049608321,55.14884185791016,70.66699981689453,71.29657745361328,84.10993957519531,77.23968871595329,,416.25696,< 600,20 - 50mm,26.460229320811322,10.942071361826955,27.089806957530072,39.903169079112104,33.03291821987008,,59.85560361880709,24.75202607889314,61.279769260525995,90.26483642963149,74.72366302532065,
1984-12-23,0.0,12700,55.34605734434912,67.71452331542969,36.19316864013672,45.97356414794922,51.673736572265625,49.45194552529183,,359.62336,< 600,50 - 100mm,-19.1528887042124,12.368465971080568,-9.372493196399901,-3.672320772083495,-5.8941118190572865,,-34.60569663535018,22.347510490453026,-16.934346629402395,-6.635198509688318,-10.649560423763555,
1985-02-11,1.0,9570,42.16035951897889,62.18254852294922,63.66828155517578,69.61045837402344,77.21012878417969,83.54610894941638,,270.991776,< 600,20 - 50mm,21.507922036196888,20.022189003970325,27.450098855044544,35.049769265200794,41.385749430437485,,51.01456031586944,47.490555660364194,65.10878742077048,83.13441741269499,98.16270521082082,
1985-02-14,1.0,9520,28.10663098568208,17.048112869262695,21.91304397583008,16.577709197998047,18.81870460510254,12.638521400778204,,269.575936,< 600,20 - 50mm,-6.193587009851999,-11.058518116419386,-11.528921787684034,-9.287926380579542,-15.468109584903877,,-22.0360348880202,-39.34487246818287,-41.018511943167546,-33.04532081881654,-55.033666584883655,
1985-02-24,0.0,13100,32.37560608362588,30.18257522583008,45.47531127929688,23.855545043945312,30.713924407958984,26.67568093385213,,370.95008,< 600,20 - 50mm,13.099705195671,-2.193030857795801,-8.52006103968057,-1.6616816756668982,-5.699925149773751,,40.46165239913837,-6.7737136785369305,-26.316298195849473,-5.132511408048362,-17.605616818572905,
1985-03-23,1.0,9910,25.114499071303108,37.90117645263672,53.66058349609375,57.94438934326172,61.851829528808594,50.15680933852141,,280.619488,< 600,20 - 50mm,28.546084424790642,12.786677381333611,32.82989027195861,36.737330457505486,25.042310267218305,,113.66376189206422,50.91352746089294,130.72086438495379,146.2793677596505,99.71256124249244,
1985-04-01,0.0,12000,52.59582977079525,35.895240783691406,83.1317367553711,51.25444793701172,58.06816864013672,46.169649805447456,,339.8016,< 600,50 - 100mm,30.535906984575846,-16.700588987103842,-1.3413818337835295,5.4723388693414705,-6.426179965347792,,58.05765802659024,-31.752686591090036,-2.550357774806616,10.404510953033927,-12.218040847253713,
1985-04-27,2.0,18100,63.96116831759058,60.06674575805664,53.91407012939453,64.88714599609375,67.12045288085938,87.27392996108955,,512.53408,< 600,50 - 100mm,-10.047098188196045,-3.894422559533936,0.9259776785031733,3.1592845632687983,23.312761643498973,,-15.708121743975237,-6.088729555715282,1.4477185186883323,4.939379073849614,36.448304896093504,
1985-06-08,0.0,41500,68.8567992077275,50.545677185058594,62.80980682373047,59.76059722900391,56.42537689208984,67.01809338521404,,1175.1471999999999,600 - 1200,50 - 100mm,-6.046992383997036,-18.31112202266891,-9.096201978723592,-12.431422315637668,-1.838705822513461,,-8.781982975645503,-26.593048520056584,-13.210317765834755,-18.054022926820192,-2.670332986240683,
1985-09-06,2.0,16400,51.66137860158288,58.87489318847656,38.29100036621094,46.91544342041016,53.497291564941406,74.89105058365756,,464.39552,< 600,50 - 100mm,-13.370378235371945,7.21351458689368,-4.745935181172719,1.835912963358524,23.229671982074677,,-25.880800314071145,13.963070251231471,-9.186621243257541,3.5537436534887057,44.96525762741246,
1985-09-12,1.0,8850,9.459663478816088,12.272089958190918,10.708943367004396,13.900174140930176,9.937347412109377,11.512840466926066,,250.60368,< 600,< 20mm,1.2492798881883083,2.81242647937483,4.440510662114088,0.47768393329328873,2.0531769881099784,,13.206388271484897,29.730724413959976,46.94152886155136,5.049692669966656,21.704545755859606,
1985-09-19,0.0,8130,16.428845115348313,6.442286491394043,13.005901336669922,10.90512752532959,15.35019302368164,3.690077821011674,,230.215584,< 600,< 20mm,-3.422943778678391,-9.98655862395427,-5.523717590018723,-1.0786520916666724,-12.73876729433664,,-20.834962863461264,-60.78673548772172,-33.622068692207115,-6.565599006463113,-77.53903092333438,
1985-10-03,1.0,5850,5.869391962931042,6.486049652099609,0.5587566494941711,1.423960566520691,6.465365409851074,6.260894941634239,,165.65328,< 600,< 20mm,-5.310635313436871,0.6166576891685676,-4.445431396410351,0.5959734469200324,0.3915029787031976,,-90.48016126673637,10.506330009363058,-75.73921497296634,10.153921405896646,6.670247636821479,
1985-10-11,1.0,6020,27.941105114934025,32.66930389404297,43.13752746582031,34.59160614013672,44.20251083374024,38.74105058365759,,170.467136,< 600,20 - 50mm,15.196422350886287,4.7281987791089435,6.6505010252026935,16.261405718806216,10.799945468723564,,54.38733467547806,16.92201779299633,23.801853927560362,58.198863831319194,38.6525351245008,
1985-10-15,2.0,18700,42.44022942444819,43.36604309082031,36.7260971069336,33.19693756103516,66.06011199951172,37.770622568093394,,529.5241599999999,< 600,20 - 50mm,-5.71413231751459,0.9258136663721217,-9.243291863413027,23.619882575063528,-4.669606856354797,,-13.463952469170435,2.1814530197586444,-21.779552063609536,55.65446486831907,-11.002784197167452,
1985-10-16,1.0,20900,57.05651813939242,37.10031509399414,52.59837341308594,46.75666809082031,73.12083435058594,52.61712062256808,,591.82112,< 600,50 - 100mm,-4.458144726306486,-19.956203045398283,-10.299850048572111,16.064316211193514,-4.439397516824343,,-7.81355903179191,-34.97620201191406,-18.05201295916616,28.155093817585303,-7.780701770091603,
1985-10-18,2.0,14600,30.84475714867145,22.23423385620117,21.140380859375,22.56103134155273,28.09654235839844,28.567315175097256,,413.42528,< 600,20 - 50mm,-9.704376289296452,-8.610523292470283,-8.28372580711872,-2.7482147902730105,-2.277441973574195,,-31.461996093927553,-27.91567867098982,-26.856187478446458,-8.909827939401954,-7.383562667058603,
1985-10-20,1.0,17300,44.07447802083367,38.5596923828125,40.446250915527344,44.13032531738281,43.78996276855469,37.13852140077823,,489.88063999999997,< 600,20 - 50mm,-3.6282271053063297,-5.5147856380211735,0.055847296549139,-0.284515252278986,-6.935956620055443,,-8.232036471518265,-12.512424163967129,0.12671119218414886,-0.6455328912675898,-15.736900200557946,
1985-10-25,1.0,40000,118.09720274504012,83.05854034423828,85.86788940429688,76.06217956542969,83.29788970947266,138.79260700389108,,1132.672,600 - 1200,> 100mm,-32.229313340743246,-35.03866240080184,-42.035023179610434,-34.799313035567465,20.695404258850957,,-27.290496803995488,-29.669341513911007,-35.59358071364297,-29.466670019861223,17.524042718886605,
1985-10-27,2.0,51700,134.09805556692996,92.83870697021484,87.01214599609375,108.57814025878906,119.82538604736328,119.56070038910504,,1463.97856,1200 - 1700,> 100mm,-47.08590957083621,-41.259348596715114,-25.519915308140895,-14.272669519566676,-14.53735517782492,,-35.113044236003155,-30.76804389316598,-19.030786986619354,-10.64345747537183,-10.840839650034411,
1985-11-03,3.0,56200,150.28015684169748,89.26811981201172,112.04624938964844,102.42854309082033,96.79867553710938,140.14922178988323,,1591.40416,1200 - 1700,> 100mm,-38.23390745204904,-61.01203702968576,-47.85161375087715,-53.4814813045881,-10.130935051814248,,-25.441753758830565,-40.59886435569454,-31.841604877537634,-35.58785299973074,-6.741365769591258,
1985-11-05,1.0,35000,65.66618358929344,41.095848083496094,42.1921272277832,40.87825012207031,53.88627624511719,64.50933852140076,,991.088,600 - 1200,50 - 100mm,-23.474056361510236,-24.570335505797345,-24.787933467223127,-11.779907344176252,-1.1568450678926752,,-35.74755692873489,-37.41702983604399,-37.74839972771721,-17.939077163145676,-1.7617059567952316,
1985-11-17,0.0,17500,43.42673803088086,31.87486457824707,41.702484130859375,32.151878356933594,28.74648666381836,50.51887159533072,,495.544,< 600,20 - 50mm,-1.7242539000214876,-11.551873452633792,-11.274859673947269,-14.680251367062503,7.09213356444986,,-3.9704891000456133,-26.60083159923093,-25.962943995309267,-33.804637494585336,16.331260154531122,
1985-12-04,1.0,9340,36.90718350668854,35.134368896484375,44.252323150634766,39.86468124389648,51.012542724609375,40.11575875486384,,264.478912,< 600,20 - 50mm,7.345139643946226,-1.7728146102041649,2.9574977372079374,14.105359217920835,3.2085752481753005,,19.901653136482484,-4.803440527730556,8.013339020226136,38.218465560680286,8.693633442914503,
1986-01-01,0.0,8290,23.21849326790113,,,24.83099937438965,39.00717544555664,,,234.746272,< 600,20 - 50mm,,,1.6125061064885173,15.78868217765551,,,,,6.944921394696005,68.00045978643622,,
1986-01-08,3.0,12900,39.85801337934527,18.87046813964844,62.31897735595703,48.94234085083008,51.25912094116211,20.824513618677027,,365.28672,< 600,20 - 50mm,22.460963976611758,-20.987545239696832,9.084327471484805,11.401107561816836,-19.033499760668246,,56.35244226259205,-52.655773482611,22.791721667172638,28.604304618265235,-47.75325749308808,
1986-01-11,2.0,16100,23.29341109578514,19.744569778442383,64.32652282714844,27.408966064453125,34.66305923461914,21.99922178988326,,455.90048,< 600,20 - 50mm,41.0331117313633,-3.548841317342756,4.115554968667986,11.369648138834002,-1.2941893059018774,,176.15759049900637,-15.235386963075179,17.668322392733117,48.810576055523704,-5.556031706047794,
1986-01-13,1.0,13700,13.19347418816364,4.328333377838135,21.81186866760254,14.544754981994627,15.877901077270508,3.5315175097276272,,387.94016,< 600,< 20mm,8.6183944794389,-8.865140810325505,1.3512807938309876,2.6844268891068683,-9.661956678436013,,65.32316171255927,-67.19337669435663,10.242039166933546,20.346626300411216,-73.23284633477448,
1986-01-19,4.0,63400,170.77800769058285,112.33902740478516,140.60385131835938,139.8868408203125,143.99261474609375,153.2970817120622,,1795.28512,> 1700,> 100mm,-30.17415637222348,-58.4389802857977,-30.891166870270354,-26.785392944489104,-17.480925978520645,,-17.668642924382446,-34.21926574508234,-18.088492358008562,-15.68433389445503,-10.23605217961832,
1986-01-27,1.0,20200,9.964120437563832,17.082447052001953,14.14869499206543,9.252175331115724,8.629764556884766,15.511673151750966,,571.99936,< 600,< 20mm,4.184574554501598,7.118326614438121,-0.7119451064481073,-1.334355880679066,5.547552714187134,,41.99642688707506,71.43958826112413,-7.145087325160571,-13.3916073078429,55.675287637766424,
1986-02-17,0.0,15400,67.13058504025162,56.49653244018555,67.03831481933594,84.42893981933594,78.64219665527344,77.30447470817116,,436.07872,< 600,50 - 100mm,-0.0922702209156796,-10.63405260006607,17.29835477908432,11.51161161502182,10.17388966791954,,-0.13744885563019332,-15.840846007359943,25.768216929306064,17.148087727999744,15.15537167122744,
1986-02-25,4.0,60900,156.04534611396534,112.39710998535156,200.78399658203125,144.92626953125,144.03305053710938,161.21789883268497,,1724.4931199999999,> 1700,> 100mm,44.73865046806591,-43.648236128613775,-11.119076582715337,-12.012295576855962,5.172552718719629,,28.670288209295087,-27.971507780011557,-7.125541939965764,-7.697951830029565,3.314775382626236,
1986-03-07,2.0,19600,10.577237083323311,28.23464584350586,45.77994537353516,39.820068359375,45.91826248168945,40.13949416342412,,555.00928,< 600,< 20mm,35.20270829021185,17.65740876018255,29.24283127605169,35.34102539836614,29.562257080100807,,332.81572506032313,166.9378177030961,276.4694697271903,334.1234116240702,279.48940585543255,
1986-03-14,0.0,14600,12.523682595951836,12.42937469482422,15.541406631469728,20.740428924560547,19.084747314453125,8.883852140077815,,413.42528,< 600,< 20mm,3.017724035517892,-0.09430790112761578,8.21674632860871,6.561064718501289,-3.639830455874021,,24.096139553180173,-0.7530365002870636,65.60966605193825,52.38926065263018,-29.063579566050024,
1986-03-26,2.0,16700,39.0001968820339,26.897768020629883,65.65446472167969,38.32844543457031,38.71503448486328,26.150389105058355,,472.89056,< 600,20 - 50mm,26.65426783964579,-12.102428861404015,-0.6717514474635848,-0.2851623971706161,-12.849807776975542,,68.34393149416262,-31.031712219327805,-1.7224309136065887,-0.7311819425762464,-32.94805873889069,
1986-04-13,0.0,10800,17.595242829111015,13.96654224395752,21.276235580444336,23.146221160888672,28.25542640686035,16.165758754863813,,305.82144,< 600,< 20mm,3.6809927513333207,-3.6287005851534957,5.550978331777657,10.660183577749336,-1.4294840742472026,,20.920386192358677,-20.623191281849635,31.548176889003553,60.5856007858684,-8.124264542016702,
1986-04-22,2.0,15900,26.78530590881524,21.85604476928711,32.57197570800781,24.31964492797852,34.85197448730469,23.75797665369649,,450.23712,< 600,20 - 50mm,5.786669799192573,-4.92926113952813,-2.46566098083672,8.066668578489448,-3.027329255118751,,21.60389662485855,-18.40285549214457,-9.20527467272738,30.116021844031465,-11.30220153327588,
1986-05-01,1.0,12900,9.169934994155804,7.265182971954346,10.820693016052246,11.254165649414062,12.839923858642578,7.601361867704284,,365.28672,< 600,< 20mm,1.6507580218964417,-1.9047520222014587,2.084230655258258,3.6699888644867737,-1.5685731264515201,,18.001850863157756,-20.771706925026162,22.728957801626542,40.02197253116556,-17.105607918171778,
1986-05-13,1.0,20000,52.73588907777222,51.07879257202149,49.271915435791016,64.33343505859375,46.96474456787109,75.87626459143962,,566.336,< 600,50 - 100mm,-3.4639736419812053,-1.6570965057507294,11.597545980821529,-5.771144509901134,23.1403755136674,,-6.56853179600843,-3.1422557478967073,21.99175207555154,-10.943485756711416,43.87974853242949,
1986-05-19,1.0,19200,20.106311659836816,33.92934799194336,30.477685928344727,13.003931045532228,25.51249885559082,28.29007782101167,,543.68256,< 600,20 - 50mm,10.37137426850791,13.823036332106543,-7.102380614304588,5.406187195754004,8.183766161174855,,51.58267932962144,68.74973672928103,-35.32413470190002,26.88801052732653,40.702473430381886,
1986-05-23,4.0,18700,5.524726585169852,3.643339157104492,5.146711349487305,3.3754615783691406,2.05933165550232,2.94182879377432,,529.5241599999999,< 600,< 20mm,-0.3780152356825477,-1.8813874280653602,-2.1492650068007118,-3.4653949296675326,-2.582897791395532,,-6.842243319285021,-34.05394636389085,-38.90264927444613,-62.72518424657919,-46.75159488125372,
1986-06-09,0.0,19000,1.7115621465749336,0.3361905515193939,0.9582197070121764,0.4936534166336059,4.010106086730957,1.2180933852140077,,538.0192,< 600,< 20mm,-0.7533424395627571,-1.3753715950555396,-1.2179087299413276,2.2985439401560237,-0.4934687613609259,,-44.01490422479235,-80.35767779790196,-71.15772759864589,134.295090876818,-28.831483703260403,
1986-06-18,1.0,18400,12.355590827549838,26.249624252319336,30.02715110778809,12.044353485107422,9.904261589050291,21.11517509727628,,521.02912,< 600,< 20mm,17.671560280238253,13.894033424769498,-0.31123734244241597,-2.4513292384995466,8.75958426972644,,143.02480979570115,112.4513883527878,-2.519000076859421,-19.839838278180135,70.8957134627248,
1986-06-24,0.0,19900,0.0,0.0,0.0024828370660543,8.033323865674902e-06,0.1274789273738861,0.0,,563.50432,< 600,< 20mm,0.0024828370660543,0.0,8.033323865674902e-06,0.1274789273738861,0.0,,inf,,inf,inf,,
1986-07-02,2.0,18200,23.86598853605985,20.156753540039062,2.968799591064453,7.614266395568848,10.078805923461914,18.863035019455246,,515.36576,< 600,20 - 50mm,-20.897188944995396,-3.709234996020786,-16.251722140491,-13.787182612597935,-5.002953516604602,,-87.56054212219702,-15.541929010886726,-68.09574267554758,-57.76916632540261,-20.962691359067268,
1986-07-10,1.0,11500,3.76765200822217,10.003582000732422,12.94610595703125,16.420557022094727,12.815372467041016,15.461478599221785,,325.6432,< 600,< 20mm,9.17845394880908,6.235929992510252,12.652905013872557,9.047720458818846,11.693826590999615,,243.6120408354828,165.51236629342475,335.82998074822314,240.14214792326757,310.374380794195,
1986-07-17,0.0,15800,34.73192928341884,29.303598403930664,25.88900375366211,38.05199432373047,44.5113525390625,33.90330739299614,,447.40544,< 600,20 - 50mm,-8.842925529756734,-5.428330879488179,3.3200650403116256,9.779423255643657,-0.8286218904227027,,-25.46050770055662,-15.629223574630752,9.559114937783308,28.15686734774158,-2.3857640721913196,
1986-09-01,2.0,7220,2.093453152873375,1.3704272508621216,1.5288642644882202,1.4194633960723877,22.292478561401367,3.938521400778212,,204.447296,< 600,< 20mm,-0.5645888883851549,-0.7230259020112535,-0.6739897568009874,20.19902540852799,1.845068247904837,,-26.96926308621842,-34.53747703973515,-32.19512009981694,964.8663683160887,88.13515818934775,
1986-09-16,0.0,5500,10.155701721613973,5.632552623748779,14.42475414276123,29.60883331298828,16.20145606994629,8.059338521400775,,155.7424,< 600,< 20mm,4.269052421147258,-4.523149097865193,19.45313159137431,6.045754348332316,-2.0963632002131973,,42.03601620222466,-44.53802624233003,191.54886707604842,59.530641151712636,-20.64222894368384,
1986-09-23,1.0,6000,11.288030585518506,32.3306770324707,22.220314025878903,30.98991775512696,25.442487716674805,52.08949416342408,,169.9008,< 600,< 20mm,10.932283440360397,21.042646446952197,19.701887169608455,14.154457131156299,40.80146357790557,,96.8484569344231,186.41556901828346,174.5378613244027,125.39350441976258,361.45776952668837,
1986-10-02,1.0,8830,6.188401540213115,2.403655767440796,2.9750068187713623,1.2241601943969729,4.20408296585083,2.5120622568093385,,250.037344,< 600,< 20mm,-3.2133947214417526,-3.784745772772319,-4.964241345816142,-1.9843185743622849,-3.6763392834037765,,-51.92608625281756,-61.15869741448582,-80.21847505462912,-32.065123141539864,-59.40692858267842,
1986-10-15,0.0,6010,0.1975927357141188,0.0,7.189759799075546e-06,0.0,0.0,0.0,,170.183968,< 600,< 20mm,-0.19758554595431974,-0.1975927357141188,-0.1975927357141188,-0.1975927357141188,-0.1975927357141188,,-99.99636132382443,-100.0,-100.0,-100.0,-100.0,
1986-10-27,3.0,18500,90.59121037046287,83.23045349121094,100.55049896240234,82.56494903564453,130.3400421142578,112.86264591439688,,523.8608,< 600,50 - 100mm,9.959288591939469,-7.360756879251937,-8.026261334818344,39.74883174379494,22.271435543934004,,10.993658823203758,-8.125243993485597,-8.85986764278325,43.87713949426929,24.58454352564382,
1986-10-29,2.0,13700,73.90223325854795,34.91972351074219,30.309608459472656,20.550193786621094,25.533008575439453,30.73151750972764,,387.94016,< 600,50 - 100mm,-43.592624799075296,-38.982509747805764,-53.35203947192686,-48.3692246831085,-43.170715748820314,,-58.986884261759606,-52.748757417688495,-72.19272966389802,-65.45028823944754,-58.415982637205275,
1986-11-12,1.0,9890,11.978529632043664,13.290428161621094,6.130280017852783,9.702166557312012,12.290413856506348,11.417509727626465,,280.053152,< 600,< 20mm,-5.84824961419088,1.3118985295774301,-2.276363074731652,0.31188422446268405,-0.5610199044171988,,-48.82276701596394,10.952083184466826,-19.00369364735862,2.603693725717096,-4.683545657527274,
1986-11-18,2.0,11900,68.26065583461556,68.29861450195312,65.18778991699219,66.85694122314453,70.01903533935547,86.85272373540862,,336.96992,< 600,50 - 100mm,-3.072865917623375,0.0379586673375627,-1.403714611471031,1.7583795047399065,18.592067900793054,,-4.501664802442607,0.05560841288945475,-2.0564036402931767,2.575978040703525,27.23687265155876,
1986-11-20,3.0,30100,136.06243411099706,115.0720672607422,139.36166381835938,135.2725830078125,138.49636840820312,180.5856031128405,,852.33568,600 - 1200,> 100mm,3.299229707362315,-20.99036685025486,-0.7898511031845601,2.433934297206065,44.52316900184343,,2.4247910372313846,-15.427011127208948,-0.5805063744047201,1.788836362592565,32.72260215889001,
1986-11-24,3.0,65100,161.6005086379115,112.89290618896484,139.97454833984375,145.58563232421875,145.00442504882812,152.81731517509724,,1843.4236799999999,> 1700,> 100mm,-21.625960298067753,-48.70760244894666,-16.014876313692753,-16.596083589083378,-8.783193462814268,,-13.382359053413461,-30.14074823123412,-9.910164546311124,-10.269821381731676,-5.435127362435621,
1986-11-25,1.0,49000,139.82087574554447,96.64512634277344,110.66798400878906,123.79634857177734,135.12635803222656,134.50486381322952,,1387.5232,1200 - 1700,> 100mm,-29.152891736755407,-43.17574940277103,-16.024527173767126,-4.694517713317907,-5.31601193231495,,-20.85017103584004,-30.879329837230596,-11.460754403319322,-3.3575227506522776,-3.80201590354032,
1986-12-15,0.0,13200,29.769447431460883,20.80428504943848,70.71656799316406,33.26702117919922,26.705427169799805,27.91712062256808,,373.78176,< 600,20 - 50mm,40.94712056170318,-8.965162382022402,3.497573747738336,-3.064020261661078,-1.8523268088928013,,137.54746592450869,-30.11531336838943,11.748870232781137,-10.292499612952058,-6.222241152300426,
1986-12-22,2.0,15300,33.33919889791325,48.16633605957031,31.958526611328125,39.71833419799805,53.607513427734375,64.53891050583655,,433.24703999999997,< 600,20 - 50mm,-1.3806722865851242,14.827137161657063,6.379135300084798,20.268314529821126,31.199711607923305,,-4.141288129966262,44.473585604317314,19.13403894202172,60.79424581221641,93.58266736839961,
1986-12-29,2.0,20700,44.75575531600778,55.70518493652344,47.7803840637207,65.18184661865234,72.3670654296875,84.70700389105056,,586.1577599999999,< 600,20 - 50mm,3.0246287477129243,10.949429620515659,20.426091302644565,27.61131011367972,39.95124857504278,,6.758077763087391,24.464852717164128,45.6390271115339,61.693317247634496,89.26505271323938,
1987-01-03,2.0,20700,71.0155028124014,63.15631103515625,72.85487365722656,78.34005737304688,91.11766052246094,107.4190661478599,,586.1577599999999,< 600,50 - 100mm,1.8393708448251687,-7.859191777245144,7.324554560645481,20.102157710059544,36.4035633354585,,2.5900976152828994,-11.066867748590662,10.314021967843336,28.30671742642244,51.261431509714484,
1987-01-12,3.0,22400,32.440250440973905,44.43437576293945,66.30325317382812,34.422096252441406,56.07110595703125,52.82996108949418,,634.29632,600 - 1200,20 - 50mm,33.86300273285422,11.994125321965548,1.981845811467501,23.630855516057345,20.38971064852027,,104.38576235553131,36.97297387943799,6.109218592727989,72.84424501917597,62.85312342338422,
1987-01-20,0.0,17100,7.141252366420821,2.8901095390319824,7.797010898590088,3.950473546981812,12.296625137329102,4.417315175097276,,484.21728,< 600,< 20mm,0.6557585321692665,-4.251142827388839,-3.1907788194390094,5.15537277090828,-2.7239371913235457,,9.182682511722115,-59.52937397057012,-44.680941881321864,72.19143794930946,-38.143690371900085,
1987-01-27,1.0,15700,52.11145507861784,45.008934020996094,46.04882049560547,39.709754943847656,31.099550247192383,56.45369649805447,,444.57376,< 600,50 - 100mm,-6.062634583012368,-7.102521057621743,-12.40170013477018,-21.011904831425454,4.3422414194366326,,-11.633976778936583,-13.62948136241166,-23.798414602049363,-40.32108640936218,8.332604439629865,
1987-02-01,1.0,22800,81.18288145894513,82.55866241455078,77.0313720703125,68.22183227539062,82.37176513671875,107.69980544747078,,645.62304,600 - 1200,50 - 100mm,-4.151509388632633,1.3757809556056486,-12.961049183554508,1.1888836777736174,26.516923988525647,,-5.11377437462858,1.6946687908600444,-15.965249016332365,1.4644511951387753,32.663196368480065,
1987-02-03,2.0,21400,77.5107743811026,37.04459381103516,53.77769470214844,50.91367721557617,40.36697769165039,56.97898832684824,,605.97952,600 - 1200,50 - 100mm,-23.73307967895417,-40.46618057006744,-26.597097165526435,-37.143796689452216,-20.53178605425437,,-30.619071823826825,-52.207168478416385,-34.314064564436734,-47.920817442520615,-26.488944560538524,
1987-02-11,1.0,17200,4.376227532691512,9.626164436340332,19.911052703857425,7.712716102600098,14.529573440551758,8.486575875486382,,487.04895999999997,< 600,< 20mm,15.534825171165913,5.24993690364882,3.3364885699085853,10.153345907860245,4.11034834279487,,354.98211770564694,119.9648981784078,76.24120421034287,232.01138039583674,93.92446604043188,
1987-02-17,0.0,18400,27.208271544319835,22.58287811279297,22.82481002807617,25.07995986938477,19.765399932861328,31.682684824902736,,521.02912,< 600,20 - 50mm,-4.383461516243667,-4.6253934315268666,-2.128311674935066,-7.442871611458507,4.474413280582901,,-16.11076804016529,-16.999953209054517,-7.822296508134436,-27.355179836891647,16.445047871910877,
1987-03-04,4.0,39500,133.77671897890008,87.55638122558594,203.02740478515625,147.14984130859375,150.31019592285156,124.57762645914391,,1118.5136,600 - 1200,> 100mm,69.25068580625617,-46.22033775331414,13.373122329693672,16.533476943951484,-9.199092519756164,,51.765872518654554,-34.550359813058535,9.996599133069592,12.359009153572698,-6.876452487377187,
1987-03-12,1.0,20900,23.35594646286497,22.3763370513916,42.42790985107422,43.87513732910156,50.84927368164063,30.503112840466933,,591.82112,< 600,20 - 50mm,19.071963388209248,-0.9796094114733691,20.519190866236592,27.49332721877566,7.1471663776019625,,81.65784854205293,-4.1942612474767795,87.85424687824701,117.71446411940087,30.60105651879993,
1987-04-09,0.0,12300,31.82908794555963,30.903493881225582,38.16544342041016,35.84120178222656,40.37284851074219,26.27704280155641,,348.29663999999997,< 600,20 - 50mm,6.336355474850535,-0.9255940643340459,4.012113836666934,8.54376056518256,-5.55204514400322,,19.907436511181903,-2.908013154248023,12.605180027556056,26.84261823585954,-17.443305800968663,
1987-04-16,2.0,16500,35.70762713564058,35.83641052246094,53.50055313110352,41.63642501831055,55.24363708496094,39.79708171206225,,467.2272,< 600,20 - 50mm,17.792925995462944,0.12878338682035917,5.9287978826699685,19.53600994932036,4.089454576421673,,49.82948300617665,0.36066072475540556,16.60372967419138,54.71102819324848,11.452608040537921,
1987-05-03,0.0,22200,45.98048373162177,27.73493385314941,20.84192657470703,28.86815071105957,29.30940628051757,19.90505836575877,,628.63296,600 - 1200,20 - 50mm,-25.138557156914736,-18.245549878472357,-17.112333020562197,-16.671077451104196,-26.075425365862998,,-54.672232905689086,-39.681074224811816,-37.21651368533489,-36.256855296281145,-56.70976738317863,
1987-05-12,2.0,35900,48.18156594420355,44.36264801025391,12.110404014587402,34.23555374145508,42.67874526977539,55.87587548638136,,1016.57312,600 - 1200,20 - 50mm,-36.071161929616146,-3.818917933949635,-13.94601220274847,-5.502820674428158,7.6943095421778125,,-74.8650676306125,-7.926097583403818,-28.944705157359536,-11.421008359920629,15.969405293070329,
1987-05-14,1.0,28400,68.53566533900832,28.74479103088379,28.08324241638184,50.219085693359375,62.94597625732422,43.84610894941637,,804.19712,600 - 1200,50 - 100mm,-40.45242292262648,-39.79087430812453,-18.316579645648943,-5.589689081684099,-24.68955638959195,,-59.02390050863379,-58.05863868294109,-26.725617319167878,-8.155883588544702,-36.02439148648556,
1987-05-21,0.0,16700,4.983544933590744,4.660136222839356,4.16791582107544,8.438344955444336,2.396273612976074,3.348054474708171,,472.89056,< 600,< 20mm,-0.8156291125153032,-0.3234087107513872,3.4548000218535924,-2.5872713206146694,-1.6354904588825727,,-16.366444436322684,-6.4895313488899316,69.32414712601658,-51.91628359113617,-32.817813036235016,
1987-05-30,2.0,16400,27.84764239917145,38.64068984985352,45.249324798583984,42.744049072265625,40.38687515258789,58.27159533073928,,464.39552,< 600,20 - 50mm,17.401682399412536,10.793047450682074,14.896406673094177,12.539232753416442,30.423952931567833,,62.488889184853534,38.757490835214114,53.49252356650985,45.02798683521418,109.25144935239845,
1987-06-10,4.0,20400,4.821378585903854,5.9809746742248535,3.198913097381592,2.4284491539001465,0.6713835000991821,5.776848249027237,,577.66272,< 600,< 20mm,-1.6224654885222618,1.159596088321,-2.392929432003707,-4.1499950858046715,0.9554696631233837,,-33.65148493557059,24.051131178772863,-49.63164350959405,-86.07486451982655,19.817354022288704,
1987-07-06,0.0,19700,37.5305697823762,28.425073623657227,16.235008239746094,17.597566604614258,22.86394500732422,25.973151750972768,,557.84096,< 600,20 - 50mm,-21.295561542630104,-9.105496158718971,-19.93300317776194,-14.666624775051979,-11.55741803140343,,-56.74190843921103,-24.261545219051744,-53.11137905271607,-39.079142310115444,-30.794677774464862,
1987-09-14,1.0,6080,1.4366424482379887,17.960973739624023,9.245588302612305,9.51051139831543,6.128430843353272,28.888132295719824,,172.166144,< 600,< 20mm,7.808945854374316,16.524331291386034,8.073868950077442,4.6917883951152834,27.451489847481835,,543.5552780687931,1150.204862152916,561.9957115968465,326.58010355114186,1910.8087667290147,
1987-09-19,1.0,6440,0.0919502870866184,0.0,1.2874581443611532e-05,0.0025672391057014,0.0035365745425224,0.0,,182.36019199999998,< 600,< 20mm,-0.09193741250517479,-0.0919502870866184,-0.089383047980917,-0.088413712544096,-0.0919502870866184,,-99.98599832382091,-100.0,-97.20801403993113,-96.15381892261968,-100.0,
1987-09-27,0.0,8070,5.048103256420193,4.837742328643799,3.8694522380828857,4.7875657081604,6.177978992462158,5.403307392996112,,228.516576,< 600,< 20mm,-1.1786510183373071,-0.21036092777639404,-0.2605375482597925,1.1298757360419653,0.3552041365759191,,-23.34839361374582,-4.167128069515147,-5.161097842609301,22.382183538044433,7.036388095353822,
1987-10-31,1.0,5240,4.133682595636921,11.104588508605955,17.341405868530273,13.300360679626465,21.96511459350586,8.614007782101163,,148.380032,< 600,< 20mm,13.207723272893352,6.970905912969034,9.166678083989543,17.83143199786894,4.480325186464242,,319.51469343180895,168.63669988418525,221.75573164869795,431.3691626127733,108.38580570247942,
1987-11-11,2.0,8830,28.886284909471087,30.18614387512207,57.6231575012207,36.87537384033203,47.81528091430664,46.56984435797668,,250.037344,< 600,20 - 50mm,28.736872591749616,1.2998589656509836,7.9890889308609445,18.928996004835554,17.68355944850559,,99.48275689245008,4.49991741660345,27.657031549396383,65.52935437754826,61.21783920613342,
1987-11-18,3.0,7320,15.512887151072682,7.587977409362793,26.030029296875,16.25716781616211,17.056554794311523,6.132295719844352,,207.278976,< 600,< 20mm,10.517142145802318,-7.9249097417098895,0.7442806650894269,1.543667643238841,-9.38059143122833,,67.79616227063883,-51.08597557974177,4.797821693932463,9.950872640313763,-60.46966847547578,
1987-11-24,1.0,12200,64.5119101647893,53.18478775024414,94.12257385253906,80.26958465576172,100.68864440917967,63.71984435797668,,345.46496,< 600,50 - 100mm,29.610663687749764,-11.327122414545158,15.75767449097242,36.176734244390374,-0.7920658068126158,,45.89953019855132,-17.558187915396,24.425992736412542,56.07760513055726,-1.227782288246251,
1987-12-01,2.0,8760,21.3113384242292,37.88492965698242,44.16690826416016,50.64792251586914,40.71482467651367,65.95603112840465,,248.055168,< 600,20 - 50mm,22.855569839930965,16.573591232753223,29.336584091639942,19.403486252284473,44.64469270417545,,107.24605552669608,77.76888951240362,137.6571640300485,91.04771303441149,209.48798154046574,
1987-12-03,3.0,14400,96.39989094820808,77.40156555175781,103.73396301269533,107.881591796875,88.6423110961914,110.4863813229572,,407.76192,< 600,50 - 100mm,7.334072064487245,-18.99832539645027,11.481700848666918,-7.757579852016676,14.086490374749118,,7.607967179576539,-19.70782872218946,11.91049153243917,-8.047291107605632,14.612558412869204,
1987-12-05,2.0,12500,66.58937856299984,46.89106750488281,46.46028518676758,44.69960403442383,42.99174880981445,66.08326848249028,,353.96,< 600,50 - 100mm,-20.129093376232262,-19.698311058117028,-21.889774528576012,-23.597629753185387,-0.5061100805095577,,-30.228684830251478,-29.581761360756005,-32.872771905907214,-35.43752811998358,-0.7600462587749334,
1987-12-10,2.0,32100,112.82310132576904,102.75685119628906,105.1122589111328,84.455810546875,98.39598846435548,127.4175097276265,,908.96928,600 - 1200,> 100mm,-7.710842414636247,-10.066250129479982,-28.367290778894045,-14.427112861413562,14.59440840185745,,-6.834453515305977,-8.92215336326766,-25.143158134773675,-12.787374830050322,12.935656111523727,
1987-12-23,0.0,8950,44.02737089393133,25.053232192993164,18.51229286193848,23.873920440673828,32.97615051269531,18.833463035019445,,253.43536,< 600,20 - 50mm,-25.515078031992847,-18.974138700938163,-20.1534504532575,-11.051220381236014,-25.19390785891188,,-57.95276327869446,-43.09623381021267,-45.77482153501794,-25.10079561157557,-57.22328485070767,
1988-01-15,3.0,26300,98.67350097299762,74.55604553222656,108.40065002441406,118.1562957763672,110.2048797607422,110.06284046692608,,744.73184,600 - 1200,50 - 100mm,9.727149051416447,-24.117455440771053,19.482794803369586,11.531378787744586,11.38933949392846,,9.857914187192282,-24.44167400867928,19.744708165063614,11.6863987535014,11.542449980613535,
1988-01-20,1.0,11200,9.83491012202549,15.928306579589844,19.18340492248535,15.745452880859377,21.32747459411621,22.405642023346296,,317.14816,< 600,< 20mm,9.34849480045986,6.093396457564353,5.910542758833886,11.49256447209072,12.570731901320805,,95.05419657596777,61.9568087756904,60.09757776633972,116.85479917455348,127.81745583183708,
1988-01-22,1.0,10800,20.512908195993056,26.06056785583496,36.43494415283203,29.766998291015625,38.28514862060547,37.147470817120606,,305.82144,< 600,20 - 50mm,15.922035956838975,5.547659659841905,9.254090095022569,17.772240424612413,16.63456262112755,,77.61959350039479,27.044725237572955,45.11349637312881,86.63930172555445,81.09314614091096,
1988-01-28,2.0,9370,4.051875714496905,17.054601669311523,39.02999114990234,7.546903610229492,15.039602279663086,21.64474708171204,,265.328416,< 600,< 20mm,34.97811543540543,13.002725954814618,3.495027895732587,10.98772656516618,17.592871367215135,,863.257362763123,320.90633748446754,86.25703604945201,271.17629807484,434.19079475391874,
1988-02-08,0.0,12200,33.074956025016526,39.16291046142578,28.711469650268555,23.266674041748047,19.533674240112305,74.24708171206225,,345.46496,< 600,20 - 50mm,-4.363486374747971,6.087954436409255,-9.808281983268479,-13.541281784904221,41.17212568704573,,-13.192720109582643,18.406538263587045,-29.654709067035196,-40.94119361689297,124.4812711342831,
1988-02-15,1.0,16400,48.36568063796706,37.18865585327149,81.96430969238281,67.89981079101562,75.79849243164062,70.44883268482494,,464.39552,< 600,20 - 50mm,33.59862905441575,-11.177024784695568,19.534130153048565,27.432811793673565,22.083152046857876,,69.46791322117946,-23.109412784571884,40.38841156659806,56.719581802264166,45.65872278766734,
1988-03-07,0.0,18000,62.61581268912292,47.58761596679688,56.96862030029297,45.1396369934082,42.256595611572266,40.56614785992217,,509.7024,< 600,50 - 100mm,-5.64719238882995,-15.028196722326037,-17.476175695714716,-20.359217077550653,-22.04966482920075,,-9.018795965912506,-24.00064149440738,-27.910163495730732,-32.514497861156535,-35.21421168591018,
1988-03-23,1.0,16400,66.4514073245156,56.64421081542969,97.32635498046876,80.6994400024414,90.51895141601562,76.09396887159532,,464.39552,< 600,50 - 100mm,30.874947655953164,-9.807196509085912,14.248032677925806,24.067544091500025,9.642561547079723,,46.462443609621815,-14.75844817129673,21.441280556099446,36.2182609225507,14.510695762980989,
1988-03-26,2.0,25300,104.7392159214895,87.1522445678711,79.80885314941406,100.79562377929688,97.71881866455078,120.4301556420233,,716.41504,600 - 1200,> 100mm,-24.93036277207544,-17.58697135361841,-3.943592142192628,-7.020397256938722,15.690939720533791,,-23.802319458609237,-16.791200123935685,-3.7651533931175014,-6.702739938592892,14.980959693545365,
1988-04-03,1.0,21100,55.70183740400627,50.72104644775391,80.69297790527344,50.68336486816406,55.43043899536133,60.19299610894946,,597.48448,< 600,50 - 100mm,24.991140501267168,-4.980790956252356,-5.018472535842207,-0.27139840864494147,4.491158704943189,,44.86591765367818,-8.941879098397786,-9.009527817625026,-0.48723421217954577,8.062855579374782,
1988-04-06,2.0,30700,137.85539197807788,103.98258209228516,103.29315185546876,93.85919952392578,96.71836853027344,118.75661478599224,,869.32576,600 - 1200,> 100mm,-34.56224012260911,-33.87280988579272,-43.996192454152094,-41.13702344780444,-19.098777192085635,,-25.07137343463888,-24.571262247891806,-31.91474183407239,-29.84070688678333,-13.854211226734442,
1988-04-19,0.0,22300,11.0563403534577,11.618204116821287,12.138662338256836,6.7166056632995605,16.0749454498291,9.035797665369651,,631.46464,600 - 1200,< 20mm,1.0823219847991368,0.5618637633635881,-4.339734690158139,5.018605096371402,-2.0205426880880477,,9.789152198635575,5.081824052095809,-39.2510953120302,45.39119578389165,-18.27496823988558,
1988-04-29,1.0,18200,7.838556411536099,15.053041458129885,15.853280067443848,19.76458549499512,22.894268035888672,23.38132295719844,,515.36576,< 600,< 20mm,8.014723655907748,7.2144850465937855,11.92602908345902,15.055711624352572,15.542766545662339,,102.2474450029138,92.03844008797513,152.14573267479886,192.07250460295086,198.28608393744364,
1988-05-10,1.0,16100,0.5977342253525066,0.1262775212526321,0.3938509523868561,0.0002565132745075,0.5121161341667175,0.5058365758754862,,455.90048,< 600,< 20mm,-0.20388327296565056,-0.4714567040998745,-0.5974777120779992,-0.08561809118578911,-0.0918976494770204,,-34.10935233722192,-78.87396841327575,-99.95708573081018,-14.323772598983581,-15.37433286889752,
1988-05-13,1.0,35600,22.562950315902384,26.0376205444336,31.435348510742188,20.688486099243164,25.941877365112305,32.44416342412451,,1008.07808,600 - 1200,20 - 50mm,8.872398194839803,3.4746702285312168,-1.87446421665922,3.3789270492099206,9.881213108222127,,39.32286367969587,15.399893098564627,-8.307708834239182,14.975555066610461,43.79397627471546,
1988-05-15,2.0,26300,30.545422571441907,21.300567626953125,41.5055046081543,29.991344451904297,35.40250015258789,19.996108949416342,,744.73184,600 - 1200,20 - 50mm,10.96008203671239,-9.244854944488782,-0.5540781195376105,4.857077581145983,-10.549313622025565,,35.88125851288563,-30.26592584491581,-1.8139481234600419,15.901163487870853,-34.53647955713183,
1988-05-27,1.0,21400,13.071001892523212,22.549938201904297,14.74375057220459,10.74971866607666,10.665873527526855,19.59922178988328,,605.97952,600 - 1200,< 20mm,1.6727486796813782,9.478936309381085,-2.3212832264465515,-2.405128364996356,6.528219897360069,,12.797402168828487,72.51881980679052,-17.75903060479516,-18.40048976178423,49.944296168255455,
1988-06-03,2.0,22400,31.81177817054278,23.31919860839844,34.3979377746582,35.97001647949219,35.65251159667969,29.590856031128407,,634.29632,600 - 1200,20 - 50mm,2.586159604115423,-8.49257956214434,4.158238308949407,3.8407334261369073,-2.220922139414373,,8.129566320533968,-26.696337176173124,13.071379684144386,12.073306325558901,-6.981446077952704,
1988-06-10,0.0,17600,17.947520066516553,19.760591506958008,7.562405586242676,21.869752883911133,16.221681594848633,13.70953307392996,,498.37568,< 600,< 20mm,-10.385114480273877,1.8130714404414547,3.9222328173945797,-1.7258384716679203,-4.237986992586594,,-57.86378531287265,10.102072229042811,21.853898493263245,-9.616027536237153,-23.613217741949278,
1988-06-21,2.0,25100,0.2590630980431997,0.1758756041526794,0.0457066819071769,0.0007073889137245,0.3609170913696289,1.005836575875489,,710.75168,600 - 1200,< 20mm,-0.2133564161360228,-0.08318749389052033,-0.2583557091294752,0.10185399332642919,0.7467734778322893,,-82.3569307043664,-32.11090059482285,-99.72694338982754,39.316287844841824,288.259301873925,
1988-07-02,1.0,16800,35.00599998421677,26.96556663513184,14.514396667480469,11.939345359802246,16.209854125976562,34.37470817120625,,475.72224,< 600,20 - 50mm,-20.491603316736303,-8.040433349084932,-23.066654624414525,-18.79614585824021,-0.6312918130105203,,-58.53740309082841,-22.968729225590295,-65.89343151121132,-53.69406920732121,-1.8033817439728965,
1988-07-13,1.0,22600,23.85399426745824,24.25196075439453,14.208648681640623,22.64789772033692,20.532888412475582,24.33093385214009,,639.9596799999999,600 - 1200,20 - 50mm,-9.645345585817617,0.39796648693629066,-1.2060965471213194,-3.321105854982658,0.47693958468185116,,-40.43492874891756,1.668343181750483,-5.056161805013441,-13.922640450674251,1.999411835746498,
1988-08-02,0.0,12600,1.1362370947050018,2.824385404586792,0.8680911064147949,1.995295763015747,0.6941497325897217,2.6813229571984443,,356.79168,< 600,< 20mm,-0.26814598829020686,1.6881483098817902,0.8590586683107453,-0.4420873621152801,1.5450858624934425,,-23.59947492823449,148.5735959289447,75.6055819964037,-38.90802053334283,135.9826984784887,
1988-08-08,1.0,11100,0.9923307830389914,0.0408380441367626,0.106121689081192,0.3326514065265655,0.6097401976585388,0.2854085603112844,,314.31648,< 600,< 20mm,-0.8862090939577993,-0.9514927389022287,-0.6596793765124258,-0.38259058538045254,-0.706922222727707,,-89.30581506741163,-95.88463395122169,-66.47777009317116,-38.55474322874246,-71.23856629366804,
1988-08-17,0.0,9920,18.12924091065575,16.22865104675293,9.238269805908203,13.163966178894045,14.554617881774902,18.75252918287937,,280.902656,< 600,< 20mm,-8.890971104747546,-1.9005898639028196,-4.9652747317617045,-3.574623028880847,0.6232882722236219,,-49.04215873441086,-10.483560085440299,-27.388210881147735,-19.71744457750465,3.4380274127047117,
1988-09-19,1.0,8740,39.42090055110765,31.33432006835937,33.09880065917969,33.86273956298828,30.238142013549805,42.32937743190664,,247.488832,< 600,20 - 50mm,-6.322099891927962,-8.086580482748278,-5.5581609881193685,-9.182758537557845,2.908476880798993,,-16.037431422277145,-20.51343416740149,-14.099528195489677,-23.294136889776933,7.3780071995774605,
1988-09-25,1.0,14500,56.143143349968206,59.289825439453125,65.00226593017578,58.44595336914063,49.07005310058594,83.29824902723736,,410.5936,< 600,50 - 100mm,8.859122580207575,3.1466820894849192,2.3028100191724263,-7.073090249382268,27.155105677269155,,15.779527207773613,5.604748686531641,4.101676325491545,-12.598315354899475,48.3676261373501,
1988-09-28,1.0,16700,41.30021606858069,30.4650993347168,22.899938583374023,25.07965850830078,18.3764877319336,26.790856031128413,,472.89056,< 600,20 - 50mm,-18.400277485206665,-10.835116733863888,-16.220557560279907,-22.923728336647088,-14.509360037452275,,-44.55249690377468,-26.23501222335432,-39.27475229995168,-55.505105103037,-35.131438570100684,
1988-10-06,0.0,10100,3.361087956067787,1.8581154346466064,0.2071194797754287,0.0036174452397972,0.0596000142395496,1.8085603112840465,,285.99968,< 600,< 20mm,-3.1539684762923583,-1.5029725214211807,-3.35747051082799,-3.3014879418282375,-1.5525276447837406,,-93.83772509132005,-44.716845886399895,-99.8923727886006,-98.22676421984276,-46.19122335019396,
1988-10-13,2.0,6820,5.114233268040453,18.86119079589844,9.811213493347168,0.8465330600738525,2.3553030490875244,34.536964980544745,,193.120576,< 600,< 20mm,4.6969802253067146,13.746957527857987,-4.267700207966601,-2.758930218952929,29.42273171250429,,91.84133728625147,268.7980154085777,-83.44750785295709,-53.94611614988043,575.3107097474608,
1988-10-16,4.0,42200,159.78024646748094,118.4835968017578,96.55825805664062,116.38287353515624,98.68815612792967,153.681906614786,,1194.96896,600 - 1200,> 100mm,-63.22198841084031,-41.29664966572314,-43.3973729323247,-61.09209033955126,-6.098339852694949,,-39.56808792613015,-25.845904345959305,-27.1606621542902,-38.23507078641599,-3.8167044972834643,
1988-10-21,1.0,16400,18.283401519090628,14.825770378112791,18.86081314086914,9.732536315917969,14.750225067138672,14.192607003891048,,464.39552,< 600,< 20mm,0.5774116217785128,-3.4576311409778366,-8.550865203172659,-3.533176451951956,-4.09079451519958,,3.1581192437064183,-18.91131219410977,-46.76845932768181,-19.324502873618933,-22.37436240148297,
1988-11-03,2.0,24500,63.41278394509662,59.36539459228516,123.73275756835938,95.71031188964844,85.90386199951172,75.35350194552531,,693.7616,600 - 1200,50 - 100mm,60.319973623262754,-4.047389352811457,32.29752794455182,22.491078054415098,11.940718000428689,,95.12273373061235,-6.382607892307211,50.93220315404433,35.46773482439768,18.830143162878755,
1988-11-06,4.0,47200,96.3703421233912,78.61595153808594,91.49622344970705,97.7040557861328,113.21620178222656,106.9443579766537,,1336.55296,1200 - 1700,50 - 100mm,-4.874118673684151,-17.75439058530526,1.3337136627416015,16.845859658835366,10.574015853262509,,-5.057695724939318,-18.423085561502724,1.3839461740562606,17.480336053249836,10.97227178017454,
1988-11-12,0.0,23600,58.02458128988401,50.17360305786133,53.40190124511719,51.527374267578125,61.95587921142578,69.34338521400778,,668.27648,600 - 1200,50 - 100mm,-4.622680044766824,-7.850978232022683,-6.497207022305886,3.93129792154177,11.31880392412377,,-7.966761572431615,-13.530434959625328,-11.197335470370051,6.775228418972066,19.506911850990104,
1988-11-22,1.0,23200,70.99848759789768,64.4273452758789,95.4808578491211,84.29469299316406,73.54341125488281,88.44416342412453,,656.94976,600 - 1200,50 - 100mm,24.482370251223415,-6.571142322018773,13.296205395266384,2.5449236569851337,17.445675826226847,,34.48294615778317,-9.255327182791074,18.727448774077963,3.584475871371225,24.571897819895852,
1988-11-27,1.0,16700,34.84723898266971,41.36319732666016,33.44679641723633,38.14767456054688,44.90678405761719,60.90116731517513,,472.89056,< 600,20 - 50mm,-1.40044256543338,6.515958343990455,3.300435577877174,10.05954507494748,26.05392833250542,,-4.0188049507447365,18.698635915548383,9.471153739091216,28.86755269176508,74.76611947782321,
1988-12-01,1.0,17100,14.111499058697053,6.615735054016113,2.4380345344543457,5.264145851135254,7.282771110534668,4.928404669260701,,484.21728,< 600,< 20mm,-11.673464524242707,-7.4957640046809395,-8.847353207561799,-6.828727948162385,-9.183094389436352,,-82.72306489683842,-53.118127092679266,-62.696054974464886,-48.39122987400672,-65.07525778260052,
1988-12-13,2.0,34000,58.28182220663902,59.06562042236328,61.37822723388672,46.47675323486328,69.07051849365234,61.0317120622568,,962.7712,600 - 1200,50 - 100mm,3.096405027247698,0.7837982157242607,-11.80506897177574,10.788696287013323,2.7498898556177807,,5.312814373355298,1.3448416436694328,-20.255147359532963,18.511254244525592,4.718263347820539,
1988-12-21,0.0,16100,15.617707434303776,9.975855827331545,27.9149169921875,15.662640571594238,18.24980735778809,13.081128404669265,,455.90048,< 600,< 20mm,12.297209557883724,-5.6418516069722315,0.044933137290462,2.632099923484313,-2.5365790296345114,,78.73889051649995,-36.12471056142396,0.2877063581801248,16.853305355835985,-16.241686177722855,
1988-12-30,2.0,16100,57.50092740714694,52.550559997558594,92.04698944091795,88.53195190429688,76.40308380126953,66.90583657587555,,455.90048,< 600,50 - 100mm,34.546062033771015,-4.950367409588345,31.031024497149936,18.902156394122592,9.404909168728615,,60.079138879205615,-8.609195769202588,53.966128715504865,32.87278526880454,16.356099967110538,
1989-01-02,1.0,12900,15.824300183664633,,,19.93784523010254,26.144248962402344,,,365.28672,< 600,< 20mm,,,4.113545046437906,10.31994877873771,,,,,25.99511509952461,65.21583045669821,,
1989-01-04,2.0,26100,57.92129830842265,50.58027648925781,70.11279296875,52.69331741333008,77.36404418945312,66.08112840466922,,739.06848,600 - 1200,50 - 100mm,12.19149466032735,-7.341021819164837,-5.227980895092571,19.442745881030476,8.159830096246566,,21.048379467271918,-12.674132026659594,-9.02600778603808,33.56752429391452,14.087788662465117,
1989-01-10,0.0,17800,40.42898091279886,38.55170440673828,38.60540008544922,40.76303863525391,51.01732635498047,66.59338521400778,,504.03904,< 600,20 - 50mm,-1.8235808273496446,-1.877276506060582,0.33405772245505005,10.588345442181605,26.16440430120892,,-4.510578268799107,-4.6433930899956986,0.8262828172087199,26.18998847638424,64.71695232101654,
1989-01-17,1.0,25100,63.96105167469148,67.03702545166016,91.53165435791016,103.09002685546876,86.9078369140625,77.4560311284047,,710.75168,600 - 1200,50 - 100mm,27.570602683218674,3.0759737769686737,39.12897518077728,22.946785239371017,13.49497945371322,,43.10529918026346,4.809135710609016,61.176253604754415,35.876185019719976,21.098745408923598,
1989-01-31,3.0,24900,45.60157164946144,47.83881759643555,42.20280456542969,36.76030731201172,59.73716354370117,53.04513618677045,,705.08832,600 - 1200,20 - 50mm,-3.3987670840317534,2.237245946974106,-8.841264337449722,14.135591894239731,7.443564537309008,,-7.453179706519815,4.906072019122017,-19.388069352987173,30.99803665299039,16.323043851487338,
1989-02-06,0.0,17500,1.2251453134382633,0.0,0.0001065186297637,2.58200063977046e-13,0.0,0.624124513618677,,495.544,< 600,< 20mm,-1.2250387948084995,-1.2251453134382633,-1.225145313438005,-1.2251453134382633,-0.6010207998195862,,-99.9913056330057,-100.0,-99.99999999997891,-100.0,-49.05710312296538,
1989-02-22,2.0,13500,12.761711288466346,24.94033432006836,24.01010704040528,32.137245178222656,23.61115264892578,30.25894941634241,,382.2768,< 600,< 20mm,11.248395751938935,12.178623031602013,19.375533889756312,10.849441360459435,17.497238127876066,,88.14175072354833,95.43095558515486,151.8255150253034,85.01556817277975,137.10730271487608,
1989-03-06,2.0,14400,30.46491394911708,41.61571502685547,39.82378768920898,44.37252807617188,51.246612548828125,43.55894941634243,,407.76192,< 600,20 - 50mm,9.358873740091898,11.15080107773839,13.907614127054803,20.781698599711046,13.09403546722535,,30.720171262335477,36.60210922099636,45.65125032121703,68.2151889036054,42.98070721320661,
1989-03-11,1.0,14400,38.26043787485311,43.15185546875,31.496517181396484,36.80954360961914,28.507369995117188,50.54824902723736,,407.76192,< 600,20 - 50mm,-6.763920693456626,4.89141759389689,-1.4508942652339698,-9.753067879735923,12.28781115238425,,-17.678628549889783,12.784531138656419,-3.7921527975705116,-25.49126048070187,32.116232418919815,
1989-03-29,0.0,11800,33.8727189183919,24.546899795532227,40.462345123291016,47.93035125732422,51.131385803222656,24.690856031128405,,334.13824,< 600,20 - 50mm,6.589626204899119,-9.32581912285967,14.057632338932322,17.25866688483076,-9.181862887263492,,19.45408108742385,-27.531947303456718,41.50134027563828,50.951525109074744,-27.106955628170752,
1989-04-06,4.0,29000,96.63695223723496,81.94143676757812,94.34431457519533,78.28321838378906,98.86604309082033,111.74630350194556,,821.1872,600 - 1200,50 - 100mm,-2.2926376620396383,-14.69551546965684,-18.353733853445902,2.2290908535853617,15.109351264710597,,-2.3724233939119066,-15.206931851059085,-18.992459332108435,2.3066651027167593,15.635169482185768,
1989-04-13,0.0,16700,0.0231739958871982,0.0,4.229048499837518e-05,0.0,0.0004920181236229,0.1221789883268479,,472.89056,< 600,< 20mm,-0.023131705402199824,-0.0231739958871982,-0.0231739958871982,-0.0226819777635753,0.09900499243964969,,-99.81750887846779,-100.0,-100.0,-97.87685245989579,427.224518902854,
1989-04-20,1.0,22300,6.373411090373654,15.898186683654783,18.35004997253418,16.39992332458496,11.701787948608398,15.712256809338529,,631.46464,600 - 1200,< 20mm,11.976638882160525,9.524775593281129,10.026512234211307,5.328376858234744,9.338845718964874,,187.9156814511767,149.44549250349266,157.3178332926816,83.60321941703523,146.52821835186793,
1989-05-19,0.0,18700,40.63874186707899,31.636474609375,53.43984222412109,35.6263313293457,34.964019775390625,32.351556420233464,,529.5241599999999,< 600,20 - 50mm,12.801100357042095,-9.002267257703991,-5.012410537733288,-5.674722091688366,-8.287185446845527,,31.499745732561983,-22.151933952947083,-12.334069184838096,-13.963823265614916,-20.39232777912076,
1989-06-14,2.0,27600,8.62131166961142,10.904501914978027,6.066521644592285,3.19830322265625,8.328117370605469,9.138132295719842,,781.54368,600 - 1200,< 20mm,-2.554790025019134,2.283190245366608,-5.423008446955169,-0.2931942990059504,0.5168206261084229,,-29.633426129626095,26.48309599355334,-62.90235934829156,-3.4008084876389266,5.994686724180535,
1989-06-21,1.0,18600,17.85320653592861,9.481891632080078,19.584369659423828,20.20396041870117,24.719640731811523,14.455058365758749,,526.69248,< 600,< 20mm,1.731163123495218,-8.371314903848532,2.3507538827725583,6.866434195882913,-3.3981481701698613,,9.696650963015221,-46.88969954501851,13.167124225229756,38.46050950043393,-19.033825455003125,
1989-07-01,2.0,18800,25.158338437038505,19.41764068603516,25.694448471069336,36.28889465332031,19.641138076782227,19.34571984435797,,532.35584,< 600,20 - 50mm,0.5361100340308305,-5.740697751003346,11.130556216281807,-5.517200360256279,-5.812618592680536,,2.1309437241752054,-22.81827063170356,44.24201639602409,-21.929907549593057,-23.10414341244057,
1989-07-11,0.0,15300,3.6367610001900497,2.789876937866211,6.749200344085693,2.298205852508545,6.201505184173584,4.6208171206225686,,433.24703999999997,< 600,< 20mm,3.1124393438956437,-0.8468840623238387,-1.3385551476815047,2.5647441839835343,0.9840561204325189,,85.58272989984754,-23.28676705121899,-36.80624455694379,70.5227586814065,27.05858648344211,
1989-07-17,1.0,17700,15.914900573602669,8.88852310180664,16.188432693481445,9.7850980758667,9.93821144104004,20.14610894941633,,501.20736,< 600,< 20mm,0.27353211987877657,-7.026377471796028,-6.1298024977359695,-5.976689132562628,4.231208375813662,,1.7187171142776225,-44.149678719641926,-38.51612185314684,-37.554046316041045,26.58645811983128,
1989-08-03,0.0,11500,9.019093680063069,8.369425773620605,17.343564987182617,7.324195861816406,23.206117630004883,7.454863813229567,,325.6432,< 600,< 20mm,8.324471307119548,-0.6496679064424633,-1.6948978182466625,14.187023949941814,-1.564229866833502,,92.29831291719476,-7.2032504538518145,-18.792329677130155,157.299884591537,-17.343537192559282,
1989-08-21,1.0,11000,20.24490818364615,30.5261287689209,28.027172088623047,25.41533851623535,25.126270294189453,39.9204280155642,,311.4848,< 600,20 - 50mm,7.782263904976897,10.281220585274749,5.170430332589202,4.881362110543304,19.67551983191805,,38.44059866501847,50.7842292590881,25.539411123464017,24.111554699400767,97.18749847337884,
1989-08-28,0.0,9240,7.453604184220861,3.4561517238616943,2.5390849113464355,2.5565030574798584,3.44787335395813,10.0295719844358,,261.647232,< 600,< 20mm,-4.914519272874426,-3.997452460359167,-4.897101126741003,-4.005730830262731,2.575967800214938,,-65.9348035045699,-53.631134167570885,-65.70111593942798,-53.74219949514877,34.56002943741248,
1989-10-10,1.0,6800,2.2022963639012185,13.952279090881348,3.755319595336914,10.097262382507324,18.247039794921875,21.79805447470817,,192.55424,< 600,< 20mm,1.5530232314356955,11.749982726980129,7.894966018606105,16.044743431020656,19.59575811080695,,70.5183578782567,533.5332210314252,358.48790144759215,728.5460619204983,889.7875159769322,
1989-10-12,2.0,10400,46.21584896127476,47.84392929077149,21.89313507080078,55.345340728759766,57.24224853515625,57.657976653696494,,294.49472,< 600,20 - 50mm,-24.322713890473977,1.6280803294967328,9.129491767485007,11.026399573881491,11.442127692421735,,-52.628512592843414,3.5227749053380712,19.754028050279466,23.858481065923392,24.758016891584827,
1989-10-17,2.0,9300,1.3478661552416589,0.7909576296806335,0.0013224720023572,0.039679042994976,0.0187501721084117,0.0603112840466926,,263.34624,< 600,< 20mm,-1.3465436832393016,-0.5569085255610253,-1.3081871122466828,-1.329115983133247,-1.2875548711949663,,-99.90188402630228,-41.317791339688114,-97.05615851836104,-98.60889955315703,-95.52542484933309,
1989-10-21,1.0,10900,32.37108606527792,26.56560134887696,33.75748825073242,28.528461456298828,29.219602584838867,27.48073929961088,,308.65312,< 600,20 - 50mm,1.3864021854545001,-5.8054847164009615,-3.8426246089790936,-3.1514834804390546,-4.89034676566704,,4.282841121421599,-17.934167252510186,-11.870545835966851,-9.735488868318875,-15.10714455426491,
1989-10-23,2.0,11000,39.80362148610337,45.79241561889648,49.94783401489258,52.13774108886719,40.101219177246094,58.30856031128406,,311.4848,< 600,20 - 50mm,10.144212528789211,5.98879413279311,12.33411960276382,0.2975976911427267,18.504938825180695,,25.485652184515068,15.04585238527599,30.987430646404952,0.7476648607128047,46.490590891688896,
1989-11-04,2.0,29800,69.54351054461108,60.04035186767578,63.41471862792969,62.851348876953125,69.15017700195312,85.57412451361863,,843.84064,600 - 1200,50 - 100mm,-6.128791916681394,-9.5031586769353,-6.692161667657956,-0.39333354265795606,16.030613969007547,,-8.812888317954368,-13.665054585990696,-9.622985114283292,-0.5655934530449663,23.051200382994985,
1989-11-11,4.0,84000,185.8312678838551,112.21307373046876,134.90611267089844,148.75035095214844,178.8900909423828,130.46712062256805,,2378.6112,> 1700,> 100mm,-50.92515521295667,-73.61819415338634,-37.08091693170667,-6.941176941472293,-55.36414726128706,,-27.403975548821517,-39.61561205049618,-19.954078424994826,-3.7352039947392175,-29.79269737097729,
1989-11-12,3.0,61900,111.32903071160982,61.12101745605469,73.45924377441406,90.81024169921876,100.42117309570312,83.08501945525288,,1752.80992,> 1700,> 100mm,-37.869786937195755,-50.20801325555513,-20.518789012391053,-10.907857615906693,-28.24401125635694,,-34.016093282348635,-45.09876079458154,-18.430762291952007,-9.79785555140846,-25.36985283696676,
1989-11-21,3.0,28100,42.30433072958918,31.11417961120605,69.95710754394531,19.996715545654297,27.412389755249023,38.38852140077821,,795.70208,600 - 1200,20 - 50mm,27.65277681435613,-11.190151118383131,-22.307615183934885,-14.891940974340159,-3.9158093288109725,,65.36630254503655,-26.45154981864855,-52.73128022406494,-35.20193019842338,-9.256284785217305,
1989-11-23,1.0,24000,28.694361381421945,30.451770782470703,45.19418716430664,27.77542495727539,32.529415130615234,51.01517509727628,,679.6032,600 - 1200,20 - 50mm,16.499825782884695,1.7574094010487578,-0.9189364241465547,3.835053749193289,22.32081371585433,,57.50197944313702,6.124580985400796,-3.202498260656592,13.3651824419981,77.78815293762159,
1989-12-02,2.0,16400,0.7070076475304998,22.880096435546875,5.10130500793457,7.147089004516602,13.471406936645508,31.737548638132257,,464.39552,< 600,< 20mm,4.394297360404071,22.173088788016376,6.440081356986102,12.764399289115008,31.030540990601757,,621.5346291872329,3136.187969884703,910.8927434491834,1805.411770820253,4388.9965121294,
1989-12-04,3.0,47600,109.87380104811518,110.65115356445312,118.24559020996094,122.2626953125,121.92097473144533,150.81420233463024,,1347.87968,1200 - 1700,> 100mm,8.371789161845754,0.7773525163379418,12.388894264384817,12.047173683330143,40.940401286515055,,7.619458944702967,0.7074957896446387,11.27556719272828,10.964555306550764,37.26129513676032,
1989-12-07,1.0,46600,62.077043895892814,35.66510772705078,17.026790618896484,13.500073432922363,13.032093048095703,30.027431906614787,,1319.56288,1200 - 1700,50 - 100mm,-45.05025327699633,-26.411936168842033,-48.57697046297045,-49.04495084779711,-32.04961198927803,,-72.5715183096484,-42.547026261650835,-78.25271213693286,-79.0065824172437,-51.62876641327716,
1989-12-24,0.0,15200,5.48346653539464,2.842137098312378,28.94704246520996,5.06667423248291,9.897610664367676,4.375875486381319,,430.41536,< 600,< 20mm,23.46357592981532,-2.6413294370822618,-0.41679230291172953,4.414144128973036,-1.1075910490133207,,427.8967652736239,-48.16897158089738,-7.60089079091523,80.49915323601687,-20.19873818621943,
1990-01-05,1.0,14700,42.56588910961698,51.212520599365234,69.25831604003906,61.61859893798828,77.28133392333984,75.6003891050584,,416.25696,< 600,20 - 50mm,26.69242693042208,8.646631489748252,19.0527098283713,34.71544481372286,33.034499995441415,,62.70849144413012,20.313522566111992,44.760511825105255,81.55695919876732,77.60791724653033,
1990-01-07,2.0,27300,82.10268830181764,73.1502456665039,132.2235870361328,104.38346862792967,115.97089385986328,88.04610894941636,,773.04864,600 - 1200,50 - 100mm,50.120898734315176,-8.95244263531373,22.280780326112037,33.868205558045645,5.943420647598728,,61.04659880327642,-10.903957982963556,27.13769888289854,41.25103118858028,7.239008576369782,
1990-01-10,1.0,47400,116.83475135753989,81.04393005371094,82.2303466796875,96.44383239746094,81.97547149658203,130.63677042801555,,1342.21632,1200 - 1700,> 100mm,-34.604404677852386,-35.79082130382895,-20.39091896007895,-34.859279860957855,13.802019070475666,,-29.618246519783604,-30.63371204882459,-17.452785856220363,-29.836396667872243,11.813282358292927,
1990-01-27,0.0,15800,67.74939774042333,57.56898880004883,81.78314971923828,73.8289566040039,87.96206665039062,78.64844357976659,,447.40544,< 600,50 - 100mm,14.033751978814948,-10.180408940374505,6.079558863580573,20.21266890996729,10.899045839343259,,20.71420919870639,-15.026567438104715,8.973598388097766,29.83446286476316,16.087295537448355,
1990-02-03,1.0,16800,47.31439964880679,44.168155670166016,90.48483276367188,72.52217102050781,94.1710433959961,70.99922178988326,,475.72224,< 600,20 - 50mm,43.170433114865084,-3.1462439786407757,25.20777137170102,46.8566437471893,23.684822141076474,,91.24163771557818,-6.6496542321025105,53.27716627243886,99.03252306905466,50.058380359632814,
1990-02-11,3.0,39900,122.10499058740773,100.69953918457033,150.96701049804688,140.00619506835938,140.9378204345703,148.0964980544747,,1129.84032,600 - 1200,> 100mm,28.862019910639148,-21.4054514028374,17.901204480951648,18.832829847162586,25.991507467066967,,23.637051828752682,-17.530365712214284,14.660501913013324,15.42347266607525,21.286195872937057,
1990-03-10,0.0,20900,57.83385286686753,38.34662628173828,56.63665008544922,65.66758728027344,74.98402404785156,46.007392996108926,,591.82112,< 600,50 - 100mm,-1.1972027814183122,-19.48722658512925,7.833734413405907,17.15017118098403,-11.826459870758605,,-2.0700726686396824,-33.69518996078039,13.54524041730199,29.654208272209377,-20.44902645165782,
1990-05-02,1.0,16900,7.853001908975454,8.376077651977539,0.277109146118164,1.7664227485656738,5.513826370239258,5.208754863813231,,478.55392,< 600,< 20mm,-7.57589276285729,0.5230757430020851,-6.08657916040978,-2.339175538736196,-2.6442470451622233,,-96.47129659039753,6.660838098157658,-77.50640113118054,-29.787023686606716,-33.671799342618606,
1990-05-08,0.0,20000,13.188441706661948,12.643033027648926,19.57369613647461,14.946157455444336,23.1568660736084,13.423540856031138,,566.336,< 600,< 20mm,6.385254429812662,-0.5454086790130219,1.7577157487823882,9.96842436694645,0.23509914936919074,,48.41553363038519,-4.135505097145152,13.327698509631384,75.58455038635115,1.7826150700611874,
1990-05-22,1.0,16000,15.60174379874124,17.73619270324707,15.47355842590332,20.726322174072266,20.30538749694824,19.75953307392997,,453.0688,< 600,< 20mm,-0.12818537283791898,2.134448904505831,5.124578375331026,4.703643698206999,4.15778927518873,,-0.8216092668324746,13.680835501721544,32.846189768508324,30.148192143665973,26.64951641831334,
1990-05-26,1.0,15500,8.636292532774847,8.304566383361816,18.90401840209961,16.170164108276367,27.297760009765625,5.58852140077821,,438.9104,< 600,< 20mm,10.267725869324762,-0.331726149413031,7.53387157550152,18.66146747699078,-3.0477711319966376,,118.89043626485093,-3.841071248503056,87.23502066321139,216.08192874627923,-35.290272074855096,
1990-06-02,2.0,21000,26.006579354262943,22.587207794189453,22.280033111572266,50.896705627441406,70.67303466796875,21.95,,594.6528,< 600,20 - 50mm,-3.7265462426906772,-3.4193715600734897,24.890126273178463,44.66645531370581,-4.056579354262944,,-14.329244119064931,-13.148101922573657,95.70703603162839,171.75059705183483,-15.59828110803814,
1990-06-12,0.0,27200,42.29333272912535,28.6821517944336,33.200252532958984,45.7807502746582,46.69081115722656,40.57023346303502,,770.21696,600 - 1200,20 - 50mm,-9.093080196166369,-13.611180934691752,3.4874175455328498,4.397478428101209,-1.7230992660903368,,-21.500032296826795,-32.182805317960664,8.245785613227959,10.397568941340204,-4.074162887862754,
1990-06-18,1.0,22600,0.3477017206082434,0.3059872388839721,0.1781332194805145,0.8433907628059387,0.7244117856025696,0.2778210116731513,,639.9596799999999,600 - 1200,< 20mm,-0.1695685011277289,-0.04171448172427128,0.49568904219769533,0.3767100649943262,-0.06988070893509207,,-48.76838136754067,-11.99720313471532,142.56157298576895,108.34288203559585,-20.097889884711524,
1990-06-30,1.0,25000,3.511674945619105,1.1227364540100098,2.670440673828125,0.3615997433662414,1.6479616165161133,0.3834630350194552,,707.92,600 - 1200,< 20mm,-0.84123427179098,-2.388938491609095,-3.1500752022528635,-1.8637133291029917,-3.1282119105996498,,-23.955357053773984,-68.02846301561455,-89.70292669549768,-53.07192032189702,-89.08033798806368,
1990-09-01,0.0,14000,54.47820839821694,28.99947738647461,29.02628898620605,42.9427604675293,34.025672912597656,26.82762645914397,,396.4352,< 600,50 - 100mm,-25.45191941201089,-25.478731011742333,-11.535447930687646,-20.452535485619286,-27.65058193907297,,-46.7194501441129,-46.76866541847629,-21.174426013365736,-37.542599301574484,-50.75530703388177,
1990-10-01,1.0,7810,0.961577437046326,9.13943576812744,8.483647346496582,7.395419597625732,10.992431640625,12.834630350194551,,221.15420799999998,< 600,< 20mm,7.522069909450256,8.177858331081113,6.433842160579406,10.030854203578674,11.873052913148225,,782.2635618984333,850.4627933243745,669.092463352948,1043.1665529081479,1234.7474530619852,
1990-10-05,4.0,40800,137.28631730790804,115.1157684326172,83.70649719238281,122.13421630859376,153.28689575195312,138.0044747081711,,1155.32544,600 - 1200,> 100mm,-53.57982011552522,-22.170548875290834,-15.152100999314271,16.00057844404509,0.7181574002630668,,-39.027793276263296,-16.149132200528303,-11.036861718222719,11.654896684393337,0.5231092321111444,
1990-10-10,1.0,15200,23.296445422577023,17.360177993774414,13.753029823303224,18.16206169128418,18.85918617248535,23.17607003891052,,430.41536,< 600,20 - 50mm,-9.543415599273798,-5.9362674288026085,-5.134383731292843,-4.437259250091671,-0.12037538366650224,,-40.965114746754864,-25.481429982660188,-22.039343934920712,-19.046936859266264,-0.5167113758472535,
1990-10-12,2.0,14800,44.67782209471093,33.55406951904297,35.89728927612305,40.35752487182617,35.38013458251953,40.699416342412434,,419.08864,< 600,20 - 50mm,-8.780532818587886,-11.123752575667964,-4.320297222884761,-9.297687512191402,-3.9784057522984995,,-19.65300099000875,-24.89770551502514,-9.66989217542054,-20.810520916801995,-8.904654626773924,
1990-10-18,1.0,18100,35.5065047803322,25.127342224121094,34.1450080871582,29.4512939453125,32.671966552734375,34.45311284046694,,512.53408,< 600,20 - 50mm,-1.3614966931739971,-10.379162556211107,-6.0552108350197,-2.8345382275978253,-1.0533919398652571,,-3.8344993448303555,-29.23172139984993,-17.053807105152767,-7.983151946760852,-2.9667576304180554,
1990-10-21,2.0,17700,39.11366722143004,30.97347640991211,28.41000747680664,29.415117263793945,39.730838775634766,48.17392996108951,,501.20736,< 600,20 - 50mm,-10.703659744623401,-8.140190811517932,-9.698549957636097,0.6171715542047238,9.060262739659471,,-27.365523370713134,-20.81162772448499,-24.795808336586614,1.5778923277911945,23.16393062396213,
1990-10-23,4.0,19200,38.78866338233235,15.720149040222168,26.57135391235352,29.085264205932617,38.45042037963867,45.160116731517526,,543.68256,< 600,20 - 50mm,-12.217309469978833,-23.068514342110184,-9.703399176399735,-0.33824300269368024,6.371453349185174,,-31.497113859158222,-59.47231054271786,-25.016069980950896,-0.8720151023500975,16.426070902167965,
1990-10-28,2.0,22200,53.88899234629967,36.66024398803711,37.5073127746582,29.78081512451172,43.42233276367188,36.63365758754863,,628.63296,600 - 1200,50 - 100mm,-16.38167957164147,-17.228748358262564,-24.108177221787955,-10.466659582627791,-17.25533475875104,,-30.398934658807608,-31.9708118636692,-44.73673782368165,-19.42262997861843,-32.020147357488845,
1990-10-30,1.0,22500,47.93536140187064,34.83638000488281,52.89719009399414,49.39444351196289,73.94874572753906,45.52217898832684,,637.128,600 - 1200,20 - 50mm,4.961828692123504,-13.098981396987824,1.459082110092254,26.013384325668426,-2.413182413543794,,10.351082263729158,-27.32634325455747,3.0438533629900086,54.26762950128352,-5.034242661305191,
1990-11-11,4.0,130000,222.8224949490272,147.80657958984375,186.15737915039065,202.26092529296875,207.0933532714844,212.8879377431905,,3681.1839999999997,> 1700,> 100mm,-36.66511579863655,-75.01591535918345,-20.561569656058452,-15.729141677542799,-9.934557205836711,,-16.45485380954201,-33.66622179522048,-9.22778001420463,-7.059045668230667,-4.45850730111847,
1990-11-24,5.0,97200,234.9885297031293,200.23684692382807,181.92857360839844,219.711669921875,254.56570434570312,246.4953307392996,,2752.39296,> 1700,> 100mm,-53.059956094730865,-34.751682779301234,-15.276859781254302,19.577174642573823,11.506801036170287,,-22.579806836428865,-14.788671950586044,-6.501108713924969,8.331119253908467,4.89675008848615,
1990-11-29,1.0,42600,39.27862518716936,42.29703521728516,75.65392303466797,55.543556213378906,77.11376953125,61.53949416342415,,1206.29568,1200 - 1700,20 - 50mm,36.37529784749861,3.0184100301158026,16.264931026209545,37.83514434408064,22.26086897625479,,92.60837840979438,7.684612217796735,41.409114877886815,96.32502197770343,56.6742569786441,
1990-12-04,3.0,41900,100.33742265594164,79.17533874511719,80.0539779663086,84.31432342529297,117.13834381103516,105.1566147859922,,1186.47392,600 - 1200,> 100mm,-20.283444689633043,-21.16208391082445,-16.02309923064867,16.80092115509352,4.819192130050567,,-20.21523391046753,-21.090918373884804,-15.96921547964421,16.744421682729584,4.802985767907993,
1990-12-09,2.0,35200,53.24375527542611,60.05794525146485,77.45188903808594,47.932376861572266,57.29646301269531,81.88715953307384,,996.75136,600 - 1200,50 - 100mm,24.208133762659827,6.81418997603874,-5.311378413853845,4.052707737269202,28.64340425764773,,45.46661601427791,12.798101750692501,-9.975589412088736,7.6116113829778485,53.79673937249066,
1990-12-18,1.0,24300,59.448554437650266,53.10591125488281,70.52726745605469,49.09005737304688,64.24877166748047,57.324708171206254,,688.09824,600 - 1200,50 - 100mm,11.078713018404422,-6.342643182767453,-10.358497064603384,4.800217229830203,-2.123846266444012,,18.635798840195168,-10.669129372051641,-17.424304362972176,8.07457351190041,-3.5725784866165338,
1991-01-01,0.0,14500,65.59587758547319,,,81.5225830078125,93.27525329589844,,,410.5936,< 600,50 - 100mm,,,15.92670542233931,27.679375710425248,,,,,24.280040161954364,42.19682200967321,,
1991-01-12,1.0,29200,73.48903642240093,85.98433685302734,113.2960205078125,72.79110717773438,68.53724670410156,134.57529182879375,,826.85056,600 - 1200,50 - 100mm,39.80698408541157,12.495300430626415,-0.6979292446665539,-4.951789718299366,61.08625540639282,,54.16724184082186,17.0029449818961,-0.9497052603261663,-6.738133957611617,83.12295055180844,
1991-01-18,0.0,25900,26.386237066699216,23.57032012939453,33.343963623046875,7.192913055419922,18.823326110839844,5.271789883268483,,733.40512,600 - 1200,20 - 50mm,6.957726556347659,-2.815916937304685,-19.193324011279294,-7.562910955859373,-21.114447183430734,,26.36877148780212,-10.671915552742897,-72.73990589397931,-28.662332324013544,-80.02068324504765,
1991-02-03,4.0,32800,75.67949144168976,72.48869323730469,126.0561981201172,92.46951293945312,100.10415649414062,94.64513618677044,,928.79104,600 - 1200,50 - 100mm,50.37670667842744,-3.190798204385075,16.790021497763362,24.424665052450862,18.96564474508068,,66.56586311397474,-4.216199321111389,22.1856954611011,32.273822917097434,25.060481226533486,
1991-02-05,3.0,48800,86.67849905854429,68.61631774902344,102.37574005126952,88.9128189086914,108.43903350830078,79.28638132295717,,1381.85984,1200 - 1700,50 - 100mm,15.697240992725227,-18.062181309520852,2.2343198501471164,21.76053444975649,-7.392117735587121,,18.109728667686106,-20.838133453743026,2.5777094370750637,25.104881471308143,-8.528202283007168,
1991-02-06,2.0,42000,63.97568451869813,46.86071014404297,72.53699493408203,68.83049774169922,86.91361999511719,48.637743190661446,,1189.3056,600 - 1200,50 - 100mm,8.5613104153839,-17.114974374655162,4.854813223001088,22.937935476419057,-15.337941328036685,,13.382131789276427,-26.752311449911847,7.588528766084831,35.854146226000914,-23.97464199629451,
1991-02-20,2.0,44100,91.1333535544959,83.9575424194336,83.49813842773438,69.05941772460938,89.38888549804688,110.84922178988326,,1248.77088,1200 - 1700,50 - 100mm,-7.635215126761523,-7.175811135062304,-22.073935829886523,-1.7444680564490227,19.71586823538736,,-8.378068872661224,-7.873968042634703,-24.221577467449123,-1.9141927608379583,21.63408616758262,
1991-03-04,0.0,28100,99.87475339678002,70.47817993164062,107.65341186523438,104.25169372558594,88.04435729980469,101.0916342412452,,795.70208,600 - 1200,50 - 100mm,7.778658468454353,-29.396573465139397,4.376940328805915,-11.830396096975335,1.2168808444651802,,7.788413191421345,-29.43343784625269,4.382429172482972,-11.84523184750787,1.2184068576678082,
1991-04-05,2.0,30700,132.059952174016,112.73925018310548,140.7877197265625,152.22227478027344,129.1921844482422,147.5813229571984,,869.32576,600 - 1200,> 100mm,8.72776755254651,-19.320701990910507,20.162322606257447,-2.8677677257738026,15.52137078318242,,6.608943444902882,-14.630250634538722,15.267552558015062,-2.171565019192898,11.753276089885176,
1991-05-08,0.0,23400,30.8854588889882,27.738040924072266,34.08929443359375,45.11612701416016,45.39240264892578,28.486575875486384,,662.61312,600 - 1200,20 - 50mm,3.2038355446055498,-3.1474179649159346,14.230668125171963,14.506943759937581,-2.398883013501816,,10.37328134291647,-10.190614218259533,46.075624701971705,46.97014155457421,-7.767030504951008,
1991-06-11,1.0,26800,6.427831748571919,12.029380798339844,4.160664081573486,3.5509166717529297,6.829784393310547,14.345136186770429,,758.89024,600 - 1200,< 20mm,-2.267167666998433,5.601549049767924,-2.8769150768189897,0.40195264473862746,7.917304438198509,,-35.27111093880348,87.14523448770153,-44.757162124820056,6.253316210834702,123.17224140095932,
1991-06-22,0.0,23000,17.04674187412995,16.79320526123047,8.741083145141602,19.317338943481445,22.82441711425781,19.608171206225684,,651.2864,600 - 1200,< 20mm,-8.305658728988348,-0.25353661289948093,2.2705970693514956,5.777675240127859,2.5614293320957344,,-48.72285150039712,-1.4873024697126835,13.319830182900477,33.89313502127953,15.025917275036274,
1991-07-13,1.0,31300,0.1893862340956335,1.41491961479187,2.509939193725586,0.9099981188774108,2.536938667297364,1.5770428015564193,,886.31584,600 - 1200,< 20mm,2.3205529596299526,1.2255333806962363,0.7206118847817773,2.347552433201731,1.3876565674607857,,1225.3018128330034,647.1079519313871,380.49855535851316,1239.5581148819392,732.712477275443,
1991-07-26,0.0,26800,11.912084135287897,13.47760772705078,8.139217376708984,2.7598609924316406,2.7079246044158936,8.134824902723725,,758.89024,600 - 1200,< 20mm,-3.772866758578912,1.565523591762883,-9.152223142856256,-9.204159530872003,-3.7772592325641714,,-31.672599989470505,13.142314761908342,-76.83141790229692,-77.2674153938013,-31.709474090890318,
1991-08-09,5.0,18300,6.8977227656704505,8.41130256652832,12.07144546508789,5.739870071411133,6.622020244598389,7.739299610894944,,518.19744,< 600,< 20mm,5.17372269941744,1.5135798008578698,-1.1578526942593177,-0.27570252107206183,0.8415768452244938,,75.00624300481813,21.94318113785125,-16.786013784460586,-3.997007859524546,12.200792548708552,
1991-08-15,0.0,13100,3.0829407249365435,0.9962934851646424,4.7483415603637695,2.7914962768554688,4.690858840942383,0.307976653696498,,370.95008,< 600,< 20mm,1.665400835427226,-2.086647239771901,-0.2914444480810747,1.6079181160058393,-2.7749640712400456,,54.01987855155747,-67.68366394118236,-9.453456101951929,52.15533672120587,-90.01029597470328,
1991-08-27,2.0,11500,28.342688332911248,28.97493934631348,38.19009017944336,40.10731887817383,30.714374542236328,28.7408560311284,,325.6432,< 600,20 - 50mm,9.847401846532112,0.6322510134022323,11.76463054526258,2.3716862093250803,0.3981676982171507,,34.7440642569442,2.230737627905497,41.508520317748435,8.367894327691921,1.4048339153304745,
1991-08-29,5.0,17600,77.81847411234565,43.14861297607422,63.15564727783203,64.4250259399414,69.3282241821289,38.911284046692586,,498.37568,< 600,50 - 100mm,-14.662826834513623,-34.669861136271436,-13.393448172404248,-8.490249930216748,-38.90719006565307,,-18.842346887122286,-44.55222430372889,-17.21114211654713,-10.910326920519504,-49.997369531408694,
1991-09-14,0.0,8700,4.582556402694254,5.528152942657471,5.260025978088379,2.937669515609741,3.159374475479126,12.573735408560308,,246.35616,< 600,< 20mm,0.6774695753941247,0.9455965399632165,-1.644886887084513,-1.4231819272151283,7.991179005866054,,14.78366038213551,20.63469506686847,-35.894525730603625,-31.056506503190818,174.38255645184736,
1991-09-22,1.0,6200,0.0,0.10736595839262,0.0009758151136338,0.4974489510059356,0.2463514655828476,0.0,,175.56416,< 600,< 20mm,0.0009758151136338,0.10736595839262,0.4974489510059356,0.2463514655828476,0.0,,inf,inf,inf,inf,,
1991-09-29,0.0,10100,0.0106998087729667,0.1176009103655815,0.159455806016922,0.0005467688897624,0.0525013133883476,0.0136186770428015,,285.99968,< 600,< 20mm,0.1487559972439553,0.1069011015926148,-0.010153039883204299,0.0418015046153809,0.0029188682698348,,1390.267811325662,999.0935713047767,-94.88991905029346,390.6752494586008,27.279630241704737,
1991-10-15,1.0,5520,0.0953632890590489,4.185590744018555,0.0018632730934768,0.0,0.011214081197977,0.0202334630350194,,156.308736,< 600,< 20mm,-0.0935000159655721,4.090227454959506,-0.0953632890590489,-0.0841492078610719,-0.0751298260240295,,-98.0461316803754,4289.100654264179,-100.0,-88.24067279072847,-78.78275462742182,
1991-10-16,2.0,5690,3.885177826261358,13.25904655456543,16.159399032592773,12.673640251159668,15.089762687683104,18.86400778210117,,161.122592,< 600,< 20mm,12.274221206331415,9.373868728304071,8.78846242489831,11.204584861421745,14.97882995583981,,315.92430913626146,241.27257869492138,226.2048950628162,288.39310225868684,385.5378215790367,
1991-10-19,1.0,5760,15.486801159335744,2.5479421615600586,1.873741865158081,5.186863899230957,9.408799171447754,1.9284046692607,,163.104768,< 600,< 20mm,-13.613059294177663,-12.938858997775686,-10.299937260104787,-6.0780019878879905,-13.558396490075044,,-87.90104008000029,-83.54765367395377,-66.50784209168842,-39.246335801399844,-87.54807626558684,
1991-10-21,2.0,6110,17.4433709394944,20.740991592407227,10.5453462600708,11.472281455993652,18.54592704772949,27.90603112840467,,173.015648,< 600,< 20mm,-6.8980246794235995,3.2976206529128262,-5.971089483500748,1.1025561082350883,10.46266018891027,,-39.545250189029915,18.90472125113455,-34.23128192487903,6.320774304803302,59.980724053865316,
1991-11-01,1.0,6730,7.953948362104072,9.49096965789795,10.810855865478516,6.851082801818848,9.224023818969728,11.123540856031129,,190.57206399999998,< 600,< 20mm,2.856907503374444,1.5370212957938776,-1.102865560285224,1.2700754568656567,3.169592493927057,,35.91810473633376,19.32400395150776,-13.865636411970383,15.967861482692369,39.84929684769288,
1991-11-05,1.0,12200,51.81307645893303,46.06695938110352,64.40962219238281,43.78353118896485,62.18273162841797,59.90447470817118,,345.46496,< 600,50 - 100mm,12.59654573344978,-5.74611707782951,-8.029545269968182,10.369655169484936,8.091398249238146,,24.311518624905016,-11.090090514860421,-15.497140526547168,20.013587067550233,15.616517686710568,
1991-11-12,3.0,28800,69.81637856307222,76.5042724609375,60.72798156738281,56.29188919067383,71.8072509765625,94.82859922178994,,815.52384,600 - 1200,50 - 100mm,-9.088396995689408,6.68789389786528,-13.524489372398392,1.9908724134902798,25.012220658717723,,-13.017571496463306,9.579262109425263,-19.371513748998524,2.851583617577246,35.82572051645682,
1991-11-15,3.0,17200,52.93568837179434,23.62686920166016,32.418975830078125,22.51765823364257,25.32721900939941,18.597470817120616,,487.04895999999997,< 600,50 - 100mm,-20.516712541716217,-29.308819170134182,-30.41803013815177,-27.60846936239493,-34.338217554673726,,-38.757808149422516,-55.36684243016431,-57.46223592014225,-52.15473759118152,-64.86780206483556,
1991-11-17,1.0,17200,32.247481773869644,41.01765441894531,67.97928619384766,80.91085052490234,69.46945190429688,65.32587548638134,,487.04895999999997,< 600,20 - 50mm,35.73180441997801,8.770172645075668,48.6633687510327,37.22197013042723,33.07839371251169,,110.80494492730199,27.196457405806484,150.90595009023298,115.4259746278497,102.5766723258228,
1991-11-20,2.0,32000,91.89197905934336,79.54888916015625,94.65486145019533,98.07006072998048,116.17228698730467,101.85739299610898,,906.1376,600 - 1200,50 - 100mm,2.7628823908519706,-12.343089899187106,6.178081670637127,24.280307927961317,9.965413936765628,,3.006663279139647,-13.432173325177821,6.723200146388571,26.422662975058163,10.844704879334481,
1991-11-27,0.0,21600,65.26072854931905,39.648475646972656,41.45353698730469,39.50914764404297,48.23667144775391,43.60914396887157,,611.64288,600 - 1200,50 - 100mm,-23.807191562014367,-25.6122529023464,-25.751580905276086,-17.02405710156514,-21.651584580447484,,-36.48011919453629,-39.246041948475366,-39.45953635165905,-26.086219813956973,-33.17705006018264,
1991-12-06,2.0,36500,84.85385660847103,74.07325744628906,100.5745086669922,79.728271484375,84.82542419433594,106.65350194552526,,1033.5632,600 - 1200,50 - 100mm,15.720652058521168,-10.780599162181971,-5.125585124096034,-0.02843241413509645,21.79964533705423,,18.52673842634957,-12.704901807734375,-6.040485758645344,-0.03350750958355146,25.690812661163065,
1991-12-09,1.0,28400,95.28137855092152,66.2098159790039,86.17092895507812,62.56507873535156,97.82742309570312,94.82743190661483,,804.19712,600 - 1200,50 - 100mm,-9.110449595843392,-29.07156257191761,-32.716299815569954,2.5460445447816085,-0.45394664430668286,,-9.561626557464706,-30.51127409578862,-34.33650972848308,2.672132355243914,-0.47642745225823824,
1991-12-15,0.0,17800,17.82945886541164,4.321577072143555,0.5779521465301514,0.1940826475620269,0.1794745028018951,3.1651750972762653,,504.03904,< 600,< 20mm,-17.25150671888149,-13.507881793268087,-17.635376217849615,-17.649984362609747,-14.664283768135377,,-96.75844258150003,-75.7615915055772,-98.91144959010204,-98.99338222120657,-82.24749768812914,
1991-12-21,1.0,11200,15.532638635737449,9.846623420715332,25.996692657470703,9.152338027954102,23.20506858825684,10.225097276264592,,317.14816,< 600,< 20mm,10.464054021733254,-5.686015215022117,-6.380300607783347,7.672429952519391,-5.307541359472857,,67.36816755433678,-36.60688533588717,-41.0767336922625,49.39553499214671,-34.17024939511103,
1991-12-27,2.0,9290,6.091862325311726,5.0944013595581055,7.152941703796387,1.6599708795547483,2.001159429550171,3.714202334630351,,263.063072,< 600,< 20mm,1.0610793784846608,-0.9974609657536204,-4.431891445756977,-4.090702895761555,-2.3776599906813747,,17.417980279624334,-16.373662313561553,-72.75101125221497,-67.15028471284813,-39.030100545808175,
1992-01-02,2.0,10500,32.41636326921219,,,32.65789031982422,36.90769577026367,,,297.3264,< 600,20 - 50mm,,,0.24152705061202795,4.491332501051481,,,,,0.7450775665554717,13.855139960493887,,
1992-01-10,2.0,16000,27.767172113823992,41.972354888916016,47.41031265258789,15.250448226928713,18.012550354003906,53.23929961089493,,453.0688,< 600,20 - 50mm,19.643140538763898,14.205182775092023,-12.51672388689528,-9.754621759820086,25.47212749707094,,70.74231563171853,51.15819038705752,-45.0774167264364,-35.13005112596147,91.73468364965241,
1992-01-16,0.0,17800,23.97613956487024,24.890514373779297,46.339752197265625,22.318124771118164,23.301631927490234,23.27509727626459,,504.03904,< 600,20 - 50mm,22.363612632395384,0.9143748089090558,-1.658014793752077,-0.6745076373800067,-0.7010422886056524,,93.27445134312812,3.813686546306206,-6.9152700302987675,-2.8132453748654895,-2.9239164491385314,
1992-01-24,2.0,36200,118.47994455005652,86.85526275634766,130.71900939941406,101.01896667480467,99.1965560913086,97.0120622568093,,1025.06816,600 - 1200,> 100mm,12.239064849357547,-31.62468179370886,-17.460977875251842,-19.283388458747922,-21.467882293247214,,10.330073073410894,-26.692012655650565,-14.737496663728406,-16.275656215049032,-18.119422974727392,
1992-01-25,1.0,31000,115.3927877418711,71.10369110107422,141.9879150390625,110.10865020751952,112.24720764160156,84.88832684824897,,877.8208,600 - 1200,> 100mm,26.595127297191397,-44.289096640796885,-5.284137534351586,-3.145580100269541,-30.504460893622138,,23.047477938295067,-38.38116532886766,-4.5792615273079145,-2.725976347244573,-26.435327103682905,
1992-01-30,3.0,36500,111.96323515739768,77.85673522949219,154.5228271484375,121.17510986328124,144.13409423828125,80.28229571984437,,1033.5632,600 - 1200,> 100mm,42.559591991039824,-34.10649992790549,9.21187470588356,32.170859080883574,-31.680939437553306,,38.01211346850566,-30.462231535162985,8.2275888982071,28.733413281295284,-28.29584139205723,
1992-02-02,1.0,33500,51.042221741144495,35.71648025512695,75.19853210449219,58.4380989074707,61.9109001159668,46.47276264591439,,948.6128,600 - 1200,50 - 100mm,24.156310363347693,-15.325741486017542,7.395877166326208,10.868678374822302,-4.569459095230101,,47.32613420680236,-30.025615976789766,14.48972422053581,21.293505658789137,-8.952312300204436,
1992-02-15,0.0,17500,10.36944168429429,16.620861053466797,15.408872604370115,14.809181213378906,15.95536994934082,21.606225680933846,,495.544,< 600,< 20mm,5.039430920075825,6.251419369172506,4.4397395290846156,5.58592826504653,11.236783996639556,,48.59886456286861,60.28694272557604,42.81560824831207,53.86913235171629,108.36440706020802,
1992-02-22,1.0,25100,59.01179158998151,48.44293975830078,81.35409545898438,61.96595001220703,78.9659423828125,82.51361867704279,,710.75168,600 - 1200,50 - 100mm,22.342303869002862,-10.568851831680732,2.954158422225518,19.954150792830987,23.501827087061272,,37.86074489017198,-17.909728796430944,5.006047677303613,33.81383661671208,39.82564578000577,
1992-04-06,0.0,10900,25.593673077527697,16.188627243041992,26.54526901245117,32.66879653930664,31.907302856445312,21.176070038910503,,308.65312,< 600,20 - 50mm,0.9515959349234713,-9.405045834485705,7.075123461778944,6.3136297789176155,-4.4176030386171945,,3.718090529799772,-36.74754227732839,27.64403311844752,24.66871308308319,-17.260527729785032,
1992-04-17,2.0,16400,38.7308833830165,45.5065803527832,69.4937515258789,59.21747589111328,57.727195739746094,56.52548638132296,,464.39552,< 600,20 - 50mm,30.76286814286241,6.775696969766706,20.486592508096784,18.996312356729597,17.794602998306466,,79.42723081899014,17.494300098349555,52.894720488302006,49.046937992277975,45.94422188188304,
1992-04-27,1.0,9500,7.685692163683113,12.838424682617188,17.49618911743164,7.824853897094727,15.335982322692873,14.5715953307393,,269.0096,< 600,< 20mm,9.810496953748528,5.152732518934075,0.13916173341161375,7.65029015900976,6.8859031670561865,,127.6462385535771,67.04318113704932,1.8106597356213276,99.53937779552717,89.59379351145319,
1992-04-30,2.0,41000,54.03033464407659,40.14412689208984,58.76364135742188,52.95992660522461,61.22638320922852,45.87023346303503,,1160.9888,600 - 1200,50 - 100mm,4.733306713345293,-13.886207751986753,-1.0704080388519799,7.1960485651519335,-8.160101181041561,,8.760461589819545,-25.700762069052104,-1.9811242071759592,13.318534139304733,-15.102814437104664,
1992-06-14,0.0,17200,56.30602875334812,45.2597770690918,79.74185943603516,46.61130142211914,45.33827590942383,54.67548638132295,,487.04895999999997,< 600,50 - 100mm,23.435830682687033,-11.046251684256326,-9.694727331228982,-10.967752843924295,-1.6305423720251753,,41.62224046264934,-19.61823969622344,-17.21792061325672,-19.478825068571577,-2.8958575273846114,
1992-08-06,1.0,9830,4.846892933578259,15.151588439941406,6.523390769958496,11.888261795043944,11.030217170715332,22.4363813229572,,278.354144,< 600,< 20mm,1.6764978363802374,10.304695506363148,7.041368861465685,6.183324237137073,17.589488389378943,,34.58912460735024,212.60414965996824,145.27593157019328,127.57294872969646,362.9023506486527,
1992-08-23,0.0,8860,17.26869981844436,13.917508125305176,0.7376211285591125,0.3129073977470398,2.3376359939575195,23.086575875486364,,250.886848,< 600,< 20mm,-16.53107868988525,-3.351191693139185,-16.95579242069732,-14.931063824486841,5.817876057042003,,-95.7285659238151,-19.406161021803406,-98.18800835594566,-86.46316156668185,33.690295842817555,
1992-09-08,1.0,5000,44.538101430442126,34.98589324951172,26.89028549194336,31.621660232543945,25.100492477416992,55.21381322957198,,141.584,< 600,20 - 50mm,-17.647815938498766,-9.552208180930407,-12.91644119789818,-19.437608953025133,10.675711799129857,,-39.624086729562194,-21.447272950888298,-29.000879658219326,-43.64265275964229,23.969840330537593,
1992-09-21,2.0,6000,15.13430399288304,8.181346893310547,8.56075668334961,3.5887041091918945,11.01189422607422,12.7284046692607,,169.9008,< 600,< 20mm,-6.573547309533431,-6.952957099572494,-11.545599883691146,-4.12240976680882,-2.405899323622341,,-43.434751361044846,-45.941703713908126,-76.28761711883483,-27.23884605957035,-15.896993510595028,
1992-09-24,2.0,10800,37.99046845445218,41.59339904785156,54.913455963134766,56.99044799804688,52.28896331787109,61.083657587548615,,305.82144,< 600,20 - 50mm,16.92298750868259,3.6029305933993854,18.999979543594705,14.29849486341891,23.093189133096438,,44.545350971315415,9.483775115116147,50.01249080772537,37.637058570524786,60.786797511548194,
1992-09-26,1.0,12800,67.08334035943503,41.36518478393555,51.23792266845703,53.203609466552734,68.13269805908203,40.27392996108949,,362.45504,< 600,50 - 100mm,-15.845417690977996,-25.71815557549948,-13.879730892882293,1.049357699647004,-26.809410398345534,,-23.62049594739567,-38.33761920277173,-20.690279909310092,1.5642597611038842,-39.96433429626449,
1992-09-29,2.0,9220,19.820619523466696,0.7674234509468079,0.6268627643585205,0.0189891960471868,0.0331385843455791,0.0,,261.080896,< 600,< 20mm,-19.193756759108176,-19.05319607251989,-19.80163032741951,-19.787480939121117,-19.820619523466696,,-96.83732002616597,-96.12815608493864,-99.90419474010534,-99.83280752498001,-100.0,
1992-10-11,1.0,7440,0.5994455077396936,0.2802437543869018,4.915404319763184,0.0124129867181181,1.391320824623108,1.3379377431906585,,210.67699199999998,< 600,< 20mm,4.31595881202349,-0.31920175335279183,-0.5870325210215755,0.7918753168834143,0.7384922354509649,,719.9918518528085,-53.24950295422076,-97.92925519370004,132.1013013959031,123.19589118877035,
1992-10-18,2.0,7100,5.035305928968002,18.292530059814453,38.19232940673828,13.648733139038086,17.045913696289062,27.54046692607004,,201.04928,< 600,< 20mm,33.15702347777028,13.257224130846451,8.613427210070084,12.01060776732106,22.50516099710204,,658.4907440681741,263.28537566263725,171.06065314755216,238.52786576927338,446.94724242335207,
1992-10-20,3.0,12400,39.8001739646862,41.03825378417969,79.6592788696289,38.68950271606445,51.520111083984375,44.1410505836576,,351.12832,< 600,20 - 50mm,39.859104904942704,1.2380798194934854,-1.110671248621749,11.719937119298173,4.3408766189714,,100.14806704188979,3.1107397183540098,-2.7906190802261883,29.446949477399293,10.906677500512844,
1992-10-22,3.0,12400,47.94556210578969,31.02607154846192,46.75006866455078,26.72609519958496,36.81889343261719,25.25719844357977,,351.12832,< 600,20 - 50mm,-1.1954934412389093,-16.91949055732777,-21.21946690620473,-11.126668673172503,-22.68836366220992,,-2.4934392021541174,-35.28896067585085,-44.25741606571417,-23.206879186486574,-47.321092225697726,
1992-11-04,1.0,13500,37.60712812924388,29.938695907592773,30.118030548095703,28.7224349975586,30.13861083984375,30.931322957198446,,382.2768,< 600,20 - 50mm,-7.4890975811481795,-7.668432221651109,-8.884693131685282,-7.468517289400133,-6.675805172045436,,-19.914037454310535,-20.390900882665427,-23.625024227192736,-19.859313010377143,-17.7514357094825,
1992-11-07,2.0,19900,36.32857167404381,34.9704704284668,37.93265914916992,36.28264236450195,29.13351058959961,54.97354085603111,,563.50432,< 600,20 - 50mm,1.6040874751261143,-1.3581012455770107,-0.04592930954185448,-7.195061084444198,18.6449691819873,,4.4154983287499014,-3.7383832696823385,-0.12642751263097482,-19.805516024691265,51.323155089273264,
1992-11-13,0.0,16000,26.28565970447736,10.395845413208008,27.630285263061523,23.61492919921875,21.04971504211425,24.86284046692605,,453.0688,< 600,20 - 50mm,1.3446255585841627,-15.889814291269353,-2.6707305052586108,-5.23594466236311,-1.4228192375513125,,5.1154339426950965,-60.45050597897973,-10.160408889428378,-19.919396055603837,-5.412910512985744,
1992-11-21,1.0,14200,37.77747033670345,50.79716873168945,67.5107650756836,66.5823745727539,58.14493179321289,81.70233463035021,,402.09856,< 600,20 - 50mm,29.733294738980142,13.019698394986001,28.804904236050454,20.36746145650944,43.924864293646756,,78.70642071576765,34.46418799073599,76.24889644361517,53.91430732385759,116.27264584460724,
1992-11-27,2.0,14400,13.09537093232392,16.201499938964844,39.31998825073242,19.59404563903809,32.360191345214844,24.25466926070041,,407.76192,< 600,< 20mm,26.2246173184085,3.1061290066409235,6.498674706714169,19.264820412890924,11.15929832837649,,200.25868265920627,23.71928998951774,49.62573981522879,147.11168177251596,85.21559554171519,
1992-11-30,1.0,15900,49.21008039592101,36.09869003295898,31.46848487854004,38.89931488037109,40.19501876831055,47.08307392996109,,450.23712,< 600,20 - 50mm,-17.741595517380972,-13.111390362962034,-10.310765515549924,-9.015061627610464,-2.127006465959923,,-36.05276677997779,-26.64370847898234,-20.95254759308334,-18.319542571521012,-4.322298295079048,
1992-12-07,0.0,11600,0.8015506692637153,5.913017272949219,4.537625789642334,4.041747093200684,5.474470615386963,10.83774319066148,,328.47488,< 600,< 20mm,3.7360751203786187,5.111466603685503,3.2401964239369683,4.672919946123248,10.036192521397764,,466.1059198928104,637.6972535473984,404.24099787894045,582.984972168469,1252.0970796040583,
1992-12-13,1.0,10800,29.144462771386745,22.42638397216797,17.738061904907227,12.67938232421875,19.450523376464844,13.370817120622563,,305.82144,< 600,20 - 50mm,-11.406400866479519,-6.718078799218777,-16.465080447167995,-9.693939394921902,-15.773645650764182,,-39.13745453451288,-23.050961178856955,-56.49471248216993,-33.26168497584781,-54.12227281214573,
1992-12-22,0.0,9120,75.13967498128318,48.66943740844727,66.77824401855469,63.37194061279297,80.02875518798828,71.87568093385215,,258.249216,< 600,50 - 100mm,-8.361430962728491,-26.470237572835906,-11.76773436849021,4.889080206705103,-3.2639940474310265,,-11.127850852177987,-35.228043745770094,-15.661146220583838,6.506656048116979,-4.343902270330643,
1993-01-19,1.0,6820,0.4191414917234677,13.64622688293457,12.575028419494627,15.154095649719238,20.29480743408203,34.530544747081706,,193.120576,< 600,< 20mm,12.15588692777116,13.227085391211103,14.734954157995771,19.875665942358562,34.11140325535824,,2900.186969747942,3155.7566245285466,3515.508354328539,4741.99437059591,8138.398113509493,
1993-01-25,2.0,23300,88.46371512358317,78.2716064453125,87.96646118164062,96.78092193603516,105.08177947998048,111.92607003891044,,659.78144,600 - 1200,50 - 100mm,-0.4972539419425459,-10.192108678270671,8.317206812451985,16.618064356397312,23.462354915327268,,-0.5620993208886669,-11.521230669582854,9.401828535951614,18.78517574485991,26.522009484397675,
1993-01-26,1.0,27600,105.80618934034162,79.34956359863281,117.04647827148438,107.34893035888672,122.46371459960938,102.69922178988318,,781.54368,600 - 1200,> 100mm,11.240288931142757,-26.456625741708805,1.542741018545101,16.657525259267757,-3.1069675504584353,,10.623470140283256,-25.00479972547453,1.4580820159609387,15.74343180027617,-2.936470512575029,
1993-02-06,1.0,12500,0.1953652014625997,0.00079720641952,2.388258695602417,0.068775936961174,0.4724905490875244,0.0,,353.96,< 600,< 20mm,2.1928934941398173,-0.1945679950430797,-0.1265892645014257,0.2771253476249247,-0.1953652014625997,,1122.458594326288,-99.5919404205295,-64.79621936440901,141.8499024136481,-100.0,
1993-02-22,0.0,11300,8.223902478245181,5.823511123657227,14.452399253845217,10.348624229431152,6.074011325836182,8.773540856031131,,319.97983999999997,< 600,< 20mm,6.228496775600036,-2.4003913545879545,2.1247217511859713,-2.1498911524089994,0.5496383777859499,,75.73651064171027,-29.187984183150856,25.83593077382096,-26.141982569663735,6.683425286716579,
1993-03-04,2.0,6420,14.204793509188503,24.025856018066406,44.27605056762695,43.56613159179688,52.816871643066406,39.0001945525292,,181.793856,< 600,< 20mm,30.071257058438448,9.821062508877903,29.361338082608377,38.6120781338779,24.795401043340696,,211.69795280013452,69.13907268363357,206.7002104860991,271.8242831823027,174.55657505546674,
1993-03-15,0.0,11300,37.93877251322531,32.676063537597656,48.0797119140625,28.75303649902344,33.88179016113281,44.97801556420232,,319.97983999999997,< 600,20 - 50mm,10.14093940083719,-5.262708975627653,-9.185736014201868,-4.056982352092497,7.039243050977014,,26.72975093567431,-13.871584732460947,-24.212001089386213,-10.693499244547906,18.55421929774655,
1993-03-23,4.0,27200,74.11886999210482,56.179473876953125,79.49649047851562,68.40314483642578,83.10460662841797,74.44416342412453,,770.21696,600 - 1200,50 - 100mm,5.377620486410805,-17.939396115151695,-5.7157251556790385,8.985736636313149,0.3252934320197056,,7.255399990560611,-24.203547783530173,-7.71156543035246,12.123412886988582,0.4388807223509425,
1993-04-01,0.0,11800,5.051520082258207,6.029941558837891,15.236286163330078,10.273630142211914,13.682344436645508,8.119260700389102,,334.13824,< 600,< 20mm,10.18476608107187,0.9784214765796833,5.222110059953707,8.6308243543873,3.0677406181308946,,201.61784799871413,19.36885255620511,103.3770028608743,170.85598421552783,60.72905913816553,
1993-04-08,1.0,9380,17.283045893385214,25.99403381347656,33.40196990966797,23.731483459472656,33.46173858642578,38.51789883268482,,265.611584,< 600,< 20mm,16.118924016282755,8.710987920091345,6.448437566087442,16.178692693040567,21.234852939299607,,93.26437085058018,50.401925527637026,37.31077036921756,93.61019343952955,122.86522335410149,
1993-04-19,0.0,9580,12.623755253922642,9.995746612548828,20.90874290466309,14.612439155578612,18.97244453430176,13.400194552529188,,271.274944,< 600,< 20mm,8.284987650740447,-2.628008641373814,1.9886839016559694,6.348689280379119,0.7764392986065456,,65.63013528138556,-20.817962551651974,15.753504893387534,50.29160620336298,6.150620659136106,
1993-04-25,1.0,12200,17.168313572969666,19.496150970458984,39.89923858642578,32.53669738769531,36.48565673828125,32.558171206225694,,345.46496,< 600,< 20mm,22.730925013456115,2.3278373974893185,15.368383814725647,19.317343165311584,15.389857633256028,,132.40045340996335,13.558917057260295,89.51597808023564,112.5174181098685,89.64105628572806,
1993-05-02,0.0,19800,41.541445474209794,36.239776611328125,34.3944091796875,21.891084671020508,18.31547164916992,40.81750972762647,,560.67264,< 600,20 - 50mm,-7.1470362945222945,-5.3016688628816695,-19.650360803189287,-23.225973825039876,-0.7239357465833223,,-17.204592216126407,-12.762360101728065,-47.30302611975511,-55.910365082166614,-1.7426830923174395,
1993-05-10,2.0,15400,23.723262000722137,17.991073608398438,14.841489791870115,8.39561939239502,16.7713623046875,15.749610894941643,,436.07872,< 600,20 - 50mm,-8.881772208852022,-5.7321883923237,-15.327642608327118,-6.951899696034637,-7.973651105780494,,-37.43908493099162,-24.16273273106039,-64.61018138171953,-29.30414753174762,-33.61110755147321,
1993-05-21,2.0,28200,14.610453161425234,27.854284286499023,22.99191665649414,18.19967460632324,25.115272521972656,23.02665369649805,,798.53376,600 - 1200,< 20mm,8.381463495068907,13.24383112507379,3.589221444898005,10.504819360547422,8.416200535072818,,57.36621172844788,90.64627208169269,24.566119922784655,71.89933977053103,57.60396643475381,
1993-05-30,1.0,23100,23.5740249005474,22.30625915527344,13.588094711303713,30.223285675048828,24.873268127441406,21.27782101167316,,654.11808,600 - 1200,20 - 50mm,-9.985930189243687,-1.2677657452739588,6.649260774501428,1.2992432268940064,-2.2962038888742384,,-42.35988649104977,-5.377807780480119,28.205878302720507,5.511333904054022,-9.740398165189514,
1993-06-09,1.0,16900,10.97351815498988,24.983274459838867,27.44848251342773,29.23532485961914,42.74028015136719,38.2556420233463,,478.55392,< 600,< 20mm,16.474964358437852,14.009756304848986,18.261806704629258,31.766761996377305,27.282123868356415,,150.13384154238952,127.66877592924442,166.41706375931264,289.48566492262387,248.6178405414191,
1993-07-21,0.0,20500,41.30491778614261,43.11073303222656,39.87152862548828,49.97147750854492,15.054369926452637,45.11381322957197,,580.4944,< 600,20 - 50mm,-1.433389160654329,1.8058152460839523,8.666559722402312,-26.250547859689974,3.808895443429357,,-3.470262713209459,4.371913425499628,20.98190769262312,-63.55308100503415,9.221409090196044,
1993-08-23,2.0,7350,13.811650101715577,17.998554229736328,18.854568481445312,9.010502815246582,26.93518829345703,22.94513618677044,,208.12848,< 600,< 20mm,5.042918379729736,4.1869041280207515,-4.801147286468995,13.123538191741455,9.133486085054864,,36.512062951141104,30.31429334790842,-34.761576286041546,95.0178877620955,66.12885511717657,
1993-10-15,0.0,6680,25.443801176343843,19.131685256958008,20.72369384765625,17.738895416259766,16.242050170898438,26.76361867704281,,189.156224,< 600,20 - 50mm,-4.720107328687593,-6.312115919385835,-7.704905760084078,-9.201751005445406,1.3198175006989672,,-18.551109152181525,-24.808069657667627,-30.28205458250337,-36.165001218452595,5.187186818320433,
1993-10-24,2.0,17400,67.32361958847457,48.29429244995117,115.13890075683594,57.26041412353516,74.46491241455078,64.71828793774317,,492.71232,< 600,50 - 100mm,47.815281168361366,-19.0293271385234,-10.063205464939408,7.14129282607621,-2.605331650731401,,71.0230398493712,-28.265454612872766,-14.947511031718461,10.607410697357631,-3.8698627118637856,
1993-10-29,2.0,8960,9.532162527303544,10.76365566253662,4.078601360321045,9.83546543121338,4.343549728393555,7.317898832684822,,253.718528,< 600,< 20mm,-5.4535611669824995,1.231493135233075,0.3033029039098363,-5.18861279890999,-2.2142636946187224,,-57.21221340237892,12.919346808299117,3.1818897657385463,-54.432693358384675,-23.229395095564875,
1993-11-03,2.0,8790,27.92460613627117,22.91931533813477,22.92832946777344,14.964642524719238,32.005577087402344,30.36789883268484,,248.904672,< 600,20 - 50mm,-4.996276668497728,-5.0052907981364,-12.959963611551931,4.0809709511311745,2.443292696413671,,-17.89202198274905,-17.924302221885398,-46.41055114012255,14.614247131064872,8.749604862788333,
1993-11-14,0.0,8370,1.413009557261775,7.022784233093262,0.1441041529178619,0.0608285889029502,0.246570274233818,5.005642023346303,,237.011616,< 600,< 20mm,-1.268905404343913,5.609774675831487,-1.3521809683588246,-1.1664392830279569,3.5926324660845275,,-89.80161512869617,397.00896904777386,-95.69510421282443,-82.54999246348775,254.253939587399,
1993-11-21,1.0,7890,40.7542886382479,36.89405822753906,34.284664154052734,41.05484008789063,56.05508804321289,47.57645914396888,,223.419552,< 600,20 - 50mm,-6.469624484195165,-3.860230410708837,0.3005514496427324,15.300799404964991,6.822170505720983,,-15.874708405837373,-9.47196120873034,0.7374719561677365,37.544022767226494,16.73976097651322,
1993-12-02,2.0,18600,69.54370938386789,55.57565307617188,64.43389892578125,54.84006881713867,54.0489501953125,70.55389105058366,,526.69248,< 600,50 - 100mm,-5.109810458086642,-13.96805630769601,-14.70364056672922,-15.494759188555392,1.0101816667157664,,-7.347624254382912,-20.085290864476367,-21.14302026308081,-22.28060499768182,1.452585252736172,
1993-12-10,3.0,26800,96.67090832182014,91.5962371826172,106.22171783447266,81.1815414428711,100.61693572998048,113.80642023346306,,758.89024,600 - 1200,50 - 100mm,9.55080951265252,-5.074671139202934,-15.489366878949042,3.9460274081603472,17.135511911642922,,9.87971425783816,-5.2494294584563255,-16.022779911599162,4.081918207516901,17.725613847134163,
1993-12-12,2.0,26400,106.69688537654184,62.26096725463867,89.77598571777344,61.7155647277832,75.83157348632812,64.30252918287938,,747.56352,600 - 1200,> 100mm,-16.920899658768406,-44.43591812190317,-44.98132064875864,-30.865311890213718,-42.39435619366246,,-15.858850611293102,-41.646874662821936,-42.15804471706551,-28.92803457316262,-39.73345242839038,
1993-12-20,0.0,12500,0.2975009562951614,0.0,0.0071107572875916,0.0007753562531434,0.0268690139055252,0.2651750972762642,,353.96,< 600,< 20mm,-0.2903901990075698,-0.2975009562951614,-0.296725600042018,-0.27063194238963617,-0.032325859018897174,,-97.60983716619158,-100.0,-99.73937688712027,-90.9684277186432,-10.865800036899891,
1994-01-01,1.0,11800,50.93068070709705,,,64.84751892089844,81.79467010498047,,,334.13824,< 600,50 - 100mm,,,13.916838213801384,30.863989397883415,,,,,27.325058335342668,60.5999938924488,,
1994-01-04,1.0,19400,47.012982858622486,57.15243148803711,91.2467803955078,82.91668701171875,74.09800720214844,76.04844357976657,,549.34592,< 600,20 - 50mm,44.23379753688531,10.139448629414623,35.903704153096264,27.08502434352595,29.035460721144084,,94.08847268828964,21.5673373882827,76.3697642012334,57.61179720286219,61.760515831253606,
1994-01-13,0.0,19300,39.16785659286305,28.0872745513916,53.33288192749024,28.19387435913086,47.58317947387695,31.20856031128405,,546.51424,< 600,20 - 50mm,14.165025334627188,-11.080582041471452,-10.973982233732194,8.4153228810139,-7.959296281579004,,36.164923401012096,-28.28998828465506,-28.01782683133039,21.485278013776462,-20.320990153516092,
1994-01-22,1.0,15600,14.488583168212546,18.591217041015625,34.11985778808594,20.229198455810547,25.06425094604492,25.51206225680934,,441.74208,< 600,< 20mm,19.63127461987339,4.102633872803079,5.7406152875980005,10.575667777832372,11.023479088596794,,135.49478504526056,28.316322066633244,39.62164706479177,72.99311226673305,76.08389972031169,
1994-02-10,0.0,9220,19.753732325915863,21.62642288208008,20.544113159179688,19.364681243896484,24.550525665283203,18.72451361867705,,261.080896,< 600,< 20mm,0.7903808332638249,1.872690556164219,-0.3890510820193782,4.7967933393673405,-1.0292187072388117,,4.00117213407254,9.480185947985875,-1.9695067018244625,24.282972251649877,-5.210249335456119,
1994-02-16,1.0,14300,67.70875341376828,55.5947265625,76.53392028808594,85.27505493164062,104.51596069335938,65.80408560311282,,404.93023999999997,< 600,50 - 100mm,8.82516687431766,-12.114026851268278,17.566301517872347,36.8072072795911,-1.9046678106554538,,13.034011747915446,-17.891374808275444,25.943915125012946,54.36107655780075,-2.8130303906439194,
1994-03-02,3.0,35200,89.44287568638475,70.68228912353516,167.7139892578125,91.73898315429688,96.81890106201172,76.78210116731519,,996.75136,600 - 1200,50 - 100mm,78.27111357142775,-18.760586562849596,2.2961074679121225,7.376025375626966,-12.660774519069562,,87.50961210803555,-20.974936705557408,2.5671216967162453,8.246632634542815,-14.15515145494905,
1994-03-19,0.0,19400,67.58590060210365,43.05918502807617,76.81522369384766,64.81975555419922,66.46337127685547,77.9498054474709,,549.34592,< 600,50 - 100mm,9.229323091744007,-24.526715574027477,-2.7661450479044305,-1.1225293252481805,10.363904845367244,,13.655692991470975,-36.289692606780285,-4.092784180223431,-1.6608927531450859,15.334418500069024,
1994-06-13,1.0,16900,18.26476865166301,26.75772857666016,30.57955741882324,17.159610748291016,33.09628677368164,36.04007782101169,,478.55392,< 600,< 20mm,12.314788767160227,8.492959924997148,-1.105157903371996,14.831518122018629,17.77530916934868,,67.42373255321229,46.49913769492976,-6.050763217695457,81.20287973463171,97.32019883936627,
1994-06-20,0.0,12800,19.56917402900028,6.362191677093506,17.932514190673828,20.829906463623047,22.12923049926757,21.1363813229572,,362.45504,< 600,< 20mm,-1.6366598383264517,-13.206982351906774,1.260732434622767,2.560056470267291,1.567207293956919,,-8.363458957956146,-67.48870612696713,6.442440711879005,13.082087503915337,8.008551059101507,
1994-07-01,1.0,14800,3.180181638524872,16.7929744720459,21.64772224426269,14.915685653686523,12.49794864654541,23.58385214007784,,419.08864,< 600,< 20mm,18.46754060573782,13.612792833521027,11.735504015161652,9.317767008020539,20.40367050155297,,580.7071011926222,428.05079648957803,369.01992870461225,292.99480555276045,641.5882116411822,
1994-07-07,0.0,14900,6.316703641646939,0.4284082651138305,2.030770063400269,3.227329730987549,3.609440088272095,1.6953307392996104,,421.92032,< 600,< 20mm,-4.28593357824667,-5.888295376533108,-3.08937391065939,-2.7072635533748435,-4.6213729023473284,,-67.85079404373022,-93.21785080608701,-48.9080078142451,-42.85880273890743,-73.1611480373711,
1994-07-18,1.0,13000,0.0727648186500951,0.1415193229913711,0.0754460468888282,0.3333400189876556,1.4567152261734009,0.3406614785992218,,368.1184,< 600,< 20mm,0.0026812282387330966,0.068754504341276,0.2605752003375605,1.3839504075233058,0.2678966599491267,,3.6847865334844654,94.48866308854072,358.1060259224874,1901.9499164538863,368.1678384129067,
1994-08-10,0.0,9630,12.523806864986271,6.842139720916748,18.77956199645996,5.64608097076416,9.580291748046877,7.55,,272.690784,< 600,< 20mm,6.2557551314736894,-5.6816671440695234,-6.877725894222111,-2.9435151169393947,-4.973806864986272,,49.95090709170359,-45.366933595520216,-54.917214616672794,-23.503357634560754,-39.71481609870486,
1994-09-08,1.0,7840,1.0291567880410548,8.019885063171387,4.244548320770264,11.276602745056152,7.561923980712891,12.826653696498052,,222.003712,< 600,< 20mm,3.2153915327292086,6.990728275130332,10.247445957015097,6.532767192671836,11.797496908456997,,312.42970654155965,679.2675670377505,995.712808397306,634.7688970799687,1146.32649228432,
1994-09-15,1.0,11000,21.452581260812533,22.28197479248047,13.005488395690918,18.78510475158692,29.66831970214844,33.51459143968872,,311.4848,< 600,20 - 50mm,-8.447092865121615,0.829393531667936,-2.6674765092256116,8.215738441335908,12.06201017887619,,-39.37564791120001,3.866171262024261,-12.434291597805508,38.29720228746371,56.22638148869239,
1994-09-24,0.0,7180,0.0381089865869306,0.0,0.0,0.0,0.0,0.0147859922178988,,203.314624,< 600,< 20mm,-0.0381089865869306,-0.0381089865869306,-0.0381089865869306,-0.0381089865869306,-0.023322994369031798,,-100.0,-100.0,-100.0,-100.0,-61.200772987834775,
1994-10-01,1.0,7610,6.818973232834176,13.498330116271973,7.22116231918335,3.716230630874634,11.993648529052734,6.898638132295725,,215.490848,< 600,< 20mm,0.40218908634917394,6.679356883437797,-3.102742601959542,5.174675296218559,0.07966489946154898,,5.898088650833606,97.952531200385,-45.50160993475475,75.88642922517829,1.16828291799054,
1994-10-14,0.0,5160,20.368317381326147,26.10885238647461,27.988677978515625,26.93545722961425,19.991680145263672,36.19649805447469,,146.114688,< 600,20 - 50mm,7.620360597189478,5.7405350051484625,6.567139848288104,-0.376637236062475,15.828180673148541,,37.41281351092797,28.183648642530656,32.241935970169614,-1.8491327929118944,77.70980968540856,
1994-10-21,1.0,11000,57.06183370290281,43.95899963378906,59.56672668457031,51.693580627441406,49.78894805908203,56.10817120622564,,311.4848,< 600,50 - 100mm,2.5048929816675027,-13.102834069113747,-5.3682530754614035,-7.2728856438207785,-0.9536624966771683,,4.389787041736929,-22.962518410001937,-9.407782272493485,-12.745622024149563,-1.6712790928565167,
1994-10-25,2.0,6670,6.482110892153162,16.94573974609375,1.67879056930542,8.227364540100098,5.933619022369385,22.688326848249048,,188.873056,< 600,< 20mm,-4.803320322847742,10.463628853940588,1.745253647946936,-0.5484918697837768,16.206215956095885,,-74.10117479881964,161.4231695203981,26.92415598843937,-8.461624290441357,250.0144817904013,
1994-10-27,3.0,26000,86.1788528632236,86.12501525878906,89.55996704101562,74.09951782226562,62.88639068603516,117.55603112840468,,736.2368,600 - 1200,50 - 100mm,3.3811141777920284,-0.053837604434534114,-12.079335040957972,-23.292462177188433,31.377178265181087,,3.9233687447177688,-0.06247194369131484,-14.016588338822933,-27.02804853315514,36.40937100309343,
1994-11-01,4.0,22400,88.14573797156204,69.58878326416016,65.24955749511719,65.6078872680664,76.00204467773438,99.9667315175097,,634.29632,600 - 1200,50 - 100mm,-22.896180476444854,-18.556954707401886,-22.537850703495636,-12.143693293827667,11.820993545947658,,-25.97536875104695,-21.052583068042168,-25.568849069897055,-13.776835469623633,13.41073751037333,
1994-11-03,1.0,15300,60.8469158267804,29.97983169555664,29.406126022338867,26.14703941345215,23.947324752807617,28.73365758754864,,433.24703999999997,< 600,50 - 100mm,-31.440789804441536,-30.867084131223763,-34.699876413328255,-36.899591073972786,-32.11325823923176,,-51.671953092819834,-50.72908579145816,-57.02815983658432,-60.643321970531595,-52.7771338988686,
1994-11-09,1.0,11700,37.63512426809929,26.33893585205078,30.73554229736328,33.53199768066406,36.28948211669922,28.043968871595325,,331.30656,< 600,20 - 50mm,-6.899581970736008,-11.296188416048508,-4.103126587435227,-1.345642151400071,-9.591155396503964,,-18.332826328899117,-30.015015589103584,-10.902386181073847,-3.575495438288427,-25.48458543189594,
1994-11-19,1.0,11200,14.571183536142062,24.91522789001465,38.01111602783203,30.21395301818848,33.111610412597656,41.322373540856,,317.14816,< 600,< 20mm,23.43993249168997,10.344044353872587,15.642769482046418,18.540426876455594,26.751190004713937,,160.86498693500118,70.98973345724067,107.3541448657648,127.2403633546191,183.58968534272347,
1994-11-23,1.0,10400,20.43606500896264,20.44687843322754,14.094926834106444,14.83467960357666,19.15339088439941,16.699999999999996,,294.49472,< 600,20 - 50mm,-6.341138174856196,0.010813424264899396,-5.6013854053859795,-1.2826741245632292,-3.736065008962644,,-31.029154448643435,0.052913436418199664,-27.40931487020315,-6.276522040816992,-18.28172403701064,
1994-12-01,3.0,37300,145.78929615567793,114.22136688232422,152.2924346923828,123.9101791381836,131.2063446044922,155.7599221789883,,1056.21664,600 - 1200,> 100mm,6.503138536704881,-31.567929273353712,-21.879117017494337,-14.582951551185744,9.97062602331036,,4.460641973166978,-21.653118648466886,-15.007354856923923,-10.002758731761526,6.8390658890783325,
1994-12-09,0.0,12200,36.267722696379096,28.255321502685547,38.47687911987305,39.86474990844727,48.289546966552734,31.63696498054476,,345.46496,< 600,20 - 50mm,2.209156423493951,-8.012401193693549,3.597027212068177,12.021824270173639,-4.630757715834335,,6.091246594081048,-22.092374701247763,9.91798476618246,33.14744730684146,-12.768261615435428,
1994-12-20,3.0,43900,129.2550268079765,88.04932403564453,156.05111694335938,137.97207641601562,142.64105224609375,128.4947470817121,,1243.10752,1200 - 1700,> 100mm,26.796090135382883,-41.20570277233196,8.717049608039133,13.386025438117258,-0.7602797262644003,,20.73117835114577,-31.87938124336771,6.744070094070177,10.356290017256946,-0.588201283184046,
1994-12-28,1.0,55700,119.83818538763327,79.49284362792969,97.84361267089844,136.87112426757812,128.6517791748047,110.59591439688712,,1577.24576,1200 - 1700,> 100mm,-21.994572716734837,-40.34534175970359,17.03293887994485,8.813593787171413,-9.24227099074615,,-18.353559548311193,-33.66651591827844,14.213281705534378,7.354578808634843,-7.712292172024084,
1995-01-09,2.0,14100,17.33790056798589,22.01990127563477,47.12125778198242,37.27983474731445,29.58159446716309,41.10505836575879,,399.26688,< 600,< 20mm,29.78335721399653,4.6820007076488785,19.941934179328562,12.243693899177199,23.767157797772896,,171.7817973243597,27.004427031344875,115.01931333111328,70.61808810799705,137.08209771175243,
1995-01-10,1.0,16200,27.97206118809732,31.012596130371094,67.2039794921875,45.35436248779297,35.255863189697266,43.609338521400815,,458.73216,< 600,20 - 50mm,39.23191830409018,3.040534942273773,17.382301299695648,7.283802001599945,15.637277333303494,,140.25394138914638,10.869899510900478,62.14165335478449,26.039561234405383,55.903200082936586,
1995-01-18,1.0,19600,31.311944575837845,38.942264556884766,59.47274017333984,49.20018768310547,49.09883880615234,41.51848249027238,,555.00928,< 600,20 - 50mm,28.16079559750199,7.63031998104692,17.888243107267623,17.78689423031449,10.206537914434538,,89.93627185720217,24.368719619333152,57.12913506199565,56.80546025250669,32.596308062931705,
1995-01-29,3.0,16300,32.583288696434494,39.145729064941406,35.96100234985352,50.24234390258789,66.44393157958984,63.373929961089445,,461.56383999999997,< 600,20 - 50mm,3.377713653419029,6.562440368506913,17.659055206153397,33.86064288315535,30.79064126465495,,10.366398815318613,20.140509540478103,54.196663113646295,103.92027397424937,94.49826121457252,
1995-02-01,2.0,52800,101.21241292488509,84.54806518554688,102.19586181640624,76.83512878417969,85.51741027832031,92.55214007782092,,1495.12704,1200 - 1700,> 100mm,0.9834488915211494,-16.66434773933821,-24.3772841407054,-15.695002646564774,-8.660272847064164,,0.9716682599505035,-16.46472725801496,-24.085271199686773,-15.50699384887982,-8.556532343015471,
1995-02-03,1.0,32100,58.588804931271234,33.31558990478516,59.93242645263672,32.023834228515625,52.324012756347656,31.91750972762644,,908.96928,600 - 1200,50 - 100mm,1.3436215213654847,-25.27321502648607,-26.56497070275561,-6.264792174923578,-26.671295203644792,,2.293307608751615,-43.13659419428903,-45.34137662291999,-10.692814407586257,-45.522852420239815,
1995-02-17,2.0,19000,68.02896556942002,64.03421783447266,114.8220672607422,97.46995544433594,100.28599548339844,129.77315175097272,,538.0192,< 600,50 - 100mm,46.79310169132218,-3.9947477349473672,29.440989874915914,32.257029913978414,61.74418618155269,,68.78408527845723,-5.872127705471186,43.27713883121288,47.41661091562798,90.76161259360318,
1995-02-20,4.0,53500,146.72852972679794,115.43572235107422,164.28378295898438,120.44149780273438,130.10569763183594,132.85486381322966,,1514.9488,1200 - 1700,> 100mm,17.55525323218643,-31.292807375723726,-26.28703192406357,-16.622832094962007,-13.873665913568288,,11.96444431418589,-21.327009432991357,-17.91541970263647,-11.328970668426235,-9.455329470962766,
1995-02-26,0.0,24600,12.123340336408914,8.837557792663574,27.4489688873291,7.630730628967285,9.50446319580078,9.935797665369636,,696.5932799999999,600 - 1200,< 20mm,15.325628550920188,-3.2857825437453396,-4.492609707441629,-2.6188771406081344,-2.187542671039278,,126.41424001678922,-27.102947311290528,-37.05752360963906,-21.601943589285383,-18.04405890074398,
1995-03-10,2.0,22400,58.77024087871747,53.89384841918945,99.92388153076172,83.93956756591797,82.21268463134766,62.79747081712061,,634.29632,600 - 1200,50 - 100mm,41.153640652044245,-4.87639245952802,25.169326687200495,23.442443752630183,4.0272299384031385,,70.02462477050567,-8.297383823202797,42.82665224929355,39.88828938272979,6.8524986084607376,
1995-03-14,1.0,23600,39.52708798681117,29.662670135498047,43.99467086791992,46.85150146484375,41.82360076904297,36.397665369649786,,668.27648,600 - 1200,20 - 50mm,4.467582881108754,-9.86441785131312,7.324413478032582,2.296512782231801,-3.1294226171613815,,11.302585413323222,-24.95609556313518,18.530111503474497,5.809972095586876,-7.917159539315323,
1995-03-20,1.0,22900,34.52447609406812,33.45208740234375,44.47029113769531,42.3768196105957,38.00192642211914,43.0544747081712,,648.45472,600 - 1200,20 - 50mm,9.945815043627192,-1.0723886917243703,7.852343516527583,3.4774503280510203,8.529998614103079,,28.808011500386094,-3.106169341433177,22.74428001494495,10.072420269538874,24.707105158848954,
1995-04-15,0.0,10800,30.114263848682068,17.382551193237305,16.012977600097656,29.98542022705078,24.442955017089844,21.4566147859922,,305.82144,< 600,20 - 50mm,-14.101286248584412,-12.731712655444763,-0.1288436216312867,-5.671308831592224,-8.657649062689867,,-46.82593710223318,-42.278013898725796,-0.42784914908994354,-18.832633133884247,-28.749329906229015,
1995-07-03,2.0,19900,8.372260049359435,13.476093292236328,2.5514333248138428,2.2558863162994385,4.026400089263916,6.228015564202334,,563.50432,< 600,< 20mm,-5.820826724545592,5.1038332428768936,-6.116373733059996,-4.345859960095519,-2.1442444851571008,,-69.52515438159313,60.96123642584884,-73.05522877933018,-51.90784727748658,-25.611298174154996,
1995-07-10,0.0,16600,14.551217966122254,14.051260948181152,14.673824310302734,4.699656963348389,17.20807647705078,19.42042801556421,,470.05888,< 600,< 20mm,0.12260634418048078,-0.49995701794110126,-9.851561002773865,2.6568585109285277,4.869210049441955,,0.8425847545265936,-3.4358430964685396,-67.7026557207101,18.258667536381854,33.462560046714415,
1995-07-26,2.0,11300,22.271422565703453,33.2589111328125,30.31018829345703,22.82745933532715,20.151397705078125,35.82373540856034,,319.97983999999997,< 600,20 - 50mm,8.038765727753578,10.987488567109047,0.5560367696236952,-2.1200248606253282,13.552312842856885,,36.09453192331215,49.334471270052894,2.4966378684761508,-9.519036578696277,60.850683439173615,
1995-08-07,2.0,12800,26.484998068558788,39.09469223022461,26.01082229614257,39.525177001953125,36.80368041992188,62.13365758754864,,362.45504,< 600,20 - 50mm,-0.474175772416217,12.609694161665821,13.040178933394337,10.318682351363094,35.64865951898985,,-1.7903560770092208,47.61070447890726,49.236095466719185,38.96047990886109,134.5994416413024,
1995-08-14,1.0,10600,5.071422557307792,6.097115516662598,3.5078165531158447,1.5195602178573608,5.047545433044434,4.182684824902721,,300.15808,< 600,< 20mm,-1.5636060041919473,1.0256929593548056,-3.551862339450431,-0.023877124263358418,-0.8887377324050707,,-30.831704251084947,20.22495557734206,-70.03680524180118,-0.47081709310442066,-17.52442677300518,
1995-08-20,0.0,10600,21.340001900603124,6.891362190246582,1.0869176387786863,1.6040211915969849,2.383742094039917,8.951167315175098,,300.15808,< 600,20 - 50mm,-20.253084261824437,-14.448639710356542,-19.73598070900614,-18.956259806563207,-12.388834585428025,,-94.90666568896619,-67.70683422454702,-92.48350024021484,-88.82970064790601,-58.05451491116261,
1995-10-01,1.0,11800,27.06276865659663,29.73764038085937,13.475471496582031,16.735403060913086,12.830699920654297,27.923346303501948,,334.13824,< 600,20 - 50mm,-13.5872971600146,2.67487172426274,-10.327365595683546,-14.232068735942335,0.8605776469053161,,-50.20660425555777,9.883954440155671,-38.16078734119548,-52.58910836705255,3.1799320233096244,
1995-10-10,2.0,19100,59.38788904726526,75.10134887695312,53.851654052734375,78.86709594726562,77.35713958740234,115.19221789883268,,540.85088,< 600,50 - 100mm,-5.536234994530886,15.713459829687864,19.479206900000364,17.969250540137082,55.80432885156742,,-9.322161611308902,26.459030758244218,32.799965131775224,30.257432665834994,93.96584008425391,
1995-10-13,2.0,20800,71.43740726822905,24.52498435974121,30.797531127929688,27.06640815734864,25.1766300201416,28.98599221789881,,588.98944,< 600,50 - 100mm,-40.639876140299364,-46.91242290848784,-44.37099911088041,-46.26077724808745,-42.45141505033024,,-56.88878935332452,-65.66926866808559,-62.111715427015355,-64.75707758316334,-59.42463013941158,
1995-10-17,1.0,26300,41.54282408670089,50.43618774414063,54.25894927978516,57.00796508789063,59.63833999633789,75.21050583657589,,744.73184,600 - 1200,20 - 50mm,12.716125193084274,8.893363657439743,15.465141001189743,18.095515909637,33.667681749875,,30.60967922292767,21.40770121665074,37.2269852644433,43.55870431887639,81.04331491669832,
1995-10-20,1.0,18400,31.15748765930332,15.319295883178713,11.252599716186523,7.354148387908935,12.579056739807127,16.59357976653697,,521.02912,< 600,20 - 50mm,-19.904887943116798,-15.838191776124608,-23.803339271394385,-18.578430919496192,-14.563907892766352,,-63.88476555224886,-50.83269854524192,-76.39685051527876,-59.627499889096015,-46.74288264836306,
1995-10-26,2.0,19200,41.31064237285931,38.32789611816406,40.39468765258789,40.005985260009766,48.06326675415039,57.04260700389104,,543.68256,< 600,20 - 50mm,-0.9159547202714222,-2.9827462546952503,-1.3046571128495472,6.752624381291078,15.73196463103173,,-2.217236691708274,-7.220285339002343,-3.1581622504778433,16.345967996197235,38.08211087360742,
1995-11-01,0.0,13200,0.0682351811930099,0.0,0.0,0.0,0.0,0.0103112840466926,,373.78176,< 600,< 20mm,-0.0682351811930099,-0.0682351811930099,-0.0682351811930099,-0.0682351811930099,-0.05792389714631731,,-100.0,-100.0,-100.0,-100.0,-84.88861044052024,
1995-11-08,3.0,48400,166.81465967253106,141.6649627685547,145.27862548828125,164.78404235839844,138.1676025390625,199.77140077821008,,1370.53312,1200 - 1700,> 100mm,-21.536034184249814,-25.149696903976377,-2.030617314132627,-28.647057133468564,32.956741105679015,,-12.910156833054462,-15.076430904422311,-1.2172894864988915,-17.172985389716203,19.756501718958887,
1995-11-10,2.0,48800,196.6907132581521,83.60777282714844,112.7191390991211,125.02243041992188,107.07772064208984,104.60214007782102,,1381.85984,1200 - 1700,> 100mm,-83.97157415903101,-113.08294043100366,-71.66828283823023,-89.61299261606226,-92.08857318033108,,-42.692190580863986,-57.4927705318679,-36.437044561512785,-45.56035774726549,-46.8189736337307,
1995-11-15,1.0,48600,38.85838049101282,40.44165802001953,59.62977981567383,27.971813201904297,52.309669494628906,52.09105058365761,,1376.19648,1200 - 1700,20 - 50mm,20.77139932466101,1.5832775290067147,-10.88656728910852,13.45128900361609,13.232670092644796,,53.45410452570207,4.074481512097232,-28.016008777376527,34.61618532127738,34.053581043361426,
1995-11-16,4.0,47700,51.64567113011972,24.630905151367188,42.56881332397461,20.316877365112305,36.77564239501953,26.63365758754865,,1350.71136,1200 - 1700,50 - 100mm,-9.076857806145114,-27.014765978752536,-31.32879376500742,-14.870028735100192,-25.012013542571072,,-17.57525385482211,-52.30789994129351,-60.661025560255496,-28.79240100808372,-48.430029071660336,
1995-11-23,3.0,36100,29.284359426544817,52.38561248779297,53.594486236572266,79.87347412109375,71.44315338134766,82.71614785992219,,1022.23648,600 - 1200,20 - 50mm,24.310126810027448,23.10125306124815,50.58911469454893,42.15879395480284,53.43178843337737,,83.01402962562851,78.88597706633806,172.7513105466545,143.96351766051603,182.45845044827618,
1995-11-30,4.0,132000,219.8420936464124,143.2122039794922,206.4561309814453,188.7967834472656,210.6605682373047,157.5675097276264,,3737.8176,> 1700,> 100mm,-13.385962664967082,-76.6298896669202,-31.045310199146797,-9.181525409107707,-62.27458391878599,,-6.0888988286732175,-34.85678670353708,-14.121640530352284,-4.176418290427584,-28.326960904469285,
1995-12-10,3.0,27600,33.3758183604896,53.653419494628906,108.42890167236328,57.15641784667969,76.77615356445312,75.62626459143965,,781.54368,600 - 1200,20 - 50mm,75.05308331187368,20.277601134139303,23.780599486190084,43.40033520396352,42.25044623095005,,224.8726383312349,60.75536759914774,71.2509854570087,130.0352690537799,126.58999331374075,
1995-12-11,1.0,42100,66.19590441705384,68.95109558105469,150.45802307128906,93.22096252441406,120.71627807617188,103.24455252918284,,1192.13728,600 - 1200,50 - 100mm,84.26211865423522,2.7551911640008484,27.025058107360223,54.520373659118036,37.048648112129,,127.29204230424722,4.162177687976475,40.82587638216156,82.36215539200658,55.96818781825462,
1995-12-13,2.0,51000,91.8494416217731,58.9195556640625,113.16734313964844,100.80780029296876,111.47310638427734,92.41264591439688,,1444.1568,1200 - 1700,50 - 100mm,21.31790151787534,-32.929885957710596,8.958358671195668,19.623664762504248,0.5632042926237801,,23.20961471454595,-35.85202629027687,9.7533077098991,21.36503436059258,0.6131820538909748,
1995-12-14,1.0,48400,75.42546073166407,60.317848205566406,98.7616729736328,91.11119842529295,93.38258361816406,78.47023346303502,,1370.53312,1200 - 1700,50 - 100mm,23.336212241968724,-15.107612526097668,15.68573769362888,17.957122886499988,3.0447727313709407,,30.93943612090133,-20.02985779542663,20.796343226106288,23.807773545308258,4.036796993793803,
1995-12-17,1.0,27100,33.670682614130975,16.327678680419922,28.08050537109375,22.8892765045166,27.7658748626709,11.082101167315168,,767.38528,600 - 1200,20 - 50mm,-5.590177243037225,-17.343003933711053,-10.781406109614373,-5.904807751460076,-22.58858144681581,,-16.602506421093846,-51.50772894171296,-32.0201590005473,-17.536941021153922,-67.08679389034955,
1995-12-24,0.0,17800,0.9981892926660304,0.0,0.0001797191944206,6.044584006303921e-05,0.0066042528487741,0.0,,504.03904,< 600,< 20mm,-0.9980095734716098,-0.9981892926660304,-0.9981288468259674,-0.9915850398172563,-0.9981892926660304,,-99.98199547964089,-100.0,-99.99394445116701,-99.33837670897722,-100.0,
1996-01-03,1.0,26700,50.73507456151487,55.94031524658203,96.68741607666016,35.23551177978516,48.98988723754883,100.31264591439688,,756.0585599999999,600 - 1200,50 - 100mm,45.952341515145285,5.20524068506716,-15.499562781729708,-1.745187323966043,49.57757135288201,,90.57312305598239,10.259649226997686,-30.549995078723924,-3.4398043938026577,97.71853452737234,
1996-01-05,3.0,21700,56.95227532222668,31.946365356445312,51.232906341552734,32.112762451171875,32.56978225708008,46.30038910505839,,614.47456,600 - 1200,50 - 100mm,-5.7193689806739485,-25.00590996578137,-24.839512871054808,-24.382493065146605,-10.65188621716829,,-10.042388909511853,-43.90677953479823,-43.61461018109794,-42.81214916734132,-18.703179384671913,
1996-01-10,1.0,24400,39.71931362315749,27.57390785217285,18.514657974243164,15.409782409667969,20.48782730102539,18.35544747081711,,690.92992,600 - 1200,20 - 50mm,-21.204655648914326,-12.145405770984638,-24.30953121348952,-19.2314863221321,-21.36386615234038,,-53.38625901267188,-30.578085729818653,-61.203301356437265,-48.4184759701376,-53.78709802247096,
1996-01-15,3.0,30200,72.30951242730907,77.21958923339844,124.84129333496094,111.82759857177734,97.2436065673828,104.1885214007782,,855.16736,600 - 1200,50 - 100mm,52.531780907651864,4.910076806089364,39.51808614446827,24.934094140073725,31.879008973469126,,72.64850659926762,6.790360827042417,54.6512966522832,34.482453695341036,44.0868813844047,
1996-01-23,0.0,19600,32.759451248164844,38.57525634765625,28.80756187438965,40.516021728515625,36.98651123046875,29.67412451361869,,555.00928,< 600,20 - 50mm,-3.9518893737751952,5.815805099491406,7.756570480350781,4.227059982303906,-3.085326734546154,,-12.063356445864082,17.753060194551345,23.677351679647863,12.90332963846793,-9.418127035076607,
1996-02-08,2.0,46400,137.1851165618313,132.06982421875,131.2462921142578,140.44000244140625,154.14938354492188,165.39182879377432,,1313.89952,1200 - 1700,> 100mm,-5.938824447573495,-5.1152923430813075,3.2548858795749425,16.964266983090567,28.206712231943015,,-4.329058863245402,-3.72875168333277,2.372623183294026,12.365967539521336,20.561058618359553,
1996-02-18,1.0,27300,32.9920268030205,37.794803619384766,48.39863204956055,37.97737503051758,32.739479064941406,51.15525291828792,,773.04864,600 - 1200,20 - 50mm,15.406605246540046,4.802776816364265,4.985348227497077,-0.2525477380790946,18.16322611526742,,46.69796535546441,14.557386380167948,15.110766783932949,-0.7654811254456584,55.05338069622486,
1996-02-24,0.0,19600,37.45450097584588,27.997255325317383,31.619245529174805,32.93411636352539,46.77227783203125,37.81517509727629,,555.00928,< 600,20 - 50mm,-5.835255446671077,-9.457245650528499,-4.520384612320491,9.317776856185368,0.36067412143040656,,-15.579584014306286,-25.24995769300839,-12.069002375003347,24.877589110569996,0.9629660308730384,
1996-03-10,1.0,18500,26.446405328595635,22.78972816467285,25.696754455566406,35.34172821044922,33.8456916809082,25.70856031128405,,523.8608,< 600,20 - 50mm,-0.7496508730292284,-3.656677163922783,8.895322881853584,7.3992863523125685,-0.7378450173115851,,-2.83460403678626,-13.826745519811487,33.63528151115253,27.978419979489466,-2.789963354731531,
1996-03-30,0.0,10800,14.9122256371206,14.04117488861084,5.42866325378418,9.42016315460205,10.86943244934082,19.610116731517515,,305.82144,< 600,< 20mm,-9.48356238333642,-0.8710507485097594,-5.4920624825185484,-4.042793187779779,4.697891094396915,,-63.59588846167432,-5.841185411931243,-36.82926087737906,-27.110595602283293,31.503621315268877,
1996-04-07,3.0,15100,21.621638650016727,26.190593719482425,17.04195213317871,10.119035720825195,33.11376190185547,24.429766536964973,,427.58368,< 600,20 - 50mm,-4.5796865168380165,4.568955069465698,-11.502602929191532,11.492123251838741,2.8081278869482453,,-21.181033458971775,21.131400553963857,-53.1994966495411,53.15102817995643,12.98758124859363,
1996-04-14,2.0,13600,13.105130020169325,3.862102508544922,17.650880813598633,16.608291625976562,15.475130081176758,4.88365758754864,,385.10848,< 600,< 20mm,4.545750793429308,-9.243027511624403,3.5031616058072377,2.370000061007433,-8.221472432620685,,34.68680422424817,-70.52984211067735,26.731223577451964,18.084521537443024,-62.734764324867484,
1996-04-17,1.0,14000,18.436588917381886,19.30745315551757,25.927967071533203,25.8699951171875,24.03221321105957,25.559143968871588,,396.4352,< 600,< 20mm,7.491378154151317,0.8708642381356846,7.433406199805614,5.595624293677684,7.122555051489702,,40.63321142387949,4.723564874382157,40.318771726788626,30.350648478158387,38.6327160810892,
1996-04-24,2.0,32000,81.85636518489375,78.87911224365234,116.20018005371094,94.95840454101562,91.9177703857422,100.51770428015573,,906.1376,600 - 1200,50 - 100mm,34.34381486881719,-2.977252941241403,13.102039356121878,10.061405200848455,18.66133909526198,,41.956193377561796,-3.637167292386497,16.00613382542401,12.291536740144975,22.79766399730861,
1996-04-25,1.0,26700,93.77406308573472,72.31718444824219,118.51759338378906,105.05337524414062,105.9465789794922,95.69260700389113,,756.0585599999999,600 - 1200,50 - 100mm,24.74353029805434,-21.456878637492537,11.2793121584059,12.172515893757478,1.9185439181564021,,26.386326329309306,-22.881464161230998,12.028178994540927,12.980685163048255,2.045921713344485,
1996-07-20,0.0,18600,43.344984675114745,21.676666259765625,31.463041305541992,35.51356887817383,23.44115447998047,28.511867704280164,,526.69248,< 600,20 - 50mm,-11.881943369572753,-21.66831841534912,-7.831415796940917,-19.903830195134276,-14.833116970834581,,-27.412498720744555,-49.99037046098981,-18.067640017962898,-45.919569113520716,-34.221068670375104,
1996-08-30,2.0,9640,0.4897629062143861,11.175798416137695,1.2458691596984863,3.0379581451416016,5.745591163635254,10.906614785992216,,272.973952,< 600,< 20mm,0.7561062534841002,10.68603550992331,2.5481952389272156,5.255828257420868,10.41685187977783,,154.38209874414753,2181.8793081984986,520.2915955035155,1073.137265140331,2126.917279280031,
1996-09-16,0.0,10600,37.63086419123765,30.25889015197754,46.08440017700195,48.87940979003906,38.1641960144043,42.01789883268485,,300.15808,< 600,20 - 50mm,8.453535985764304,-7.37197403926011,11.248545598801414,0.5333318231666482,4.387034641447201,,22.46436845777438,-19.59023317082544,29.89180780339517,1.4172723232086564,11.658075719846803,
1996-10-04,4.0,9250,6.790453138210531,38.03314971923828,27.05516242980957,17.836572647094727,26.47244644165039,43.025680933852165,,261.9304,< 600,< 20mm,20.26470929159904,31.24269658102775,11.046119508884196,19.68199330343986,36.235227795641634,,298.4294108086481,460.09737413873165,162.67131639163551,289.84801018193315,533.6201731772882,
1996-10-11,1.0,10200,8.778022958255768,14.41579246520996,11.831463813781738,5.969880104064941,8.38636302947998,16.106225680933846,,288.83136,< 600,< 20mm,3.05344085552597,5.637769506954191,-2.8081428541908267,-0.3916599287757876,7.328202722678078,,34.785063448190186,64.22595992018732,-31.99060731038253,-4.461823928216431,83.48352194483466,
1996-10-14,1.0,17800,48.80045893896606,50.58090972900391,55.00690460205078,66.46452331542969,64.96907806396484,80.71926070038913,,504.03904,< 600,20 - 50mm,6.206445663084722,1.780450790037854,17.664064376463628,16.168619124998784,31.91880176142307,,12.718006752450878,3.648430422067618,36.19651282082364,33.13210464930384,65.40676554157696,
1996-10-18,2.0,16100,57.0693134782766,44.26343536376953,51.94474029541016,56.59994125366211,53.333274841308594,57.10583657587551,,455.90048,< 600,50 - 100mm,-5.124573182866435,-12.805878114507067,-0.4693722246144887,-3.7360386369680043,0.03652309759890926,,-8.97955989047792,-22.43916622438715,-0.8224599106017895,-6.546493043744298,0.06399778685407133,
1996-10-24,1.0,21000,68.9199617733862,36.08650970458984,57.37599182128906,64.07299041748047,60.06607055664063,57.20350194552529,,594.6528,< 600,50 - 100mm,-11.543969952097143,-32.83345206879637,-4.846971355905737,-8.853891216745573,-11.716459827860916,,-16.749820596323815,-47.63997428895147,-7.0327539818477085,-12.84662815957125,-17.000096236828277,
1996-10-28,2.0,16000,18.244864248001303,34.684593200683594,39.83699798583984,35.62553024291992,50.033790588378906,46.353891050583634,,453.0688,< 600,< 20mm,21.592133737838534,16.43972895268229,17.38066599491862,31.788926340377603,28.10902680258233,,118.34636555437193,90.10606343362208,95.2633341562004,174.23492939313064,154.06542038624175,
1996-11-08,2.0,19100,64.20704775968883,44.942970275878906,92.17942810058594,60.89283752441406,76.99102783203125,68.86128404669262,,540.85088,< 600,50 - 100mm,27.972380340897104,-19.264077483809928,-3.3142102352747713,12.783980072342416,4.6542362870037834,,43.56590330331155,-30.00305753958759,-5.1617545906783375,19.91055580096083,7.248793472678332,
1996-11-13,2.0,25500,20.652577451642166,26.53683090209961,28.35775184631348,26.03375244140625,34.096656799316406,34.706225680933834,,722.0784,600 - 1200,20 - 50mm,7.705174394671314,5.884253450457443,5.381174989764084,13.44407934767424,14.053648229291667,,37.30853648999944,28.49161788273339,26.05570661755928,65.09637539989106,68.04791441745304,
1996-11-19,0.0,16400,30.067766742300005,31.4603271484375,30.87823867797852,23.863082885742188,24.46189308166504,26.049805447470817,,464.39552,< 600,20 - 50mm,0.8104719356785139,1.3925604061374948,-6.204683856557818,-5.605873660634966,-4.017961294829188,,2.6954843125689276,4.6314061768292545,-20.635665793658465,-18.644130469285894,-13.363018707926289,
1996-11-30,1.0,23000,81.99703439847917,39.00228118896485,68.6206283569336,55.324012756347656,53.57646179199219,50.537548638132265,,651.2864,600 - 1200,50 - 100mm,-13.376406041545579,-42.99475320951432,-26.673021642131516,-28.420572606486985,-31.459485760346908,,-16.313280278577583,-52.434522205490595,-32.52925162208821,-34.66048841275424,-38.36661409907088,
1996-12-04,1.0,19300,36.665971358461405,52.322242736816406,60.342262268066406,73.69277954101562,63.64371109008789,60.913424124513625,,546.51424,< 600,20 - 50mm,23.676290909605,15.656271378355001,37.02680818255422,26.977739731626485,24.24745276605222,,64.57292697399444,42.69973165388949,100.9841190911462,73.57704905150653,66.13067066735881,
1996-12-10,1.0,17300,53.3294397906808,30.67734146118164,30.37391471862793,35.673179626464844,40.50713348388672,39.67723735408561,,489.88063999999997,< 600,50 - 100mm,-22.955525072052872,-22.65209832949916,-17.656260164215958,-12.822306306794083,-13.65220243659519,,-43.04475194593043,-42.475785266841605,-33.10790481489616,-24.04357960091445,-25.599748450725112,
1996-12-16,1.0,14400,30.40847994013241,10.060752868652344,22.94569969177246,18.198633193969727,20.92650604248047,11.150972762645916,,407.76192,< 600,20 - 50mm,-7.462780248359948,-20.347727071480065,-12.209846746162683,-9.48197389765194,-19.257507177486495,,-24.541773423244162,-66.91464720216285,-40.15276912953617,-31.182005533719064,-63.32939763973826,
1996-12-22,0.0,12700,53.69464435130642,29.029949188232425,60.00624847412109,40.83014678955078,42.697509765625,31.113813229572,,359.62336,< 600,50 - 100mm,6.311604122814664,-24.664695163073997,-12.864497561755641,-10.997134585681422,-22.580831121734423,,11.754625063758523,-45.9351122650166,-23.95862328016824,-20.480877969375832,-42.0541590218858,
1996-12-30,3.0,14200,93.97340917380092,100.17935943603516,109.70184326171876,101.24916076660156,105.28395080566406,122.5511673151752,,402.09856,< 600,50 - 100mm,15.728434087917847,6.205950262234239,7.2757515928006455,11.310541631863146,28.57775814137429,,16.73711130222869,6.603942877879981,7.742351434057658,12.035895825535762,30.41047291209858,
1997-01-01,4.0,38300,137.63725630867776,,,124.90237426757812,139.00521850585938,,,1084.53344,600 - 1200,> 100mm,,,-12.734882041099638,1.3679621971816118,,,,,-9.25249629543562,0.9938894699511418,,
1997-01-07,1.0,23400,58.05754113483134,60.19310760498047,51.82490539550781,64.5727767944336,66.48043060302734,78.6737354085603,,662.61312,600 - 1200,50 - 100mm,-6.232635739323527,2.1355664701491293,6.515235659602254,8.422889468196004,20.616194273728965,,-10.73527334691804,3.6783618947787415,11.222031681416611,14.507830169098796,35.50993354308693,
1997-01-17,2.0,19700,23.41144742483289,43.08969497680664,50.52996826171875,48.77228927612305,46.526981353759766,71.47859922178992,,557.84096,< 600,20 - 50mm,27.11852083688586,19.67824755197375,25.360841851290157,23.115533928926876,48.067151796957035,,115.83444775875249,84.05395529325847,108.32667195275383,98.73603075223733,205.31473737916542,
1997-01-20,3.0,47600,126.68140732854548,71.7983627319336,100.52468872070312,77.24579620361328,102.29405212402344,95.84396887159537,,1347.87968,1200 - 1700,> 100mm,-26.15671860784235,-54.88304459661188,-49.435611124932194,-24.387355204522038,-30.83743845695011,,-20.64763816524825,-43.32367768402975,-39.02357273054444,-19.250934859978276,-24.34251332318553,
1997-01-28,1.0,20000,19.50799429736632,20.69775390625,39.98412704467773,16.662967681884766,21.23555564880371,32.22684824902724,,566.336,< 600,< 20mm,20.476132747311407,1.18975960888368,-2.8450266154815544,1.7275613514373909,12.718853951660922,,104.96277800366074,6.098831026643798,-14.583901205392744,8.855658480844546,65.1981631621557,
1997-01-30,4.0,30300,79.90170361526154,71.48770141601562,122.88704681396484,77.17900085449219,106.5805206298828,103.274513618677,,857.99904,600 - 1200,50 - 100mm,42.985343198703305,-8.414002199245914,-2.7227027607693515,26.67881701462126,23.372810003415466,,53.79778059011615,-10.530441553237178,-3.4075653428862616,33.389547165456804,29.251954521469266,
1997-02-20,0.0,26200,71.49575912952423,52.0781135559082,63.568973541259766,62.77983474731445,63.78102493286133,68.0490272373541,,741.90016,600 - 1200,50 - 100mm,-7.926785588264465,-19.417645573616028,-8.715924382209778,-7.714734196662903,-3.446731892170135,,-11.087071016203943,-27.1591571444655,-12.190827104052007,-10.790478051553547,-4.820889985832466,
1997-03-20,4.0,73800,174.4535870009581,128.30746459960938,150.83644104003906,173.7827911376953,168.042236328125,160.8529182879378,,2089.77984,> 1700,> 100mm,-23.617145960919032,-46.14612240134872,-0.6707958632627822,-6.411350672833095,-13.600668713020298,,-13.537781805993665,-26.451804858042433,-0.38451250833787565,-3.675103953464645,-7.796153089672845,
1997-03-28,0.0,21600,39.98979543636679,25.69859504699707,54.715518951416016,36.78238677978516,49.38585662841797,34.44844357976654,,611.64288,600 - 1200,20 - 50mm,14.725723515049225,-14.29120038936972,-3.2074086565816273,9.396061192051178,-5.541351856600251,,36.82370303314337,-35.737118015795794,-8.020567801316643,23.496147178353365,-13.85691473570514,
1997-04-16,2.0,20600,36.66189097759828,26.46864891052246,45.36534118652344,31.186397552490234,56.00650024414063,33.75175097276264,,583.32608,< 600,20 - 50mm,8.703450208925155,-10.193242067075822,-5.4754934251080485,19.34460926654235,-2.9101400048356396,,23.73977440018921,-27.803372371884077,-14.93510912585979,52.764897692709276,-7.937779332260407,
1997-04-22,0.0,25800,60.35789676962343,25.71756172180176,38.52301025390625,44.77846145629883,31.47778511047364,40.44805447470817,,730.57344,600 - 1200,50 - 100mm,-21.83488651571718,-34.640335047821665,-15.579435313324602,-28.88011165914979,-19.909842294915258,,-36.17569147423658,-57.391554215413365,-25.81175976490508,-47.84810804355993,-32.986308934699935,
1997-05-06,1.0,23900,26.06320264697187,22.75283432006836,48.97037506103516,31.854103088378903,48.71743392944336,26.24688715953308,,676.77152,600 - 1200,20 - 50mm,22.907172414063293,-3.310368326903511,5.790900441407032,22.65423128247149,0.18368451256121077,,87.89085794383271,-12.701310624571777,22.218683251806134,86.92036657706589,0.7047656999380771,
1997-05-24,0.0,24200,6.258311666020265,8.708977699279785,11.821624755859377,4.704205513000488,7.000903129577637,8.590661478599221,,685.26656,600 - 1200,< 20mm,5.563313089839112,2.4506660332595205,-1.5541061530197764,0.742591463557372,2.332349812578957,,88.8947912269267,39.15858084482278,-24.832674305082207,11.865683640993783,37.26803548699143,
1997-05-31,2.0,40300,30.55656594805861,41.77587127685547,26.99714469909668,36.309364318847656,42.76647186279297,53.22723735408559,,1141.16704,600 - 1200,20 - 50mm,-3.559421248961929,11.21930532879686,5.752798370789048,12.20990591473436,22.67067140602698,,-11.648629806806134,36.716512411335515,18.826717572150965,39.95837076551499,74.19247125008609,
1997-06-06,0.0,32700,20.45573805426657,8.295639991760254,8.708187103271484,7.996755123138428,8.02660083770752,11.3704280155642,,925.95936,600 - 1200,20 - 50mm,-11.747550950995084,-12.160098062506314,-12.45898293112814,-12.429137216559049,-9.085310038702369,,-57.42912291812825,-59.44590231966729,-60.90703204194337,-60.76112816651283,-44.41448171950655,
1997-06-17,2.0,42700,9.80305735848089,30.220928192138672,28.88258934020996,9.29012680053711,22.35797119140625,35.84027237354086,,1209.12736,1200 - 1700,< 20mm,19.07953198172907,20.41787083365778,-0.5129305579437808,12.55491383292536,26.03721501505997,,194.6283825955874,208.28064232424111,-5.232352919979916,128.07141051830902,265.60300590850335,
1997-06-24,0.0,33700,32.187380484766535,15.72896957397461,37.66435623168945,46.96218490600586,55.30979537963867,22.02101167315176,,954.27616,600 - 1200,20 - 50mm,5.476975746922918,-16.458410910791926,14.774804421239324,23.122414894872136,-10.166368811614774,,17.015910162416077,-51.13311696359158,45.902475438260225,71.83689553679395,-31.584952420798135,
1997-07-09,2.0,62200,71.14888911150364,61.08953475952149,56.03010559082031,52.05020523071289,49.490699768066406,65.10856031128405,,1761.30496,> 1700,50 - 100mm,-15.118783520683323,-10.059354351982144,-19.098683880790745,-21.65818934343723,-6.040328800219584,,-21.249500462318334,-14.138455958486226,-26.84326363952012,-30.440657069845166,-8.489702194440811,
1997-08-07,0.0,16900,2.437474185411674,2.572488307952881,0.0930765569210052,0.0412628203630447,0.1397189348936081,3.292607003891051,,478.55392,< 600,< 20mm,-2.3443976284906687,0.13501412254120693,-2.396211365048629,-2.297755250518066,0.8551328184793769,,-96.18143414695137,5.539099587157429,-98.30714841576565,-94.26788042598243,35.0827435874957,
1997-08-27,4.0,11400,20.60855253999113,21.437480926513672,32.80324172973633,21.079797744750977,16.859914779663086,18.55272373540856,,322.81152,< 600,20 - 50mm,12.194689189745198,0.8289283865225414,0.4712452047598461,-3.7486377603280445,-2.0558288045825712,,59.172953394379654,4.022254279692843,2.2866487291884736,-18.18971882209471,-9.9756098862024,
1997-09-04,0.0,9460,6.376952194022665,5.955190658569336,1.0729643106460571,0.0016134281177073,0.3530131876468658,5.95,,267.876928,< 600,< 20mm,-5.303987883376608,-0.42176153545332884,-6.375338765904957,-6.023939006375799,-0.4269521940226646,,-83.17433974725759,-6.6138418890557205,-99.97469907145894,-94.46423343148538,-6.695239058289655,
1997-09-15,2.0,9630,38.16208797405486,35.391693115234375,29.030502319335938,28.79063415527344,26.25658798217773,39.31108949416343,,272.690784,< 600,20 - 50mm,-9.131585654718926,-2.770394858820488,-9.371453818781422,-11.905499991877132,1.1490015201085697,,-23.928422524803118,-7.259547383004797,-24.556973468413894,-31.197192354808482,3.0108455304902018,
1997-09-17,1.0,20300,80.77235764662854,71.72502136230469,82.73208618164062,91.26603698730467,84.46298217773438,95.52762645914392,,574.83104,< 600,50 - 100mm,1.9597285350120899,-9.047336284323848,10.493679340676138,3.69062453110584,14.755268812515382,,2.4262366385115532,-11.2010303375136,12.991671465855928,4.5691677680772615,18.26772084215778,
1997-09-28,3.0,22200,69.41398088802116,49.75740051269531,58.82318878173828,73.46043395996094,74.06940460205078,68.24299610894934,,628.63296,600 - 1200,50 - 100mm,-10.590792106282876,-19.656580375325845,4.04645307193978,4.655423714029624,-1.1709847790718158,,-15.25743369101388,-28.317898100435844,5.8294496586610265,6.706752234164133,-1.6869581085701624,
1997-10-02,4.0,19400,37.0803957853193,49.34041595458984,74.7421875,39.66121673583984,73.33837890625,53.99163424124512,,549.34592,< 600,20 - 50mm,37.6617917146807,12.26002016927054,2.5808209505205397,36.2579831209307,16.911238455925826,,101.56793345121626,33.06334765208863,6.96006851022428,97.78208229181253,45.60695240103464,
1997-10-04,1.0,35600,84.79504392662194,81.47932434082031,79.3720474243164,96.8896026611328,107.46247100830078,105.55525291828796,,1008.07808,600 - 1200,50 - 100mm,-5.422996502305537,-3.315719585801631,12.094558734510855,22.667427081678838,20.76020899166602,,-6.395416820584904,-3.9102752145171538,14.263284945022232,26.732018797341826,24.48280940762414,
1997-10-10,1.0,19900,20.78503822071084,29.37032699584961,24.285144805908203,33.795166015625,38.795692443847656,28.3760700389105,,563.50432,< 600,20 - 50mm,3.5001065851973614,8.585288775138768,13.010127794914158,18.010654223136815,7.5910318181996566,,16.83954846765569,41.30513826327308,62.59371600265076,86.65201397219685,36.52161587384392,
1997-10-15,2.0,16000,12.324078405340048,6.680546283721924,20.27680397033692,4.94683313369751,12.888812065124512,5.757587548638131,,453.0688,< 600,< 20mm,7.952725564996873,-5.643532121618124,-7.377245271642538,0.5647336597844639,-6.5664908567019165,,64.52998190559175,-45.79273139947544,-59.86042143683509,4.5823601669051675,-53.28180039699069,
1997-10-22,0.0,11900,0.5543154873422224,2.9533190727233887,2.042965173721313,1.645105004310608,3.7456321716308594,2.8842412451361854,,336.96992,< 600,< 20mm,1.4886496863790906,2.399003585381166,1.0907895169683854,3.191316684288637,2.329925757793963,,268.5563943949541,432.7866783740202,196.78135319624502,575.7220855563769,420.32485308416386,
1997-10-28,1.0,14200,20.38602102956005,37.41948699951172,19.035280227661133,24.838565826416016,25.610898971557617,48.91575875486379,,402.09856,< 600,20 - 50mm,-1.3507408018989189,17.033465969951667,4.452544796855964,5.2248779419975655,28.529737725303736,,-6.62581874089271,83.5546374903316,21.841166505222887,25.629709370069865,139.94755368855533,
1997-10-31,3.0,46500,141.05090245234123,106.94790649414062,118.97330474853516,146.29519653320312,152.9570770263672,154.12140077821007,,1316.7312,1200 - 1700,> 100mm,-22.077597703806077,-34.10299595820061,5.244294080861891,11.906174574025954,13.07049832586884,,-15.652220099240932,-24.177793523670253,3.7180152623510168,8.441048137248787,9.266511662543348,
1997-11-03,1.0,24500,32.686608043547594,24.462684631347656,30.33650588989257,30.16352844238281,26.532760620117188,39.8058365758755,,693.7616,600 - 1200,20 - 50mm,-2.3501021536550226,-8.223923412199937,-2.5230796011647847,-6.153847423430406,7.119228532327909,,-7.189801249869785,-25.159916872510596,-7.719000998217207,-18.826815603600657,21.780260964499988,
1997-11-06,1.0,27300,34.59928488232223,15.398484230041504,40.16183471679688,8.569650650024414,18.66659164428711,15.3784046692607,,773.04864,600 - 1200,20 - 50mm,5.562549834474652,-19.200800652280726,-26.029634232297816,-15.932693238035121,-19.22088021306153,,16.077065908713966,-55.49479047785455,-75.23171164036718,-46.0491981040209,-55.55282508998338,
1997-11-16,0.0,17100,0.0193862332548433,2.929638385772705,0.0057194251567125,0.0291635505855083,0.0564204640686512,3.222568093385213,,484.21728,< 600,< 20mm,-0.013666808098130798,2.9102521525178617,0.009777317330665003,0.0370342308138079,3.20318186013037,,-70.49749127885065,15011.952627727658,50.43433245714362,191.0336594374545,16522.97183275721,
1997-11-22,2.0,16800,45.91595799152973,31.345870971679688,42.154335021972656,38.255821228027344,39.40956115722656,38.14241245136186,,475.72224,< 600,20 - 50mm,-3.7616229695570738,-14.570087019850043,-7.660136763502386,-6.5063968343031675,-7.7735455401678735,,-8.192408770499775,-31.732076727088725,-16.6829509795167,-14.170229956877789,-16.929943052918304,
1997-11-28,2.0,15800,17.619885269155144,25.592981338500977,70.02252197265625,42.9056396484375,58.32090377807617,40.79007782101166,,447.40544,< 600,< 20mm,52.4026367035011,7.973096069345832,25.285754379282356,40.701018508921024,23.170192551856513,,297.4062311020584,45.25055610494412,143.50691842214692,230.9947987015048,131.50024644268015,
1997-11-29,1.0,21700,34.338286786610624,34.39716339111328,84.02140045166016,50.049110412597656,75.0827407836914,51.70856031128403,,614.47456,600 - 1200,20 - 50mm,49.68311366504953,0.058876604502657415,15.710823625987032,40.74445399708078,17.370273524673408,,144.68722325547776,0.17146051830872036,45.75307942303366,118.65604784036019,50.58573141000885,
1997-12-07,0.0,12600,0.0673193115359047,5.331728935241699,0.2689932584762573,0.1622748225927353,0.4720957279205322,3.214007782101166,,356.79168,< 600,< 20mm,0.20167394694035262,5.264409623705794,0.09495551105683059,0.4047764163846275,3.1466884705652616,,299.57814828927656,7820.058618540722,141.052409613824,601.2783065506253,4674.273100501002,
1997-12-13,1.0,10700,0.7631300182660942,0.0,0.0470637828111648,0.0026033639442175,0.074668101966381,3.868677042801555,,302.98976,< 600,< 20mm,-0.7160662354549294,-0.7631300182660942,-0.7605266543218767,-0.6884619162997132,3.105547024535461,,-93.83279628835749,-100.0,-99.65885709094073,-90.21554647581101,406.9486129757504,
1997-12-16,2.0,15900,46.46631359162716,80.41574096679688,92.62225341796876,93.73745727539062,110.23822021484376,102.18852140077814,,450.23712,< 600,20 - 50mm,46.1559398263416,33.94942737516971,47.27114368376346,63.7719066232166,55.72220780915098,,99.3320456449089,73.06245051745856,101.73207218289278,137.24330960205066,119.91957937285487,
1997-12-19,2.0,20800,85.74907072478314,34.32110595703125,37.12258529663086,49.76699447631836,42.25446319580078,44.25486381322957,,588.98944,< 600,50 - 100mm,-48.62648542815228,-51.42796476775189,-35.98207624846478,-43.49460752898236,-41.49420691155357,,-56.70788618132311,-59.9749528864436,-41.96205969852599,-50.723124065776695,-48.39027007619914,
1997-12-29,3.0,24800,79.076108946627,56.24478530883789,96.57546997070312,62.24851989746094,83.57560729980469,70.53073929961093,,702.25664,600 - 1200,50 - 100mm,17.499361024076123,-22.83132363778911,-16.827589049166065,4.499498353177685,-8.545369647016074,,22.12976998639051,-28.87259368464789,-21.280244151269468,5.690085682155472,-10.806512562199835,
1998-01-07,0.0,19600,61.8639540745241,55.55817413330078,52.64201354980469,56.7608757019043,77.45025634765625,58.24922178988329,,555.00928,< 600,50 - 100mm,-9.221940524719415,-6.305779941223321,-5.103078372619805,15.586302273132148,-3.6147322846408088,,-14.906807465960306,-10.192979151683538,-8.248871978781711,25.194481190704664,-5.843034669730842,
1998-01-14,1.0,18000,48.88985659717872,76.06413269042969,88.5827865600586,90.94467163085938,80.22267150878906,88.25817120622571,,509.7024,< 600,20 - 50mm,39.69292996287987,27.174276093250967,42.054815033680654,31.332814911610342,39.36831460904699,,81.18847696757292,55.58264634962973,86.01950989585742,64.08858011135679,80.52450415925092,
1998-01-18,1.0,22800,48.28803633982547,39.067481994628906,56.427032470703125,39.28780746459961,29.57866096496582,49.29046692607003,,645.62304,600 - 1200,20 - 50mm,8.138996130877658,-9.220554345196561,-9.000228875225858,-18.709375374859647,1.0024305862445644,,16.855098587152604,-19.094904336774462,-18.638630926896766,-38.745363847875346,2.075939843960504,
1998-01-24,3.0,24300,61.000068832765805,53.47199249267578,124.392822265625,82.12815856933594,100.55410766601562,70.03910505836575,,688.09824,600 - 1200,50 - 100mm,63.392753432859195,-7.528076340090024,21.128089736570132,39.55403883324982,9.039036225599943,,103.92242934455211,-12.34109482848053,34.63617359923586,64.8426134430911,14.81807545230946,
1998-01-25,1.0,24700,69.09157936032827,54.30008316040039,129.1401824951172,83.36721801757812,107.75623321533205,71.62782101167315,,699.4249599999999,600 - 1200,50 - 100mm,60.04860313478892,-14.791496199927877,14.275638657249857,38.66465385500378,2.5362416513448807,,86.91160875281462,-21.408536809944476,20.661908136155294,55.961456103585114,3.6708404625081807,
1998-01-28,2.0,18000,19.00397704722138,9.829341888427734,37.4018440246582,21.85110282897949,16.7844295501709,19.557976653696493,,509.7024,< 600,< 20mm,18.397866977436824,-9.174635158793645,2.847125781758109,-2.219547497050481,0.5539996064751129,,96.81061459778401,-48.277448115183304,14.981736584313518,-11.679384223288181,2.9151772026377745,
1998-02-06,1.0,14200,8.907760990233326,9.494373321533203,10.56537628173828,7.716067314147949,16.367725372314453,9.710700389105057,,402.09856,< 600,< 20mm,1.6576152915049533,0.586612331299877,-1.191693676085377,7.459964382081127,0.8029393988717306,,18.608663763232993,6.585407174070479,-13.378150551995919,83.74679552202178,9.013930658356143,
1998-02-13,2.0,18100,47.90982415639648,42.46863555908203,55.57518768310547,60.367767333984375,71.89048767089844,44.588132295719845,,512.53408,< 600,20 - 50mm,7.665363526708987,-5.441188597314451,12.457943177587893,23.980663514501956,-3.321691860676637,,15.999565144898527,-11.357145832037025,26.002898981470423,50.05374980342163,-6.933216556657211,
1998-02-19,2.0,12900,14.029611866401437,16.321775436401367,37.113990783691406,30.9879093170166,37.7275390625,20.963424124513622,,365.28672,< 600,< 20mm,23.084378917289968,2.2921635699999303,16.958297450615163,23.69792719609856,6.9338122581121855,,164.54039596471785,16.33803979630596,120.87502927452638,168.9136336896897,49.42269482677209,
1998-03-03,0.0,14900,49.07627154946555,28.397071838378903,24.29368782043457,32.746551513671875,27.30374336242676,34.831517509727625,,421.92032,< 600,20 - 50mm,-24.782583729030982,-20.67919971108665,-16.329720035793677,-21.77252818703879,-14.244754039737927,,-50.498098055496776,-42.13685974543404,-33.2741659466417,-44.364674616924724,-29.025746231312993,
1998-03-11,1.0,12300,30.524149124754548,16.698381423950195,44.92838287353516,32.44450759887695,40.34273147583008,16.850194552529175,,348.29663999999997,< 600,20 - 50mm,14.404233748780616,-13.825767700804352,1.9203584741224056,9.81858235107553,-13.673954572225373,,47.18963234621022,-45.29452285237297,6.291276019763083,32.16660458231359,-44.79716868220918,
1998-03-24,1.0,21000,54.01188338908365,45.611793518066406,50.96915817260742,41.73766326904297,32.31752014160156,57.28190661478598,,594.6528,< 600,50 - 100mm,-3.042725216476228,-8.400089871017244,-12.274220120040681,-21.694363247482087,3.2700232257023316,,-5.633436617193011,-15.552299501400068,-22.72503632510142,-40.16590773405013,6.05426624757032,
1998-05-27,0.0,15800,48.75070743989306,49.02458953857422,63.741661071777344,78.01153564453125,49.95781326293945,66.08287937743191,,447.40544,< 600,20 - 50mm,14.990953631884281,0.2738820986811561,29.260828204638187,1.2071058230463905,17.332171937538845,,30.75022788206161,0.5618012805636465,60.02134069688153,2.476078576982058,35.55265727970914,
1998-06-15,1.0,17200,5.56776481896597,13.1638765335083,21.00427627563477,8.290362358093262,11.34370231628418,13.2466926070039,,487.04895999999997,< 600,< 20mm,15.4365114566688,7.596111714542331,2.7225975391272916,5.77593749731821,7.678927788037931,,277.24790752809895,136.4301826949842,48.89929132518433,103.7388913706111,137.91760316241303,
1998-06-27,0.0,16500,18.86140915538437,10.725457191467283,12.440131187438965,12.550371170043944,21.1688289642334,9.686964980544754,,467.2272,< 600,< 20mm,-6.421277967945404,-8.135951963917085,-6.311037985340425,2.30741980884903,-9.174444174839614,,-34.04452930873577,-43.135440713317614,-33.46005557351908,12.23354941213568,-48.64135070321925,
1998-07-16,3.0,14900,16.461980908938386,10.860838890075684,6.008217811584473,9.52610683441162,11.05380916595459,10.216147859922184,,421.92032,< 600,< 20mm,-10.453763097353914,-5.601142018862703,-6.935874074526767,-5.4081717429837965,-6.245833049016202,,-63.50246155174326,-34.02471458232249,-42.13268204412013,-32.85249674932689,-37.9409567023911,
1998-10-04,0.0,6160,22.65293880604763,18.708311080932617,25.752275466918945,27.288803100585938,24.56705665588379,24.531906614786003,,174.431488,< 600,20 - 50mm,3.099336660871316,-3.944627725115012,4.635864294538308,1.9141178498361597,1.8789678087383734,,13.681830368269434,-17.413315591802682,20.46473675769025,8.449755090165828,8.294587403541422,
1998-10-13,2.0,5900,27.13073615344748,38.406036376953125,39.09168243408203,30.962602615356445,32.76306915283203,47.82626459143965,,167.06912,< 600,20 - 50mm,11.960946280634552,11.275300223505646,3.831866461908966,5.632332999384552,20.695528437992174,,44.086331506027655,41.55913853473859,14.123709877374832,20.75997115422486,76.28074786080735,
1998-10-19,0.0,7730,18.14725239114635,10.405624389648438,22.37801551818848,19.699604034423828,21.4829044342041,17.353307392996104,,218.88886399999998,< 600,< 20mm,4.230763127042131,-7.7416280014979115,1.552351643277479,3.3356520430577525,-0.7939449981502449,,23.313518960623643,-42.66005582902944,8.554196579284024,18.38103075419365,-4.3750149115553905,
1998-11-15,4.0,33900,149.4906445041897,109.284423828125,185.24008178710932,144.22178649902344,178.44210815429688,150.41964980544742,,959.93952,600 - 1200,> 100mm,35.749437282919615,-40.2062206760647,-5.2688580051662655,28.951463650107172,0.9290053012577175,,23.914163592971654,-26.89547617472334,-3.524540296579294,19.36673946796434,0.6214471175362956,
1998-11-21,2.0,35500,102.11311872447637,95.45201873779295,131.63282775878906,120.10993957519533,109.0339584350586,116.69241245136196,,1005.2464,600 - 1200,> 100mm,29.519709034312697,-6.661099986683411,17.99682085071896,6.920839710582229,14.579293726885595,,28.908831111077276,-6.523255845956995,17.624396429687295,6.777620541838679,14.277591272306287,
1998-11-23,2.0,24000,106.8071243612534,57.2486572265625,96.00487518310548,81.575927734375,69.1172866821289,72.21692607003888,,679.6032,600 - 1200,> 100mm,-10.802249178147918,-49.5584671346909,-25.2311966268784,-37.689837679124494,-34.59019829121452,,-10.113790856882828,-46.39996388917789,-23.623140102095626,-35.287756228363826,-32.38566574849464,
1998-11-26,3.0,41500,124.8144147573876,97.09683227539062,133.6228790283203,142.8437042236328,147.8061065673828,123.06459143968864,,1175.1471999999999,600 - 1200,> 100mm,8.808464270932717,-27.71758248199697,18.029289466245217,22.991691809995217,-1.7498233176989544,,7.057249187166787,-22.207036371459175,14.444877621939966,18.420702332087306,-1.401940089291958,
1998-12-02,1.0,19500,64.69936131838404,73.41384887695312,103.73838806152344,79.85635375976562,78.73081970214844,89.15311284046703,,552.1776,< 600,50 - 100mm,39.0390267431394,8.71448755856909,15.15699244138159,14.031458383764402,24.453751522082996,,60.33912228442143,13.46920182980679,23.42680380845552,21.687166763078118,37.79597050695239,
1998-12-13,3.0,43600,105.23028299480278,91.2429428100586,106.97813415527344,116.8303451538086,134.91021728515625,111.31478599221796,,1234.61248,1200 - 1700,> 100mm,1.7478511604706597,-13.987340184744184,11.600062159005816,29.679934290353472,6.084502997415186,,1.6609773448551728,-13.292124459491387,11.023501817987825,28.2047462438349,5.782083659050592,
1998-12-15,1.0,31200,89.5609160041295,48.94156265258789,76.69083404541016,82.36967468261719,88.6805648803711,55.11945525291833,,883.48416,600 - 1200,50 - 100mm,-12.87008195871934,-40.619353351541605,-7.191241321512308,-0.8803511237584019,-34.44146075121117,,-14.370199114673998,-45.3538833274871,-8.029441459911746,-0.9829635102412424,-38.45590497268154,
1998-12-27,2.0,16500,86.1878871675545,101.95270538330078,86.62077331542969,102.34510040283205,91.0755386352539,128.0854085603113,,467.2272,< 600,50 - 100mm,0.4328861478751804,15.764818215746274,16.15721323527754,4.887651467699399,41.897521392756786,,0.502258684023224,18.291222506822223,18.74650112244535,5.670926191980443,48.61184415775902,
1998-12-30,3.0,46200,140.8912580797367,80.24247741699219,95.735595703125,88.9009780883789,96.091552734375,89.74143968871603,,1308.23616,1200 - 1700,> 100mm,-45.1556623766117,-60.648780662744514,-51.990279991357795,-44.7997053453617,-51.14981839102067,,-32.05001005176352,-43.04651792407208,-36.900997762355246,-31.79736341058686,-36.30446564830353,
1999-01-11,1.0,27100,55.10545886087144,43.46769714355469,105.27357482910156,31.721410751342773,78.95787048339844,41.61245136186769,,767.38528,600 - 1200,50 - 100mm,50.168115968230126,-11.63776171731675,-23.384048109528663,23.852411622527,-13.493007499003745,,91.04019276001864,-21.119072334919505,-42.43508464119315,43.285024960501346,-24.485791023118917,
1999-01-13,3.0,18800,48.2470305690606,42.48127746582031,75.36360168457031,16.42978858947754,36.20857238769531,23.50077821011673,,532.35584,< 600,20 - 50mm,27.116571115509714,-5.765753103240286,-31.81724197958306,-12.038458181365286,-24.746252358943867,,56.203606306288975,-11.950482828134284,-65.94652894552753,-24.951707989849215,-51.29072622100998,
1999-01-17,1.0,26900,78.33634031183632,54.77641296386719,42.89165496826172,41.927433013916016,49.487701416015625,61.30544747081712,,761.72192,600 - 1200,50 - 100mm,-35.444685343574605,-23.559927347969136,-36.40890729792031,-28.8486388958207,-17.030892841019202,,-45.24679759416722,-30.075348496219345,-46.47767198848713,-36.82663599165071,-21.740730768406728,
1999-01-29,2.0,20600,84.71590613238344,92.202392578125,96.26603698730467,103.5025634765625,105.7051010131836,107.50700389105052,,583.32608,< 600,50 - 100mm,11.550130854921235,7.486486445741562,18.786657344179062,20.989194880800156,22.791097758667078,,13.633957756259058,8.837167407549906,22.17606846442936,24.775978725885153,26.902973478265107,
1999-02-01,2.0,18900,59.69623707249106,55.525367736816406,43.54926300048828,43.432861328125,61.95717239379883,47.39105058365759,,535.18752,< 600,50 - 100mm,-16.146974072002777,-4.170869335674652,-16.26337574436606,2.2609353213077696,-12.30518648883347,,-27.048562629492018,-6.986821180386682,-27.24355259547921,3.787400064366274,-20.613001911478754,
1999-02-05,1.0,21100,69.14842644886578,55.1982650756836,58.32779312133789,50.94953155517578,63.7747802734375,60.56264591439693,,597.48448,< 600,50 - 100mm,-10.820633327527887,-13.950161373182176,-18.198894893689996,-5.373646175428277,-8.585780534468846,,-15.648415854451269,-20.174228235689657,-26.31859584996891,-7.771176368564232,-12.416451068221923,
1999-02-12,1.0,16300,9.780072650204842,11.325679779052734,18.56270217895508,8.017790794372559,11.90812873840332,6.2354085603112805,,461.56383999999997,< 600,< 20mm,8.78262952875024,1.5456071288478928,-1.762281855832283,2.1280560881984787,-3.544664089893561,,89.80127083786326,15.803636477235376,-18.0191080256993,21.759103069177172,-36.24373986444077,
1999-02-16,1.0,14700,12.460403427741417,19.09485626220703,26.09542655944824,21.76876640319824,22.733991622924805,25.063618677042825,,416.25696,< 600,< 20mm,13.635023131706822,6.634452834465614,9.308362975456822,10.273588195183388,12.603215249301408,,109.4268192099645,53.244285973076074,74.70354414635565,82.44988418521524,101.14612518276928,
1999-02-24,1.0,18900,88.59980310764641,98.21565246582033,119.42486572265624,129.05447387695312,109.96247863769533,112.61887159533072,,535.18752,< 600,50 - 100mm,30.825062615009827,9.615849358173918,40.454670769306716,21.362675530048918,24.019068487684308,,34.791344375289626,10.853127231548038,45.660000756610444,24.111425511966246,27.109618357166976,
1999-03-02,1.0,22000,56.26879930245489,48.89499282836914,42.90467834472656,48.87191390991211,45.626895904541016,41.2270428015564,,622.9696,600 - 1200,50 - 100mm,-13.364120957728325,-7.373806474085747,-7.396885392542778,-10.641903397913872,-15.041756500898487,,-23.750499607951074,-13.10460959803001,-13.145625078621622,-18.912618591187154,-26.731966360338255,
1999-03-13,2.0,15400,29.711250470568565,36.49481201171875,56.26422882080078,35.43537902832031,40.135528564453125,38.58093385214008,,436.07872,< 600,20 - 50mm,26.552978350232216,6.783561541150185,5.724128557751747,10.42427809388456,8.869683381571512,,89.37011377738922,22.831625844458685,19.265862146805187,35.0852890025974,29.852945403148425,
1999-03-27,0.0,17400,41.81638048027944,35.976226806640625,55.694862365722656,44.441162109375,50.8580322265625,36.74669260700389,,492.71232,< 600,20 - 50mm,13.878481885443215,-5.840153673638817,2.6247816290955583,9.041651746283058,-5.069687873275555,,33.18910371017954,-13.966186471813424,6.276922103129902,21.622272522001495,-12.123688887101107,
1999-05-31,2.0,26100,3.601826006927693,11.66999340057373,3.747631311416626,4.11093807220459,4.745132923126221,14.749610894941627,,739.06848,600 - 1200,< 20mm,0.14580530448893292,8.068167393646037,0.5091120652768968,1.1433069161985276,11.147784888013934,,4.0480940558620375,224.00214163948667,14.1348322850043,31.742424925565803,309.5037035818074,
1999-06-05,1.0,27100,11.449762887702263,18.093002319335938,22.01365852355957,14.478819847106934,19.39055061340332,25.587159533073947,,767.38528,600 - 1200,< 20mm,10.563895635857307,6.643239431633674,3.02905695940467,7.940787725701057,14.137396645371684,,92.26300788467479,58.02075987764702,26.45519378098266,69.35329406890986,123.47327000593262,
1999-06-12,1.0,22500,0.4139254300080037,0.1840228736400604,1.4910361766815186,0.7330167889595032,0.9698851108551024,2.9233463035019462,,637.128,600 - 1200,< 20mm,1.0771107466735148,-0.2299025563679433,0.3190913589514995,0.5559596808470988,2.5094208734939425,,260.21854870155903,-55.542022717352225,77.08909282170208,134.3139707160173,606.2495057250819,
1999-06-23,1.0,29000,12.671724668928343,13.39796257019043,10.307936668395996,6.959596157073975,12.321252822875977,5.448832684824904,,821.1872,600 - 1200,< 20mm,-2.363788000532347,0.7262379012620865,-5.7121285118543685,-0.3504718460523666,-7.222891984103439,,-18.65403536054145,5.731168568102301,-45.07775114354223,-2.7657785756009976,-57.00007041515277,
1999-08-16,0.0,20800,25.77017400696888,20.239273071289062,12.182750701904297,18.57163619995117,12.561567306518556,16.526848249027235,,588.98944,< 600,20 - 50mm,-13.587423305064583,-5.530900935679817,-7.198537807017711,-13.208606700450323,-9.243325757941644,,-52.725384397444174,-21.462412066694338,-27.93360186497403,-51.25540361845595,-35.86830944735579,
1999-08-25,3.0,14800,0.687043976955326,2.464028596878052,2.5203747749328613,2.9886245727539062,5.609505653381348,2.021011673151752,,419.08864,< 600,< 20mm,1.8333307979775353,1.7769846199227262,2.30158059579858,4.922461676426021,1.3339676961964257,,266.8432967132677,258.6420490574029,334.9975653666544,716.4696644660487,194.16045274248359,
1999-09-05,1.0,9220,4.267424473450626,16.784381866455078,6.664557456970215,6.066985607147217,8.322288513183594,14.757392996108935,,261.080896,< 600,< 20mm,2.3971329835195885,12.516957393004452,1.7995611336965904,4.054864039732967,10.489968522658309,,56.172827391161164,293.31409309942114,42.169724265593636,95.01899951504512,245.81497781438534,
1999-09-11,0.0,10200,0.0639311663001102,0.0,4.569381417240948e-05,0.000276520528132,0.0163154210895299,0.0356031128404669,,288.83136,< 600,< 20mm,-0.06388547248593779,-0.0639311663001102,-0.0636546457719782,-0.0476157452105803,-0.0283280534596433,,-99.92852654375503,-100.0,-99.567471478881,-74.4797067944281,-44.31024037112627,
1999-09-25,1.0,8790,9.173665396460729,22.197614669799805,16.34328269958496,15.72841739654541,28.56544685363769,18.71653696498053,,248.904672,< 600,< 20mm,7.169617303124232,13.023949273339076,6.554752000084681,19.39178145717696,9.542871568519802,,78.15433627969826,141.97105203296184,71.45183213913117,211.3853145838354,104.02463089837042,
1999-10-01,0.0,8520,1.6407208418810606,0.0,0.1710559427738189,0.1716590970754623,0.6673128604888916,1.7330739299610902,,241.25913599999998,< 600,< 20mm,-1.4696648991072416,-1.6407208418810606,-1.4690617448055983,-0.973407981392169,0.09235308808002962,,-89.57434205701281,-100.0,-89.53758051377845,-59.32806828224185,5.628811783371281,
1999-10-08,2.0,19000,62.18458125024547,77.81310272216797,35.90282440185547,68.98101043701172,72.59136199951172,104.08346303501946,,538.0192,< 600,50 - 100mm,-26.281756848390003,15.628521471922497,6.796429186766247,10.406780749266247,41.89888178477399,,-42.26410521705693,25.132470393311205,10.92944432546037,16.73530727397986,67.37824866290082,
1999-10-13,2.0,13700,23.48692349734828,26.01165008544922,19.112138748168945,15.471914291381836,23.29474258422852,27.81322957198445,,387.94016,< 600,20 - 50mm,-4.374784749179334,2.5247265881009398,-8.015009205966443,-0.19218091311975982,4.326306074636172,,-18.626469957520218,10.749498921755276,-34.12541113301346,-0.8182464303656348,18.42006287083372,
1999-10-25,1.0,10800,16.656019109396315,17.354887008666992,14.809090614318848,13.11922836303711,14.267932891845703,23.1433852140078,,305.82144,< 600,< 20mm,-1.8469284950774671,0.6988678992706774,-3.5367907463592054,-2.3880862175506117,6.487366104611485,,-11.088654995811947,4.195887953060876,-21.23431009012209,-14.337676979509459,38.94907938086903,
1999-10-31,2.0,26300,96.62744543087416,63.9870491027832,76.06301879882812,73.8675308227539,86.4246597290039,74.213813229572,,744.73184,600 - 1200,50 - 100mm,-20.564426632046036,-32.64039632809096,-22.759914608120255,-10.202785701870255,-22.413632201302164,,-21.282179757879994,-33.77963288022699,-23.5542960973778,-10.5588900300269,-23.195927514545073,
1999-11-04,1.0,15800,22.67508220064176,18.3763484954834,19.97162437438965,12.319646835327148,19.07880401611328,21.58482490272374,,447.40544,< 600,20 - 50mm,-2.7034578262521123,-4.298733705158362,-10.355435365314612,-3.5962781845284795,-1.090257297918022,,-11.922593278076839,-18.957963050015746,-45.66878864510369,-15.860044751796737,-4.808173519596613,
1999-11-06,4.0,16300,38.1551185245777,29.979469299316406,66.60657501220703,49.34585571289063,49.38213348388672,42.34377431906616,,461.56383999999997,< 600,20 - 50mm,28.45145648762933,-8.175649225261296,11.19073718831293,11.227014959309017,4.1886557944884615,,74.56786294426595,-21.427398318773232,29.32958308360225,29.424662780374046,10.977965621546504,
1999-11-10,2.0,24800,52.72052964034097,56.792930603027344,66.26983642578125,54.123329162597656,60.801177978515625,40.01692607003889,,702.25664,600 - 1200,50 - 100mm,13.54930678544028,4.072400962686373,1.4027995222566858,8.080648338174655,-12.703603570302079,,25.70024785007575,7.724506924471852,2.660822134805118,15.327327690561482,-24.096122813951148,
1999-11-13,3.0,76800,134.5603595937871,123.52513122558594,72.8339614868164,124.34754180908205,104.16645050048828,153.75466926070038,,2174.73024,> 1700,> 100mm,-61.72639810697069,-11.03522836820116,-10.212817784705052,-30.393909093298817,19.194309666913284,,-45.87264651589168,-8.200950414754002,-7.589767012763391,-22.587565301588388,14.264460740783813,
1999-11-14,1.0,74400,129.90038636628802,64.7257080078125,67.62445068359375,87.37512969970703,78.04841613769531,122.07295719844356,,2106.76992,> 1700,> 100mm,-62.27593568269427,-65.17467835847552,-42.52525666658099,-51.851970228592705,-7.827429167844457,,-47.94130135001372,-50.17281332381762,-32.73682077177964,-39.91671747794695,-6.025716617788171,
1999-11-15,2.0,55900,68.30580323227672,25.154674530029297,8.407547950744629,19.996471405029297,10.908025741577148,52.87879377431906,,1582.90912,1200 - 1700,50 - 100mm,-59.89825528153209,-43.15112870224742,-48.30933182724742,-57.39777749069957,-15.42700945795766,,-87.6913123733361,-63.173444510285925,-70.72507684737933,-84.03060175650968,-22.585210520835943,
1999-11-20,2.0,29700,32.220088004268376,40.06563186645508,38.0700569152832,37.47404861450195,43.674224853515625,43.76595330739297,,841.00896,600 - 1200,20 - 50mm,5.849968911014827,7.845543862186702,5.253960610233577,11.454136849247249,11.545865303124593,,18.156278500045836,24.349852368954917,16.306475046056843,35.54967586596863,35.83436923448207,
1999-11-25,2.0,29000,58.66483173132598,60.9771728515625,64.92617797851562,71.64350128173828,62.37177658081055,64.59338521400777,,821.1872,600 - 1200,50 - 100mm,6.261346247189643,2.3123411202365176,12.978669550412299,3.7069448494845645,5.928553482681785,,10.673083110278819,3.94161382892328,22.123424149330543,6.31885363016412,10.105804973298921,
1999-11-30,2.0,22700,28.07528299937492,35.47080993652344,40.57316970825195,25.985578536987305,29.83118057250977,44.3375486381323,,642.7913599999999,600 - 1200,20 - 50mm,12.497886708877033,7.395526937148517,-2.0897044623876155,1.755897573134849,16.262265638757377,,44.51562147799291,26.341771647727203,-7.443217802770293,6.254247101174164,57.92378170905506,
1999-12-02,1.0,27900,64.19057360069246,60.12839889526367,84.13163757324219,85.32186889648438,79.78285217285156,98.26731517509728,,790.03872,600 - 1200,50 - 100mm,19.941063972549728,-4.062174705428788,21.131295295791915,15.592278572159103,34.07674157440482,,31.065408601263243,-6.32830410692103,32.91962372425966,24.29060483109766,53.08683138802364,
1999-12-08,1.0,18900,42.391751359802726,31.92749214172364,50.25934982299805,49.34441757202149,63.92391204833984,53.835603112840445,,535.18752,< 600,20 - 50mm,7.867598463195321,-10.464259218079086,6.952666212218766,21.53216068853711,11.44385175303772,,18.559267335804485,-24.684658883901754,16.40098837438341,50.79327934762946,26.995468188863654,
1999-12-16,3.0,49000,117.97956023845344,84.08538818359375,110.90633392333984,115.35774993896484,105.5274429321289,107.07879377431908,,1387.5232,1200 - 1700,> 100mm,-7.073226315113601,-33.894172054859695,-2.621810299488601,-12.452117306324539,-10.900766464134364,,-5.99529808453058,-28.728850986013814,-2.222258070965471,-10.55447001256577,-9.239538138727053,
1999-12-17,1.0,37200,103.17768264603562,76.71519470214844,94.14979553222656,99.64859008789062,87.1380844116211,102.14649805447472,,1053.38496,600 - 1200,> 100mm,-9.027887113809058,-26.462487943887183,-3.5290925581449955,-16.039598234414527,-1.0311845915609013,,-8.749844813611867,-25.64749204018292,-3.420403005417367,-15.545608142257317,-0.9994260048449755,
1999-12-25,0.0,19100,0.1085449335571328,0.0551811568439006,0.0353841893374919,3.781562554650009e-05,0.0085601806640625,2.624902723735409,,540.85088,< 600,< 20mm,-0.07316074421964089,-0.0533637767132322,-0.1085071179315863,-0.0999847528930703,2.5163577901782763,,-67.4013441457704,-49.16284433040266,-99.9651613167863,-92.11369855456512,2318.263697544011,
2000-01-03,1.0,17500,58.492458880061626,56.95637512207031,41.66525268554688,45.681095123291016,54.856815338134766,53.12315175097278,,495.544,< 600,50 - 100mm,-16.827206194514744,-1.5360837579913138,-12.81136375677061,-3.6356435419268607,-5.369307129088845,,-28.76816348072973,-2.626122730010449,-21.902590525455974,-6.2155765230894495,-9.179486094264854,
2000-01-10,0.0,17700,57.57325044827069,43.90331268310547,67.86600494384766,69.88558197021484,84.5049057006836,65.3227626459144,,501.20736,< 600,50 - 100mm,10.292754495576965,-13.669937765165223,12.312331521944152,26.931655252412902,7.749512197643703,,17.87766786734572,-23.743557396412072,21.385507029877925,46.778069750657686,13.460265205291137,
2000-02-01,2.0,13600,38.51664630070962,63.26987838745117,29.50046157836914,42.51678466796875,29.969358444213867,50.63132295719845,,385.10848,< 600,20 - 50mm,-9.016184722340476,24.753232086741555,4.000138367259133,-8.54728785649575,12.114676656488832,,-23.40854043196997,64.26632239340503,10.385479400332516,-22.191152858337716,31.453093194839333,
2000-02-07,1.0,12100,7.752652000312437,11.379343032836914,19.45198631286621,4.207892894744873,3.956667423248291,13.953696498054471,,342.63328,< 600,< 20mm,11.699334312553773,3.6266910325244774,-3.5447591055675636,-3.7959845770641456,6.201044497742035,,150.9075128366691,46.78000550493328,-45.72318098922417,-48.9636910944947,79.98610665733646,
2000-02-16,0.0,13000,11.210376658812113,11.27475929260254,3.245014905929565,10.407532691955566,17.33420181274414,13.85758754863813,,368.1184,< 600,< 20mm,-7.965361752882547,0.0643826337904283,-0.8028439668565461,6.123825153932028,2.6472108898260167,,-71.05347121964216,0.5743128509408219,-7.161614558467637,54.626399632328926,23.613933504590413,
2000-02-22,1.0,11800,14.6021912083182,24.63217163085937,23.876937866210938,25.965227127075195,23.83635139465332,30.89844357976656,,334.13824,< 600,< 20mm,9.274746657892738,10.029980422541172,11.363035918756996,9.23416018633512,16.29625237144836,,63.51612936426514,68.68818713199394,77.81733410177505,63.23818154822437,111.60141747880368,
2000-03-19,0.0,16000,56.45837286656035,41.85398483276367,81.9946060180664,55.851341247558594,63.907493591308594,40.65350194552532,,453.0688,< 600,50 - 100mm,25.536233151506053,-14.604388033796681,-0.6070316190017593,7.449120724748241,-15.804870921035032,,45.230196789165475,-25.867532648017015,-1.075184402562365,13.194005329119696,-27.993847712171803,
2000-04-26,2.0,15300,15.849759102166615,10.576786994934082,20.99581527709961,12.382568359375,17.17522430419922,7.189105058365764,,433.24703999999997,< 600,< 20mm,5.146056174932994,-5.272972107232533,-3.4671907427916153,1.3254652020326034,-8.66065404380085,,32.4677248516007,-33.26846845585012,-21.87535293402447,8.362683580795977,-54.6421809188063,
2000-04-30,1.0,14400,15.018359464781987,9.940686225891112,18.060779571533203,19.119457244873047,16.684188842773438,15.480933852140076,,407.76192,< 600,< 20mm,3.0424201067512158,-5.077673238890876,4.1010977800910595,1.6658293779914501,0.46257438735808876,,20.258005635606757,-33.80977297019695,27.307228793585097,11.091953031872858,3.0800593662898033,
2000-05-12,0.0,16100,33.43167305025263,17.64984893798828,45.592567443847656,39.27009582519531,23.19981575012207,23.548249027237347,,455.90048,< 600,20 - 50mm,12.16089439359503,-15.781824112264346,5.838422774942686,-10.231857300130557,-9.88342402301528,,36.37536887644077,-47.206204991721435,17.463746926953654,-30.605280461885947,-29.56305539408413,
2000-05-21,2.0,19600,16.94444169434425,14.027711868286133,29.35606002807617,13.605389595031738,16.30023956298828,21.30642023346304,,555.00928,< 600,< 20mm,12.41161833373192,-2.9167298260581163,-3.339052099312511,-0.6442021313559678,4.361978539118791,,73.24890697269002,-17.213490291814505,-19.705884440128983,-3.8018492611119252,25.742828343377884,
2000-05-29,0.0,21600,26.658552618259225,21.245710372924805,34.85751724243164,34.73579788208008,32.55498504638672,32.35836575875487,,611.64288,600 - 1200,20 - 50mm,8.198964624172415,-5.412842245334421,8.077245263820853,5.896432428127493,5.699813140495646,,30.755475518789808,-20.304336558868563,30.298888988776195,22.118351707094757,21.380804960100033,
2000-06-12,2.0,27100,45.92003256432983,55.0108642578125,82.24530792236328,79.49134826660156,68.77947998046875,65.93229571984439,,767.38528,600 - 1200,20 - 50mm,36.32527535803345,9.09083169348267,33.57131570227173,22.85944741613892,20.01226315551456,,79.10550870612954,19.7970933072559,73.10821405721205,49.780991300724565,43.58068154128415,
2000-06-13,3.0,36500,62.86100004781501,55.588134765625,78.2244873046875,69.51248168945312,64.98091888427734,60.33268482490274,,1033.5632,600 - 1200,50 - 100mm,15.363487256872489,-7.272865282190011,6.651481641638114,2.1199188364623325,-2.528315222912269,,24.440411773892084,-11.569757523198692,10.58125329946817,3.3723912041644635,-4.022072860738955,
2000-07-05,0.0,19500,17.277915854111626,10.434646606445312,5.781889915466309,4.197381496429443,18.106895446777344,11.711673151750976,,552.1776,< 600,< 20mm,-11.496025938645317,-6.8432692476663135,-13.080534357682183,0.8289795926657177,-5.56624270236065,,-66.5359528065395,-39.60702960616526,-75.70666779563814,4.797914283558948,-32.215938249496986,
2000-07-28,3.0,15000,1.83605544716004,7.848855018615723,3.1205286979675293,2.7593801021575928,4.665038108825684,7.358171206225681,,424.752,< 600,< 20mm,1.2844732508074892,6.012799571455682,0.9233246549975527,2.8289826616656435,5.522115759065642,,69.95830397139025,327.4846400067119,50.288495177295744,154.07936977292468,300.75974925523616,
2000-08-20,0.0,11100,33.22973614934824,25.824188232421875,19.499080657958984,22.16767883300781,13.32387351989746,31.59824902723736,,314.31648,< 600,20 - 50mm,-13.730655491389257,-7.405547916926366,-11.062057316340432,-19.90586262945078,-1.6314871221108795,,-41.320386745407745,-22.28590646535006,-33.28963331704757,-59.903763725313866,-4.909720362443742,
2000-08-28,1.0,9590,3.4179407271303246,1.0267267227172852,1.4585533142089844,0.9017056822776794,2.09154748916626,3.147665369649808,,271.558112,< 600,< 20mm,-1.9593874129213402,-2.3912140044130394,-2.516235044852645,-1.3263932379640644,-0.27027535748051656,,-57.32654745497668,-69.96066331497455,-73.61845174434185,-38.80679461278117,-7.907549576128477,
2000-09-10,2.0,14000,48.733470406860505,44.64938354492188,34.486297607421875,42.75328063964844,50.11262512207031,41.38929961089494,,396.4352,< 600,20 - 50mm,-14.24717279943863,-4.084086861938623,-5.980189767212067,1.3791547152098076,-7.344170795965567,,-29.234882475008323,-8.38045562493674,-12.27121671673561,2.8299948755868933,-15.070075524380641,
2000-09-14,1.0,10600,0.3408910136847501,0.0,0.2340824753046035,0.0001296048576477,0.232994332909584,0.0212062256809338,,300.15808,< 600,< 20mm,-0.10680853838014662,-0.3408910136847501,-0.34076140882710243,-0.10789668077516612,-0.31968478800381633,,-31.332166027386464,-100.0,-99.96198055905118,-31.65137138960989,-93.77917726498214,
2000-09-19,3.0,12600,7.461973242110877,6.007566928863525,0.6372031569480896,4.813977718353272,10.99526309967041,6.242996108949416,,356.79168,< 600,< 20mm,-6.824770085162787,-1.4544063132473513,-2.6479955237576043,3.5332898575595335,-1.2189771331614603,,-91.46066145946358,-19.49090764678114,-35.48653201828592,47.35061012574766,-16.335855056170512,
2000-09-20,1.0,12300,7.532835575106223,6.626535415649414,0.7345690131187439,5.708250999450684,11.76811408996582,8.167509727626458,,348.29663999999997,< 600,< 20mm,-6.798266561987479,-0.9063001594568085,-1.824584575655539,4.235278514859598,0.6346741525202351,,-90.2484395710657,-12.031328049318645,-24.221749664697946,56.22422622439724,8.425434833831288,
2000-10-01,3.0,21000,69.48836135858781,48.674293518066406,66.1550521850586,68.39335632324219,46.7972412109375,62.6941634241245,,594.6528,< 600,50 - 100mm,-3.3333091735292157,-20.814067840521403,-1.095005035345622,-22.69112014765031,-6.7941979344633125,,-4.796931613235206,-29.953315107133506,-1.575810702593715,-32.654562151142166,-9.777461723989326,
2000-10-10,0.0,6920,7.612072661389503,7.047277450561523,14.664875984191896,9.406315803527832,5.067805290222168,9.766731517509736,,195.952256,< 600,< 20mm,7.052803322802394,-0.5647952108279792,1.7942431421383294,-2.5442673711673347,2.154658856120234,,92.65286389837193,-7.41972963149411,23.571019641460037,-33.424107786996686,28.305810414149725,
2000-10-19,3.0,14600,59.14017969107765,43.96432113647461,32.87127685546875,32.450767517089844,51.45814895629883,42.64591439688719,,413.42528,< 600,50 - 100mm,-26.2689028356089,-15.175858554603039,-26.689412173987805,-7.68203073477882,-16.494265294190456,,-44.41803013251925,-25.660825912053475,-45.129068449574525,-12.989528903879524,-27.890116973518275,
2000-10-28,1.0,11400,13.655034453683331,21.120664596557617,14.398112297058104,17.544504165649414,15.194945335388184,22.04046692607004,,322.81152,< 600,< 20mm,0.7430778433747722,7.465630142874286,3.8894697119660826,1.5399108817048521,8.385432472386707,,5.441786660408852,54.6730963455057,28.48377809048245,11.277239079316082,61.40909055066358,
2000-11-04,1.0,10400,8.119992344973415,27.1685791015625,23.4014892578125,21.19746780395508,21.47638702392578,40.47782101167316,,294.49472,< 600,< 20mm,15.281496912839085,19.048586756589085,13.077475458981667,13.356394678952366,32.357828666699746,,188.1959522079958,234.58872801008104,161.05280526621584,164.48777426767506,398.49580260664254,
2000-11-10,0.0,11200,16.1844741691687,11.44632053375244,3.5045361518859863,14.51744556427002,14.169580459594728,32.68463035019455,,317.14816,< 600,< 20mm,-12.679938017282712,-4.738153635416259,-1.6670286048986789,-2.01489370957397,16.500156181025854,,-78.3463082256815,-29.275919538012584,-10.300171556233542,-12.449546945506128,101.95052374613769,
2000-11-23,1.0,7780,1.6610611842225804,11.545686721801758,15.641357421875,7.944680213928223,12.383922576904297,15.940661478599212,,220.304704,< 600,< 20mm,13.98029623765242,9.884625537579177,6.283619029705642,10.722861392681716,14.279600294376632,,841.6484817322103,595.0789550359301,378.2894386666761,645.5428309644291,859.6673277306071,
2000-11-29,0.0,9910,42.472283055066725,16.162748336791992,35.55855941772461,36.331451416015625,35.693145751953125,14.18560311284046,,280.619488,< 600,20 - 50mm,-6.913723637342116,-26.309534718274733,-6.1408316390511,-6.7791373031136,-28.286679942226264,,-16.278201076165942,-61.945185956129436,-14.458444890022296,-15.961320690776674,-66.60032827891932,
2000-12-16,2.0,7940,38.57172085897464,72.97712707519531,78.0443344116211,65.59756469726562,77.70343017578125,56.931906614786,,224.83539199999998,< 600,20 - 50mm,39.47261355264645,34.40540621622067,27.02584383829098,39.13170931680661,18.360185755811358,,102.3356300253381,89.19852537047338,70.06647159223846,101.45181092614297,47.600120883741745,
2000-12-24,0.0,8530,28.547856597201346,22.09262657165528,26.862855911254883,24.845094680786133,33.69697952270508,21.02159533073929,,241.542304,< 600,20 - 50mm,-1.6850006859464628,-6.455230025546065,-3.702761916415213,5.1491229255037325,-7.526261266462054,,-5.902371970411431,-22.611960388573955,-12.970367508355105,18.03681095276526,-26.363664959700973,
2001-01-05,3.0,15100,44.23445125767337,51.479888916015625,92.43826293945312,54.93618774414063,71.81436157226562,62.99202334630351,,427.58368,< 600,20 - 50mm,48.203811681779754,7.245437658342254,10.701736486467261,27.579910314592254,18.75757208863014,,108.97345917322264,16.37962595293953,24.193216332961352,62.34938951527731,42.4048938221569,
2001-01-07,1.0,13200,43.81880113963184,17.7656192779541,66.3636245727539,47.44658660888672,50.5560417175293,38.30486381322958,,373.78176,< 600,20 - 50mm,22.54482343312207,-26.053181861677736,3.6277854692548814,6.73724057789746,-5.513937326402257,,51.450114669457356,-59.45662862536415,8.279061441445364,15.375227990443523,-12.58349654257242,
2001-01-22,0.0,9370,33.40013767257096,22.937477111816406,40.56363296508789,23.243446350097656,35.806541442871094,24.05525291828796,,265.328416,< 600,20 - 50mm,7.163495292516927,-10.462660560754557,-10.156691322473307,2.4064037703001304,-9.344884754283004,,21.447502290985376,-31.325201899831562,-30.409130112102016,7.2047720098960255,-27.978581543264898,
2001-02-01,1.0,9300,47.72011087256453,30.885028839111328,36.19239044189453,28.060636520385746,40.3312873840332,23.41498054474708,,263.34624,< 600,20 - 50mm,-11.527720430670001,-16.835082033453205,-19.659474352178787,-7.3888234885313295,-24.30513032781745,,-24.156943938069457,-35.27879907574169,-41.19746159995094,-15.483667898976627,-50.9326778236617,
2001-03-03,0.0,5780,23.37089867035664,17.172950744628906,34.9824104309082,23.328718185424805,31.110843658447266,24.06031128404668,,163.67110399999999,< 600,20 - 50mm,11.611511760551561,-6.1979479257277355,-0.042180484931837015,7.739944988090624,0.6894126136900383,,49.683634011384676,-26.519938377847385,-0.1804829396027386,33.117874914702675,2.949876354410285,
2001-03-19,1.0,13400,42.451110945811074,38.05548095703125,61.95184326171875,43.65338134765625,45.37798309326172,45.81556420233465,,379.44512,< 600,20 - 50mm,19.500732315907676,-4.395629988779824,1.2022704018451762,2.926872147450645,3.364453256523575,,45.93691868464973,-10.35456997672182,2.8321294191331687,6.894689166525708,7.925477523587795,
2001-03-25,1.0,8470,4.692466538102075,10.530773162841797,12.500357627868652,8.579795837402344,10.18309211730957,17.621595330739304,,239.843296,< 600,< 20mm,7.807891089766577,5.8383066247397215,3.8873292993002684,5.490625579207495,12.92912879263723,,166.39204619506083,124.41871619826392,82.84191837567253,117.00937096992587,275.52948300546797,
2001-03-28,1.0,9150,35.619900570534185,26.23935317993164,31.18037796020508,34.984127044677734,33.99632263183594,31.883852140077817,,259.09872,< 600,20 - 50mm,-4.439522610329103,-9.380547390602544,-0.6357735258564503,-1.6235779386982472,-3.7360484304563677,,-12.463601916962128,-26.33513075654794,-1.78488293249864,-4.5580642076281315,-10.48865485477221,
2001-04-03,0.0,8820,22.24072660159308,6.270859718322754,2.043397188186645,11.219141006469728,11.462743759155272,9.696887159533071,,249.754176,< 600,20 - 50mm,-20.197329413406436,-15.969866883270328,-11.021585595123353,-10.77798284243781,-12.54383944206001,,-90.81236317144298,-71.80460948666318,-49.55587015009612,-48.46056981639167,-56.40031311369794,
2001-04-17,1.0,7350,7.46237093828802,12.160408020019531,20.108619689941406,11.568511009216309,9.030298233032228,16.699221789883264,,208.12848,< 600,< 20mm,12.646248751653387,4.698037081731512,4.106140070928289,1.5679272947442087,9.236850851595245,,169.466900750911,62.956359588435475,55.02460417587201,21.01111439930531,123.77903655529508,
2001-05-01,0.0,14900,57.51038238187864,44.57521057128906,71.46543884277344,63.04155731201172,71.59326171875,48.81245136186773,,421.92032,< 600,50 - 100mm,13.955056460894795,-12.93517181058958,5.531174930133076,14.082879336871358,-8.697931020010913,,24.26528199418127,-22.491889768177607,9.617698059117643,24.4875425159907,-15.124105700176333,
2001-05-19,1.0,12600,12.24920842949796,10.863042831420898,3.988561630249024,4.80647087097168,6.7402448654174805,10.362840466926068,,356.79168,< 600,< 20mm,-8.260646799248937,-1.3861655980770617,-7.4427375585262805,-5.50896356408048,-1.8863679625718923,,-67.43820914465005,-11.316368776442435,-60.760967546303114,-44.974037267698506,-15.399917255299785,
2001-06-12,0.0,19300,41.98246843203988,37.37907028198242,34.18748474121094,41.87886047363281,43.525482177734375,30.357198443579783,,546.51424,< 600,20 - 50mm,-7.794983690828943,-4.603398150057458,-0.10360795840706771,1.5430137456944948,-11.625269988460097,,-18.567235281668246,-10.965048797712594,-0.2467886293412822,3.675376420975067,-27.690772893163203,
2001-06-28,2.0,15700,12.641323130770122,10.1259765625,17.015993118286133,20.885034561157227,15.349191665649414,36.87529182879376,,444.57376,< 600,< 20mm,4.374669987516011,-2.5153465682701217,8.243711430387105,2.7078685348792924,24.23396869802364,,34.606108413348515,-19.897810871929547,65.21240969089041,21.420768276131604,191.7043686592899,
2001-07-18,0.0,10200,11.014543011098526,5.470200061798096,5.579158782958984,14.856785774230955,11.192538261413574,4.741050583657588,,288.83136,< 600,< 20mm,-5.435384228139542,-5.544342949300431,3.842242763132429,0.17799525031504793,-6.273492427440939,,-49.34734216991766,-50.33656815097834,34.883360655643095,1.6160021358643342,-56.95644768121213,
2001-08-03,2.0,9640,1.134883367314705,2.1539814472198486,5.703123569488525,2.758610248565674,4.031180381774902,3.2087548638132297,,272.973952,< 600,< 20mm,4.56824020217382,1.0190980799051437,1.6237268812509689,2.896297014460197,2.0738714964985245,,402.52948749992913,89.79760469276013,143.07433944449613,255.20657874414417,182.73873388466328,
2001-08-06,1.0,8870,6.480841295541902,2.422261953353882,3.325136661529541,2.10447645187378,3.3688974380493164,2.9896887159533043,,251.170016,< 600,< 20mm,-3.155704634012361,-4.05857934218802,-4.376364843668122,-3.1119438574925855,-3.4911525795885976,,-48.69282381877079,-62.624266775053904,-67.52772740598623,-48.017590858663006,-53.86881764856859,
2001-08-12,0.0,8170,0.0,0.0,0.5656918287277222,0.0,1.3848795890808103,0.0,,231.348256,< 600,< 20mm,0.5656918287277222,0.0,0.0,1.3848795890808103,0.0,,inf,,,inf,,
2001-08-22,2.0,11500,37.453625257157256,53.61674880981445,42.29475402832031,55.16134643554688,59.61028671264648,66.80155642023352,,325.6432,< 600,20 - 50mm,4.841128771163056,16.163123552657197,17.707721178389626,22.15666145548922,29.347931163076268,,12.925661369023105,43.155030899361286,47.27905791978239,59.15758835990158,78.3580520218613,
2001-09-02,1.0,11000,11.12381643487517,11.730822563171388,6.799284934997559,7.087828636169434,11.657475471496582,5.5926070038910405,,311.4848,< 600,< 20mm,-4.324531499877612,0.6070061282962183,-4.035987798705737,0.5336590366214118,-5.53120943098413,,-38.87632922743516,5.456815400091866,-36.28240201853913,4.797445550686134,-49.7240264918683,
2001-09-12,0.0,9230,0.025411089673909,0.0,0.000130907894345,2.370679339946946e-06,0.0023121736012399,0.0,,261.364064,< 600,< 20mm,-0.025280181779564,-0.025411089673909,-0.025408718994569052,-0.0230989160726691,-0.025411089673909,,-99.48483950895104,-100.0,-99.99067068996108,-90.90092699324917,-100.0,
2001-09-22,1.0,6030,4.061357559191498,3.9837350845336914,0.6841495633125305,3.351562976837158,7.595141887664795,3.9038910505836575,,170.750304,< 600,< 20mm,-3.377207995878967,-0.07762247465780625,-0.7097945823543395,3.5337843284732973,-0.15746650860784017,,-83.15465818161735,-1.9112445414251757,-17.47678139660374,87.00992899469739,-3.8771890017777046,
2001-09-28,0.0,8850,26.0877782589906,15.319343566894531,35.57194519042969,24.31949615478516,27.460538864135746,30.71031128404669,,250.60368,< 600,20 - 50mm,9.484166931439088,-10.768434692096069,-1.76828210420544,1.372760605145146,4.622533025056089,,36.35482806271773,-41.27769940847667,-6.778201219937305,5.262083231146957,17.719151777376947,
2001-10-10,1.0,6510,13.971674951109245,28.816967010498047,32.668643951416016,29.673179626464844,23.1450252532959,22.940466926070044,,184.342368,< 600,< 20mm,18.696969000306773,14.845292059388802,15.701504675355599,9.173350302186654,8.9687919749608,,133.82052664217167,106.25277292333656,112.38097601253611,65.65676867152108,64.19267558360099,
2001-10-13,3.0,9720,56.13825809903177,33.81441116333008,38.92462158203125,35.31105041503906,46.02278137207031,42.06964980544749,,275.239296,< 600,50 - 100mm,-17.213636517000523,-22.323846935701695,-20.82720768399271,-10.115476726961461,-14.068608293584283,,-30.662933086798805,-39.76583472953665,-37.099846680764614,-18.01886462012601,-25.060642723837788,
2001-10-14,2.0,9140,40.2580306207929,30.05406188964844,25.478504180908203,40.01750183105469,44.51398086547852,41.34980544747084,,258.81555199999997,< 600,20 - 50mm,-14.779526439884698,-10.20396873114446,-0.2405287897382138,4.255950244685621,1.0917748266779412,,-36.71199562417544,-25.346418028392588,-0.597467849343785,10.57168018171128,2.71194295856601,
2001-10-19,2.0,10900,31.11867690730277,31.766143798828125,31.300762176513672,29.998584747314453,36.53631591796875,30.74863813229571,,308.65312,< 600,20 - 50mm,0.1820852692109014,0.6474668915253545,-1.1200921599883173,5.4176390106659795,-0.3700387750070604,,0.5851317835694054,2.080637597331172,-3.5994208986612146,17.409605899390264,-1.189121170252009,
2001-10-23,2.0,21500,69.85856205465858,72.9255599975586,87.62257385253906,91.80463409423828,75.63888549804688,91.05603112840464,,608.8112,600 - 1200,50 - 100mm,17.764011797880485,3.0669979429000165,21.946072039579704,5.780323443388298,21.197469073746063,,25.42853914453837,4.390296411340879,31.415006828237757,8.274323537987613,30.343408811021316,
2001-10-25,2.0,18600,90.21371883165313,50.42720413208008,83.9109878540039,77.9640884399414,79.03538513183594,80.42412451361868,,526.69248,< 600,50 - 100mm,-6.302730977649219,-39.78651469957305,-12.249630391711719,-11.178333699817188,-9.789594318034446,,-6.986444034538337,-44.102510366320494,-13.578456303936019,-12.390946570639615,-10.851558327068531,
2001-11-04,1.0,15500,12.008929232937636,12.072221755981444,13.791620254516602,9.31363010406494,12.39659309387207,10.734435797665371,,438.9104,< 600,< 20mm,1.782691021578966,0.06329252304380795,-2.695299128872696,0.3876638609344347,-1.274493435272264,,14.844712521824748,0.5270455160166289,-22.444125338669927,3.2281301139752325,-10.61288155297503,
2001-11-12,2.0,9840,5.284904397207617,12.668195724487305,11.389375686645508,2.452711820602417,5.604048728942871,5.749610894941631,,278.637312,< 600,< 20mm,6.104471289437891,7.383291327279688,-2.8321925766052,0.319144331735254,0.4647064977340136,,115.50769570521102,139.7052959213566,-53.59023293026161,6.0387910120735615,8.793091848161916,
2001-11-15,4.0,63800,132.4797898063696,115.5121612548828,115.55377197265624,146.95480346679688,142.7021942138672,161.73891050583651,,1806.61184,> 1700,> 100mm,-16.926017833713374,-16.96762855148681,14.475013660427265,10.222404407497578,29.259120699466905,,-12.776301848343946,-12.807710954468174,10.926205183133005,7.716199144366461,22.085723975129774,
2001-11-21,4.0,28100,65.82508412146665,56.77616500854492,63.12587738037109,66.2929916381836,58.83136749267578,59.80058365758753,,795.70208,600 - 1200,50 - 100mm,-2.6992067410955585,-9.048919112921723,0.46790751671694863,-6.993716628790864,-6.024500463879114,,-4.100574692946427,-13.746916139482337,0.7108346657841281,-10.624698353420102,-9.152286767704146,
2001-11-28,1.0,15900,22.049126191858925,35.94416809082031,33.93006896972656,34.39241409301758,31.03311920166016,32.9385214007782,,450.23712,< 600,20 - 50mm,11.880942777867638,13.895041898961388,12.343287901158654,8.983993009801235,10.889395208919275,,53.88396199689025,63.01856036404643,55.98084837355639,40.74534714721867,49.38696941622977,
2001-12-01,1.0,17400,69.95136517821945,65.09271240234375,84.87271118164062,79.29815673828125,77.65423583984375,87.8145914396887,,492.71232,< 600,50 - 100mm,14.921346003421178,-4.858652775875697,9.346791560061803,7.702870661624303,17.86322626146925,,21.331029016238833,-6.945758332946047,13.361842955099446,11.011751724929484,25.536637084863173,
2001-12-08,1.0,15500,45.68724666567195,47.76852416992188,71.22280883789062,42.629425048828125,85.48568725585938,65.24357976653695,,438.9104,< 600,20 - 50mm,25.535562172218675,2.0812775042499325,-3.0578216168438246,39.798440590187425,19.556333100865004,,55.892101266424845,4.555489017493679,-6.692943523649417,87.11061290565974,42.804796804616934,
2001-12-14,1.0,32300,85.63461951252134,84.22611999511719,86.35694122314453,103.2043914794922,89.16049194335938,99.70758754863816,,914.63264,600 - 1200,50 - 100mm,0.7223217106231914,-1.4084995174041524,17.569771966970862,3.525872430838035,14.07296803611682,,0.8434926373644654,-1.6447781579717349,20.51713672225967,4.1173446567628975,16.433736865099394,
2001-12-17,2.0,48400,117.68544751211972,96.94542694091795,130.51788330078125,111.09552001953124,138.16062927246094,106.48346303501948,,1370.53312,1200 - 1700,> 100mm,12.832435788661527,-20.740020571201768,-6.589927492588487,20.475181760341215,-11.20198447710024,,10.904012399103118,-17.62326694561439,-5.599611193992214,17.398227387657762,-9.518580855926654,
2001-12-28,1.0,12000,3.3023824058700155,6.504461288452148,13.280553817749023,7.85308313369751,10.761340141296388,6.705058365758755,,339.8016,< 600,< 20mm,9.978171411879007,3.202078882582133,4.550700727827494,7.458957735426373,3.4026759598887395,,302.15069563545137,96.96269205196853,137.8005381732467,225.86596034935283,103.03700606690647,
2002-01-03,2.0,12200,24.41397512757912,21.79599380493164,19.600645065307617,18.48628807067871,25.9129638671875,27.28560311284048,,345.46496,< 600,20 - 50mm,-4.813330062271504,-2.6179813226474806,-5.92768705690041,1.4989887396083788,2.871627985261359,,-19.715470492284357,-10.723289873798928,-24.27989307732287,6.139879850680498,11.762230321998809,
2002-01-05,1.0,15800,14.264871888447876,11.996192932128906,19.507793426513672,5.374764442443848,19.92378807067871,9.296498054474707,,447.40544,< 600,< 20mm,5.242921538065795,-2.26867895631897,-8.890107446004029,5.6589161822308345,-4.968373833973169,,36.754073776937815,-15.903956054145954,-62.32167744319881,39.670290953076105,-34.829431857686075,
2002-01-08,3.0,73700,137.89297705062845,136.15374755859375,147.68292236328125,149.45797729492188,167.8602294921875,183.7692607003892,,2086.94816,> 1700,> 100mm,9.789945312652804,-1.7392294920346956,11.56500024429343,29.967252441559054,45.87628364976075,,7.099669266737458,-1.2612893921320767,8.386939271060376,21.732254305131402,33.26948524210695,
2002-01-12,1.0,27200,8.73405160925335,30.757850646972656,90.67668914794922,25.48653984069824,34.59412384033203,33.4443579766537,,770.21696,600 - 1200,< 20mm,81.94263753869586,22.023799037719307,16.75248823144489,25.860072231078682,24.71030636740035,,938.1973132822022,252.16016601488874,191.80660913082258,296.08334582865365,282.91917053960213,
2002-01-25,1.0,26100,92.72898852893545,88.57513427734375,114.5992202758789,107.23123931884766,107.43557739257812,105.43015564202332,,739.06848,600 - 1200,50 - 100mm,21.87023174694346,-4.153854251591696,14.50225078991221,14.70658886364268,12.701167113087877,,23.585107628041264,-4.479563853212433,15.639392837102802,15.859753348925604,13.697083635420615,
2002-02-08,0.0,15300,46.05860033796576,42.6048583984375,51.13852310180664,50.54803085327149,55.90550231933594,48.84727626459141,,433.24703999999997,< 600,20 - 50mm,5.079922763840884,-3.453741939528257,4.489430515305735,9.84690198137018,2.7886759266256504,,11.029259957023797,-7.498582054568782,9.7472143798628,21.379073417594615,6.05462585958559,
2002-02-22,2.0,49700,144.73970164646383,142.92864990234375,109.69287109375,124.88417053222656,142.99868774414062,185.83657587548635,,1407.34496,1200 - 1700,> 100mm,-35.04683055271383,-1.8110517441200784,-19.855531114237266,-1.7410139023232034,41.09687422902252,,-24.213695450553022,-1.2512473934371444,-13.718095925564153,-1.2028585678418375,28.393643044397255,
2002-03-05,0.0,18100,3.4958795367512607,7.764632225036621,8.23658561706543,5.57485818862915,6.497035503387451,6.19299610894942,,512.53408,< 600,< 20mm,4.740706080314169,4.26875268828536,2.0789786518778897,3.0011559666361904,2.6971165721981594,,135.60839355236286,122.10811738245233,59.469401906505496,85.84838050298438,77.15130180671511,
2002-03-11,1.0,14800,39.35078964699714,75.36540985107422,78.58260345458984,77.79367065429688,81.0890884399414,88.66887159533073,,419.08864,< 600,20 - 50mm,39.2318138075927,36.014620204077076,38.44288100729973,41.73829879294426,49.318081948333585,,99.69765323524194,91.52197586669104,97.69278164976623,106.06724583512725,125.3293323736314,
2002-03-21,0.0,15600,57.51450854699425,50.81072235107422,48.00181579589844,48.88747787475586,50.226173400878906,40.51634241245136,,441.74208,< 600,50 - 100mm,-9.512692751095813,-6.703786195920031,-8.62703067223839,-7.288335146115344,-16.998166134542892,,-16.539640155880203,-11.655817575912115,-14.999746829427174,-12.672167997680365,-29.554570775222643,
2002-04-14,2.0,45400,93.63690237606916,80.23538208007812,97.11634826660156,76.65496063232422,70.84386444091797,139.9791828793774,,1285.5827199999999,1200 - 1700,50 - 100mm,3.4794458905324035,-13.401520295991034,-16.98194174374494,-22.79303793515119,46.34228050330823,,3.715891707478832,-14.312220882924112,-18.13594994368911,-24.341939296121375,49.491471126614236,
2002-05-07,0.0,18800,22.684252399553227,17.01363182067871,25.316415786743164,30.331031799316406,24.70566749572754,26.387743190661464,,532.35584,< 600,20 - 50mm,2.6321633871899373,-5.670620578874516,7.646779399763179,2.0214150961743123,3.703490791108237,,11.603483071991292,-24.998049214909106,33.709638144891144,8.911094183620195,16.326263373710205,
2002-05-29,1.0,37100,22.488827869895065,23.94820213317871,20.261451721191406,24.065731048583984,25.05168533325196,28.986964980544748,,1050.55328,600 - 1200,20 - 50mm,-2.2273761487036587,1.459374263283646,1.5769031786889194,2.5628574633568952,6.498137110649683,,-9.904367455652778,6.489330043017735,7.011940274574556,11.396136242332553,28.89495685699338,
2002-06-19,0.0,31000,23.66738624551937,21.80789375305176,16.741573333740234,14.104656219482422,22.15340042114257,30.9566147859922,,877.8208,600 - 1200,20 - 50mm,-6.925812911779136,-1.8594924924676093,-9.562730026036949,-1.5139858243767996,7.2892285404728305,,-29.26310848157264,-7.856771648452064,-40.40467302487757,-6.396928704636416,30.79862078920017,
2002-06-26,1.0,33400,0.6555047782819565,0.0,0.0359810218214988,0.106331743299961,0.0411520190536975,0.0,,945.78112,600 - 1200,< 20mm,-0.6195237564604578,-0.6555047782819565,-0.5491730349819955,-0.614352759228259,-0.6555047782819565,,-94.51094438765143,-100.0,-83.77864710938479,-93.72208709728177,-100.0,
2002-06-29,3.0,51300,38.89846652425536,36.24060821533203,30.224788665771484,51.77519226074219,38.99995803833008,37.44280155642024,,1452.65184,1200 - 1700,20 - 50mm,-8.673677858483877,-2.6578583089233305,12.876725736486826,0.10149151407471635,-1.4556649678351192,,-22.298251405554396,-6.832809995905642,33.10342768514401,0.26091392063342844,-3.7422168478735043,
2002-07-09,0.0,30200,28.3426539382437,23.30998039245605,12.191044807434082,11.395757675170898,9.184313774108888,30.778599221789875,,855.16736,600 - 1200,20 - 50mm,-16.151609130809618,-5.032673545787649,-16.9468962630728,-19.158340164134813,2.4359452835461752,,-56.98693271985975,-17.75653598549179,-59.79290542092032,-67.59543480253915,8.594626631838707,
2002-07-17,1.0,27300,0.0962619499695606,0.0,0.0021646290551871,0.0028819744475185,0.0957249253988266,0.0027237354085603,,773.04864,600 - 1200,< 20mm,-0.09409732091437349,-0.0962619499695606,-0.0933799755220421,-0.0005370245707339988,-0.0935382145610003,,-97.75131393466307,-100.0,-97.0061125414249,-0.5578783422773106,-97.17049632858924,
2002-07-30,3.0,20100,3.7235736105218,3.162050008773804,0.2527837753295898,1.5821480751037598,3.922222375869751,2.1867704280155635,,569.16768,< 600,< 20mm,-3.47078983519221,-0.5615236017479956,-2.14142553541804,0.19864876534795117,-1.5368031825062363,,-93.21125881289704,-15.0802336809264,-57.50995574162836,5.334895617119644,-41.27226538945413,
2002-08-07,0.0,12400,19.892810722751577,8.238998413085938,1.535283446311951,11.601638793945312,6.887221336364746,14.10194552529182,,351.12832,< 600,< 20mm,-18.357527276439626,-11.65381230966564,-8.291171928806264,-13.00558938638683,-5.790865197459757,,-92.28221960330606,-58.58303520847898,-41.6792380139805,-65.37833978137753,-29.110341812264345,
2002-09-02,3.0,9370,2.886615678613265,10.952933311462402,3.27312445640564,3.951955795288086,4.805432319641113,8.547470817120614,,265.328416,< 600,< 20mm,0.386508777792375,8.066317632849138,1.0653401166748209,1.9188166410278482,5.6608551385073484,,13.389686083117738,279.4385720486424,36.90619865220894,66.47288224907206,196.10699063433455,
2002-09-09,0.0,7120,6.004780117721728,3.848208904266357,3.795866966247559,3.516702890396118,4.893296241760254,4.2970817120622575,,201.615616,< 600,< 20mm,-2.2089131514741687,-2.1565712134553707,-2.4880772273256095,-1.1114838759614738,-1.7076984056594702,,-36.78591235930637,-35.9142411741397,-41.43494313776156,-18.509984615109964,-28.438983146436804,
2002-09-19,1.0,9530,13.81939962259485,7.797734260559082,6.042901515960693,9.407791137695312,7.357879161834717,3.853891050583656,,269.859104,< 600,< 20mm,-7.776498106634156,-6.021665362035767,-4.411608484899537,-6.461520460760132,-9.965508572011194,,-56.27232961640032,-43.57400123367362,-31.923300616377826,-46.756882623145835,-72.11245672147358,
2002-09-28,0.0,6870,0.6871816435186406,2.362208843231201,0.2045801281929016,0.8049875497817993,0.230489119887352,0.0266536964980544,,194.536416,< 600,< 20mm,-0.48260151532573903,1.6750271997125605,0.11780590626315868,-0.45669252363128865,-0.6605279470205863,,-70.22910461557576,243.75319328027473,17.143343011892178,-66.45877810309995,-96.12130260616728,
2002-10-04,2.0,5310,14.201873778521588,15.294493675231934,27.19485092163086,13.848834991455078,23.300397872924805,16.641050583657606,,150.362208,< 600,< 20mm,12.992977143109272,1.092619896710346,-0.3530387870665095,9.098524094403217,2.439176805136018,,91.48776665484375,7.693491110748961,-2.485860616508456,64.06565947771979,17.1750350916718,
2002-10-29,0.0,4790,4.58409368364233,4.160476207733154,2.349456787109375,2.3042049407958984,3.1138010025024414,6.383268482490274,,135.637472,< 600,< 20mm,-2.2346368965329546,-0.4236174759091753,-2.279888742846431,-1.4702926811398882,1.799174798847944,,-48.747627137441164,-9.24103007363904,-49.73477638517472,-32.073792173716114,39.248211817049835,
2002-11-08,4.0,5440,34.27646078027244,31.31310272216797,45.86495208740234,56.23406219482422,45.40522003173828,40.27431906614783,,154.043392,< 600,20 - 50mm,11.5884913071299,-2.9633580581044683,21.95760141455178,11.128759251465844,5.997858285875395,,33.808891126237775,-8.645461026740564,64.0602936088119,32.46764396944658,17.498476065905315,
2002-11-13,3.0,12700,60.36610136889135,46.17703628540039,65.52145385742188,60.43006134033203,71.10360717773438,62.53968871595333,,359.62336,< 600,50 - 100mm,5.155352488530525,-14.18906508349096,0.06395997144068133,10.737505808843025,2.173587347061982,,8.540144835636593,-23.50502146359091,0.10595345730516567,17.787310370148266,3.6006753753723504,
2002-11-15,2.0,8650,45.8171663803848,21.53026390075684,25.36681365966797,24.44125938415528,28.97430992126465,27.064980544747087,,244.94031999999999,< 600,20 - 50mm,-20.45035272071683,-24.28690247962796,-21.375906996229517,-16.84285645912015,-18.75218583563771,,-44.6346955438781,-53.00830321542025,-46.65479924873955,-36.76101729925161,-40.92829678717512,
2002-11-20,3.0,28800,85.71897897105993,43.76326751708984,75.5081558227539,80.93441772460938,74.69206237792969,62.23579766536969,,815.52384,600 - 1200,50 - 100mm,-10.21082314830602,-41.95571145397009,-4.784561246450551,-11.026916593130238,-23.483181305690238,,-11.91197477020037,-48.94565002709027,-5.58168249771838,-12.864031659608427,-27.395544822831507,
2002-12-05,0.0,7670,3.023168262243618,1.8420945405960083,3.276846170425415,3.3861069679260254,1.4160548448562622,2.478599221789884,,217.189856,< 600,< 20mm,0.25367790818179703,-1.1810737216476097,0.3629387056824074,-1.6071134173873558,-0.5445690404537342,,8.391127657364732,-39.06741600849852,12.005243314279026,-53.159906362428224,-18.01318991254516,
2002-12-12,3.0,10800,60.61734802032292,65.01252746582031,101.61245727539062,83.24333190917969,91.52328491210938,75.83073929961085,,305.82144,< 600,50 - 100mm,40.9951092550677,4.395179445497391,22.625983888856766,30.905936891786453,15.213391279287933,,67.62933482560709,7.250695698571039,37.32592174977871,50.98530025006167,25.097421408451265,
2002-12-13,1.0,16000,79.01913200441328,66.79032897949219,95.52255249023438,76.29342651367188,79.27535247802734,63.27237354085602,,453.0688,< 600,50 - 100mm,16.503420485821096,-12.228803024921092,-2.7257054907414044,0.2562204736140643,-15.746758463557256,,20.885347721738285,-15.475749625088394,-3.4494247425916695,0.32425118716788004,-19.927779594792042,
2002-12-15,2.0,25700,88.09486241367989,77.17472839355469,70.2032470703125,84.19561004638672,57.38826370239258,71.07529182879378,,727.74176,600 - 1200,50 - 100mm,-17.89161534336739,-10.920134020125204,-3.8992523672931725,-30.706598711287313,-17.01957058488611,,-20.30948781025518,-12.395880668779455,-4.42619723836208,-34.856287722085156,-19.31959494410109,
2002-12-16,1.0,22700,80.56018933465786,83.06084442138672,93.27745056152344,100.64983367919922,61.47882843017578,87.48891050583654,,642.7913599999999,600 - 1200,50 - 100mm,12.717261226865574,2.5006550867288553,20.089644344541355,-19.081360904482082,6.92872117117868,,15.786036914630824,3.104082931509505,24.937434371071635,-23.685844164560667,8.600676374276928,
2002-12-26,2.0,8290,31.659227529319185,43.515586853027344,55.49403762817383,47.35668182373047,60.95677185058594,26.892801556420217,,234.746272,< 600,20 - 50mm,23.834810098854643,11.856359323708158,15.697454294411283,29.297544321266752,-4.766425972898968,,75.28550744575668,37.44993244932506,49.58255623853766,92.5403005936727,-15.055408311794233,
2003-01-03,4.0,23600,79.96501148764193,74.26493835449219,88.70744323730469,91.02320098876952,93.95783233642578,149.50136186770428,,668.27648,600 - 1200,50 - 100mm,8.742431749662757,-5.700073133149743,11.058189501127586,13.99282084878385,69.53635038006234,,10.932821226460828,-7.1282089842889,13.828784984088394,17.498679220406725,86.95846981877659,
2003-01-04,1.0,22400,80.61602299399367,69.80909729003906,113.90579986572266,99.0145034790039,101.91163635253906,95.2083657587548,,634.29632,600 - 1200,50 - 100mm,33.28977687172899,-10.806925703954605,18.39848048501024,21.295613358545395,14.592342764761128,,41.29424354536722,-13.405431454687092,22.822361860223527,26.416105096293368,18.10104520518004,
2003-01-12,1.0,16900,19.338806863725285,26.7418212890625,31.748741149902344,37.24412155151367,29.588747024536133,36.440856031128405,,478.55392,< 600,< 20mm,12.409934286177059,7.403014425337215,17.905314687788387,10.249940160810848,17.10204916740312,,64.17114754610306,38.28061615953877,92.58748388130518,53.001926297930744,88.43383817789837,
2003-01-23,2.0,22200,65.03161943306253,67.09204864501953,59.91844940185547,71.00507354736328,59.5932502746582,87.4830739299611,,628.63296,600 - 1200,50 - 100mm,-5.113170031207062,2.0604292119570005,5.9734541143007505,-5.438369158404328,22.451454496898563,,-7.862590653259191,3.1683498426143513,9.185461113188587,-8.362653745693779,34.52390497519132,
2003-01-25,2.0,21600,69.68076470636728,52.6968994140625,50.22454452514648,50.398563385009766,51.47323989868164,42.60466926070042,,611.64288,600 - 1200,50 - 100mm,-19.456220181220807,-16.983865292304785,-19.28220132135752,-18.207524807685644,-27.076095445666866,,-27.921938375976147,-24.37382161902829,-27.67220107674213,-26.1299153136617,-38.85734543781881,
2003-01-31,1.0,32500,64.81419885357067,62.49448394775391,72.79235076904297,49.17335510253906,59.94291687011719,83.23210116731512,,920.2959999999999,600 - 1200,50 - 100mm,7.978151915472296,-2.3197149058167597,-15.64084375103161,-4.8712819834534855,18.41790231374445,,12.309265649486266,-3.5790227247234805,-24.131816835949277,-7.515763628366012,28.416462194270864,
2003-02-22,0.0,13700,56.50442256252807,37.44218826293945,56.0788459777832,53.77277374267578,50.43134307861328,58.11731517509729,,387.94016,< 600,50 - 100mm,-0.42557658474486715,-19.062234299588617,-2.731648819852289,-6.073079483914789,1.612892612569219,,-0.7531739383300874,-33.73582710007213,-4.834398257639803,-10.747971943601918,2.854453756755737,
2003-03-14,4.0,45200,127.06073814573526,93.4561996459961,123.54692840576172,108.08274841308594,112.98580932617188,124.21147859922176,,1279.9193599999999,1200 - 1700,> 100mm,-3.5138097399735386,-33.604538499739164,-18.97798973264932,-14.074928819563382,-2.849259546513494,,-2.765456734513295,-26.447617879565332,-14.936155739062428,-11.077323353355476,-2.242439000508143,
2003-03-22,1.0,25000,56.3250669101912,63.93049621582031,71.71263122558594,86.29219055175781,86.42731475830078,83.6192607003891,,707.92,600 - 1200,50 - 100mm,15.38756431539474,7.605429305629116,29.967123641566616,30.102247848109585,27.29419379019791,,27.319211781727304,13.502743490310928,53.203884674204446,53.44378533292612,48.45834241744935,
2003-03-31,1.0,19300,24.01969979503228,29.689453125,71.97705078125,22.99300193786621,23.0700798034668,27.37237354085603,,546.51424,< 600,20 - 50mm,47.95735098621772,5.669753329967719,-1.02669785716607,-0.9496199915654806,3.3526737458237506,,199.65841120185934,23.604596969776985,-4.274399205348979,-3.953504830072354,13.958016854636732,
2003-04-09,2.0,19900,33.0354780049382,26.613426208496094,55.2410888671875,29.76431465148925,41.61934661865234,19.13910505836577,,563.50432,< 600,20 - 50mm,22.2056108622493,-6.422051796442105,-3.271163353448948,8.583868613714138,-13.896372946572427,,67.21746499000247,-19.439863396201275,-9.901970702406574,25.983788133566605,-42.06499734768534,
2003-04-25,0.0,17500,24.984992393165832,24.777307510375977,17.522859573364258,24.135099411010746,17.001121520996094,37.6704280155642,,495.544,< 600,20 - 50mm,-7.462132819801575,-0.20768488278985586,-0.8498929821550867,-7.983870872169739,12.685435622398366,,-29.86646024292046,-0.8312385271994883,-3.4016139320000702,-31.954666011239507,50.772221270990755,
2003-05-23,3.0,13800,8.988244725245249,6.591257095336914,0.9488959312438964,11.113765716552734,8.783419609069824,8.466536964980547,,390.77184,< 600,< 20mm,-8.039348794001352,-2.3969876299083346,2.1255209913074857,-0.20482511617542443,-0.521707760264702,,-89.44292283699468,-26.668028109825766,23.647787263040836,-2.278811074203764,-5.804334174384276,
2003-06-23,0.0,14600,11.321858489511971,5.4225006103515625,18.973594665527344,22.73509407043457,18.962968826293945,7.306614785992217,,413.42528,< 600,< 20mm,7.651736176015373,-5.899357879160409,11.4132355809226,7.641110336781974,-4.015243703519754,,67.58374681244757,-52.10591427745976,100.80708561668807,67.48989438315569,-35.4645282595546,
2003-09-12,2.0,7790,19.338560204368427,14.579042434692385,11.983206748962402,13.467116355895996,20.053735733032227,8.273151750972762,,220.587872,< 600,< 20mm,-7.355353455406025,-4.759517769676043,-5.871443848472431,0.7151755286637993,-11.065408453395666,,-38.03464879326698,-24.6115414972874,-30.36132879812903,3.698183944957013,-57.21940173651644,
2003-09-19,1.0,8430,19.141168257869985,11.608412742614746,17.338224411010742,8.009580612182617,18.9435977935791,22.408754863813225,,238.710624,< 600,< 20mm,-1.8029438468592431,-7.532755515255239,-11.131587645687368,-0.19757046429088376,3.26758660594324,,-9.419194390697411,-39.353687370456655,-58.15521547965371,-1.0321755789887679,17.07098836352246,
2003-09-28,0.0,6560,0.086629063151661,0.0,0.0,1.5666520994273014e-05,0.0113357817754149,0.0,,185.758208,< 600,< 20mm,-0.086629063151661,-0.086629063151661,-0.08661339663066672,-0.0752932813762461,-0.086629063151661,,-100.0,-100.0,-99.98191539833826,-86.91457420523015,-100.0,
2003-10-08,1.0,8290,25.881546828740884,39.70428085327149,21.217872619628903,27.402502059936523,34.29255676269531,42.86653696498053,,234.746272,< 600,20 - 50mm,-4.663674209111981,13.822734024530607,1.5209552311956394,8.411009933954428,16.98499013623965,,-18.019302478216158,53.40768121780406,5.876600966935455,32.498095997161144,65.62586946070084,
2003-10-13,1.0,18400,59.32042835357561,47.64056396484375,60.638648986816406,63.76972961425781,64.01947784423828,60.43249027237356,,521.02912,< 600,50 - 100mm,1.3182206332407986,-11.679864388731858,4.449301260682205,4.699049490662674,1.1120619187979557,,2.2222034968858098,-19.689447148147305,7.500453695584311,7.921469249436789,1.87466940085055,
2003-10-21,5.0,98000,184.9266080882246,157.2429656982422,44.286582946777344,167.56573486328125,176.6739959716797,206.4498054474709,,2775.0464,> 1700,> 100mm,-140.64002514144727,-27.683642389982424,-17.36087322494336,-8.252612116544924,21.523197359246296,,-76.05180595447403,-14.970069843478196,-9.38798013137236,-4.462641802529453,11.638777989686606,
2003-10-22,3.0,115000,186.2835354121192,140.34214782714844,35.450950622558594,153.7523956298828,157.11605834960938,206.1750972762647,,3256.432,> 1700,> 100mm,-150.8325847895606,-45.941387584970755,-32.53113978223638,-29.167477062509818,19.8915618641455,,-80.96935913089169,-24.662076271707857,-17.463239416337583,-15.65757113100842,10.678110558798961,
2003-10-23,1.0,78800,154.83417788153625,41.18092346191406,39.83198547363281,68.84393310546875,77.6427230834961,52.93754863813231,,2231.36384,> 1700,> 100mm,-115.00219240790344,-113.65325441962219,-85.9902447760675,-77.19145479804016,-101.89662924340394,,-74.27442311599425,-73.40320849998531,-55.53699186613611,-49.85427368439247,-65.81016584165617,
2003-10-29,3.0,31100,41.9856864048193,35.397850036621094,34.37065124511719,37.10436630249024,37.39575958251953,39.32568093385215,,880.65248,600 - 1200,20 - 50mm,-7.61503515970211,-6.587836368198204,-4.881320102329056,-4.589926822299766,-2.6600054709671497,,-18.13721725608855,-15.690672065425668,-11.62615291140925,-10.932122862168843,-6.335505498992683,
2003-11-04,0.0,14200,0.1193441681665801,0.0,1.0242677927017212,0.7756615877151489,1.0350017547607422,0.3776264591439688,,402.09856,< 600,< 20mm,0.9049236245351411,-0.1193441681665801,0.6563174195485688,0.9156575865941621,0.2582822909773887,,758.2470416753439,-100.0,549.9367330898681,767.2411653295794,216.4180243955275,
2003-11-11,1.0,18700,49.58700764273275,48.65237808227539,38.98018646240234,41.330196380615234,47.82009506225586,63.41673151750978,,529.5241599999999,< 600,20 - 50mm,-10.606821180330414,-0.9346295604573598,-8.256811262117516,-1.766912580476891,13.82972387477703,,-21.39032316035489,-1.8848275080263588,-16.6511585486397,-3.5632571201054146,27.889813344693433,
2003-11-19,4.0,64500,201.5362599739381,159.81686401367188,178.177978515625,197.6646728515625,203.97146606445312,193.9548638132296,,1826.4336,> 1700,> 100mm,-23.358281458313087,-41.71939596026621,-3.871587122375587,2.435206090515038,-7.581396160708493,,-11.590113591139229,-20.700689774465996,-1.9210374961191827,1.2083215649779102,-3.7618025469406304,
2003-11-29,3.0,33400,90.7868029720165,77.5973892211914,70.44866180419922,77.78904724121094,71.1295166015625,85.24727626459136,,945.78112,600 - 1200,50 - 100mm,-20.338141167817284,-13.189413750825096,-12.997755730805565,-19.657286370454003,-5.539526707425139,,-22.402089843483278,-14.527897578781918,-14.316789781453043,-21.652140759393223,-6.101687168268944,
2003-12-03,1.0,22300,22.71719119037425,22.363433837890625,35.68018341064453,26.317981719970703,31.689208984375,17.82607003891049,,631.46464,600 - 1200,20 - 50mm,12.96299222027028,-0.35375735248362616,3.600790529596452,8.972017794000749,-4.891121151463761,,57.062477978188475,-1.5572231158292162,15.850509420029807,39.49439751954185,-21.530483722548546,
2003-12-06,2.0,23100,38.80374959261575,42.07283401489258,56.79761505126953,53.83633041381836,42.21263885498047,51.77062256809333,,654.11808,600 - 1200,20 - 50mm,17.99386545865378,3.2690844222768263,15.032580821202608,3.408889262364717,12.966872975477578,,46.37146061286295,8.424661164443046,38.74002120677345,8.784948099483199,33.4165463688724,
2003-12-15,2.0,16600,48.08908419456355,36.04908752441406,38.616302490234375,38.83355712890625,42.04970932006836,40.69221789883267,,470.05888,< 600,20 - 50mm,-9.472781704329172,-12.039996670149485,-9.255527065657297,-6.039374874495188,-7.396866295730874,,-19.698403209350506,-25.036859968962773,-19.2466278380565,-12.558722994308836,-15.381591102471207,
2003-12-19,1.0,14500,24.01031929507195,5.812275409698486,12.344653129577637,7.603198528289795,6.840549945831299,3.05603112840467,,410.5936,< 600,20 - 50mm,-11.665666165494315,-18.198043885373465,-16.407120766782157,-17.169769349240653,-20.954288166667283,,-48.58605178103008,-75.79259426636847,-68.33362174467072,-71.50995844009745,-87.27200962699439,
2003-12-23,2.0,14300,7.455999994262283,4.117312431335449,8.193867683410645,7.671543121337891,10.480156898498535,2.6638132295719825,,404.93023999999997,< 600,< 20mm,0.7378676891483611,-3.338687562926834,0.2155431270756072,3.0241569042362517,-4.792186764690301,,9.896294121729914,-44.77853494495842,2.890868122873887,40.56004434768605,-64.27289120678779,
2003-12-30,0.0,13100,23.67762905163098,14.252326965332031,12.57099151611328,14.883437156677246,14.877790451049805,10.500972762645922,,370.95008,< 600,20 - 50mm,-11.1066375355177,-9.425302086298949,-8.794191894953734,-8.799838600581175,-13.176656288985058,,-46.907726746199046,-39.80678160700262,-37.14135345129907,-37.165201724346716,-55.65023533501727,
2004-01-08,1.0,17800,40.63221223820375,40.62432098388672,61.29847717285156,46.14793395996094,49.95099258422852,58.34883268482491,,504.03904,< 600,20 - 50mm,20.666264934647813,-0.007891254317030416,5.515721721757188,9.318780346024774,17.716620446621164,,50.86177639921045,-0.019421178130219544,13.5747512082818,22.93446463459587,43.60240181548228,
2004-01-09,2.0,18600,50.12878586191606,35.75812911987305,72.35880279541016,47.77426528930664,53.483673095703125,55.68210116731518,,526.69248,< 600,50 - 100mm,22.2300169334941,-14.37065674204301,-2.3545205726094167,3.3548872337870677,5.553315305399124,,44.34581159561403,-28.667474176670044,-4.696943147785667,6.692536386236016,11.078096566504117,
2004-01-15,2.0,27900,41.04195406001567,37.66329956054688,44.4422607421875,49.908348083496094,48.25196838378906,34.691828793774306,,790.03872,600 - 1200,20 - 50mm,3.4003066821718306,-3.3786544994687873,8.866394023480424,7.210014323773393,-6.350125266241363,,8.284953190093143,-8.232196972220619,21.603245329194344,17.56742457542393,-15.47227809123214,
2004-01-21,0.0,17800,6.6152963776109805,0.1703360378742218,6.341488361358643,6.169812202453613,7.172214984893799,1.417509727626459,,504.03904,< 600,< 20mm,-0.27380801625233797,-6.444960339736759,-0.44548417515736727,0.5569186072828183,-5.197786649984522,,-4.139013592482757,-97.42511857139596,-6.734152934781246,8.418649377035795,-78.57224156390146,
2004-01-30,2.0,34400,85.38504208661402,72.81549072265625,116.390380859375,98.9706573486328,127.3734130859375,131.02684824902724,,974.0979199999999,600 - 1200,50 - 100mm,31.00533877276098,-12.569551363957771,13.585615262018777,41.98837099932348,45.64180616241322,,36.312377455186315,-14.721022625025238,15.911001423689196,49.17532388955287,53.454100445502476,
2004-02-07,0.0,16400,14.056856606188132,12.320548057556152,28.800350189208984,18.25276756286621,21.73655128479004,11.60136186770428,,464.39552,< 600,< 20mm,14.743493583020852,-1.73630854863198,4.195910956678079,7.679694678601907,-2.4554947384838517,,104.88471210932356,-12.352039985010729,29.849567895790784,54.63308685400645,-17.46830608916427,
2004-02-16,1.0,15700,16.930720842638173,23.3952865600586,35.87356948852539,27.44219207763672,18.288890838623047,28.35389105058365,,444.57376,< 600,< 20mm,18.942848645887217,6.464565717420427,10.511471234998545,1.3581699959848734,11.423170207945475,,111.88447805590013,38.182460023439305,62.08519609233974,8.021926583093087,67.47007592953436,
2004-02-27,0.0,12200,9.714424486346829,7.462135314941406,13.29937744140625,10.971794128417969,13.35231590270996,11.268093385214009,,345.46496,< 600,< 20mm,3.5849529550594212,-2.2522891714054225,1.25736964207114,3.6378914163631304,1.5536688988671798,,36.903400300222685,-23.184998499611687,12.943326121257254,37.448347264174195,15.993421957737066,
2004-03-08,2.0,12800,62.20801335721353,40.17663192749024,52.53338241577149,38.47263717651367,50.070011138916016,49.2081712062257,,362.45504,< 600,50 - 100mm,-9.67463094144204,-22.03138142972329,-23.73537618069986,-12.138002218297515,-12.999842150987831,,-15.552065432290785,-35.415664704181665,-38.15485320903203,-19.511959252899068,-20.89737551389011,
2004-03-27,0.0,13100,38.53594265920938,31.054807662963867,29.167415618896484,43.36738204956055,28.941390991210938,35.29922178988326,,370.95008,< 600,20 - 50mm,-9.368527040312898,-7.481134996245515,4.831439390351164,-9.594551667998445,-3.2367208693261205,,-24.31114018194127,-19.413395599024387,12.537488528768451,-24.89766956746684,-8.399225881016832,
2004-05-26,2.0,13700,10.545108985629051,20.880779266357425,22.02888298034668,16.013303756713867,21.433143615722656,28.03385214007784,,387.94016,< 600,< 20mm,11.483773994717628,10.335670280728374,5.468194771084816,10.888034630093605,17.48874315444879,,108.90142539415947,98.01387823315906,51.85527032994074,103.25198767439858,165.8469644864038,
2004-06-08,0.0,17300,23.49747992433736,9.931462287902832,14.939252853393556,24.21508026123047,25.516986846923828,14.034046692607,,489.88063999999997,< 600,20 - 50mm,-8.558227070943802,-13.566017636434527,0.7176003368931099,2.0195069225864692,-9.46343323173036,,-36.42189332005631,-57.7339258512723,3.053945951667183,8.594568137048512,-40.27424754570668,
2004-07-05,1.0,13700,0.5160745677151353,0.2006759345531463,1.1466050148010254,0.9938917756080629,0.7314143180847168,0.5811284046692605,,387.94016,< 600,< 20mm,0.6305304470858901,-0.31539863316198896,0.4778172078929276,0.21533975036958153,0.06505383695412525,,122.17816698030597,-61.114934331754135,92.5868542618583,41.72647982305641,12.60551110707589,
2004-07-12,0.0,12400,6.43819501611625,2.8797037601470947,2.5182552337646484,1.8684276342391968,4.565096378326416,5.521984435797664,,351.12832,< 600,< 20mm,-3.9199397823516016,-3.5584912559691553,-4.569767381877053,-1.873098637789834,-0.9162105803185856,,-60.88569502071793,-55.271566752194545,-70.97901462192272,-29.093536823613558,-14.2308609482177,
2004-07-19,1.0,13700,1.8586883404114984,1.601157307624817,5.530488014221191,1.525665521621704,12.212786674499512,3.978404669260698,,387.94016,< 600,< 20mm,3.671799673809693,-0.25753103278668155,-0.33302281878979434,10.354098334088013,2.1197163288491994,,197.5478940701154,-13.855525274864869,-17.91708763374853,557.0647918195742,114.04366631900812,
2004-07-27,0.0,11400,0.0046481836164712,0.0,0.0049220509827136,1.205766722023327e-07,0.0002272469719173,0.0,,322.81152,< 600,< 20mm,0.0002738673662423998,-0.0046481836164712,-0.0046480630397989975,-0.0044209366445539,-0.0046481836164712,,5.89192228275857,-100.0,-99.99740593999395,-95.11105862702945,-100.0,
2004-08-06,1.0,9340,4.774598470951357,19.51074981689453,4.162583827972412,15.22323226928711,15.602974891662598,23.19883268482491,,264.478912,< 600,< 20mm,-0.612014642978945,14.736151345943174,10.448633798335752,10.82837642071124,18.424234213873554,,-12.818138461326964,308.6364525854451,218.83795803783727,226.79135191348655,385.8802855562942,
2004-08-15,0.0,7970,0.015722753296884,0.0,2.4754743576049805,0.0173760373145341,6.088074684143066,0.6142023346303507,,225.684896,< 600,< 20mm,2.4597516043080963,-0.015722753296884,0.0016532840176501015,6.072351930846183,0.5984795813334667,,15644.534757125397,-100.0,10.515232201587468,38621.428551255245,3806.455332807873,
2004-08-22,1.0,11000,30.07380688548632,32.61689758300781,23.76663589477539,44.47663497924805,35.00672149658203,30.556614785992224,,311.4848,< 600,20 - 50mm,-6.3071709907109295,2.5430906975214924,14.402828093761727,4.932914611095711,0.48280790050590383,,-20.972306614613473,8.456164885293564,47.891602644800386,16.40269431096316,1.6054099913067805,
2004-08-26,1.0,29200,86.80954689525574,77.14868927001953,74.19273376464844,71.91419982910156,90.03353881835938,82.94669260700388,,826.85056,600 - 1200,50 - 100mm,-12.616813130607298,-9.660857625236204,-14.895347066154173,3.2239919231036396,-3.862854288251853,,-14.533900454325288,-11.128796279622309,-17.158650861439096,3.7138679309013134,-4.449803537061157,
2004-08-28,1.0,12600,39.69883560914062,18.516605377197266,7.281342029571533,13.23206901550293,15.319936752319336,14.011478599221784,,356.79168,< 600,20 - 50mm,-32.41749357956909,-21.182230231943358,-26.466766593637693,-24.378898856821287,-25.68735700991884,,-81.65855013668207,-53.35730861352056,-66.66887375292121,-61.40960681277027,-64.70556784795055,
2004-09-11,3.0,21000,55.11150477664192,56.813079833984375,28.44010353088379,47.55709457397461,59.93262481689453,50.68852140077821,,594.6528,< 600,50 - 100mm,-26.671401245758133,1.7015750573424526,-7.554410202667313,4.821120040252609,-4.422983375863716,,-48.39534205036324,3.0875133318145878,-13.707501243677022,8.74793758543127,-8.025517346676263,
2004-09-18,0.0,28700,61.25990251054272,37.48041915893555,25.34699821472168,32.50216293334961,40.34178161621094,60.93424124513618,,812.69216,600 - 1200,50 - 100mm,-35.91290429582104,-23.779483351607176,-28.757739577193114,-20.918120894331786,-0.32566126540654494,,-58.62383520711691,-38.817370542688614,-46.94382197595557,-34.14651352200865,-0.5316059152240721,
2004-10-06,1.0,8770,5.449808785666037,11.906744956970217,10.94675350189209,11.246783256530762,21.66595268249512,8.739688715953307,,248.338336,< 600,< 20mm,5.496944716226053,6.4569361713041795,5.796974470864725,16.216143896829085,3.2898799302872694,,100.86490980534934,118.48004994757002,106.37023607345262,297.55436446651885,60.366887347318254,
2004-10-09,3.0,12100,39.915334614114855,42.16022872924805,40.07984161376953,26.795907974243164,49.69816970825195,45.31011673151749,,342.63328,< 600,20 - 50mm,0.16450699965467663,2.2448941151331923,-13.11942663987169,9.782835094137099,5.3947821174026345,,0.41213984861974245,5.624139536436087,-32.86813643604631,24.50896425825701,13.515562802008759,
2004-10-11,1.0,11200,44.8314149150697,11.769707679748535,16.324628829956055,21.93057441711425,17.438047409057617,17.634046692607015,,317.14816,< 600,20 - 50mm,-28.506786085113646,-33.061707235321165,-22.90084049795545,-27.393367506012083,-27.197368222462686,,-63.58663035533891,-73.74674053440984,-51.08212743528093,-61.103062568752506,-60.665870738156244,
2004-10-16,1.0,10700,8.799485654151022,19.5328369140625,19.51578140258789,15.728645324707031,14.917364120483398,15.50116731517508,,302.98976,< 600,< 20mm,10.716295748436869,10.733351259911478,6.929159670556009,6.117878466332376,6.7016816610240575,,121.7832060829785,121.97703004207052,78.74505332351198,69.52540985672681,76.15992484586462,
2004-10-23,0.0,15500,22.183734193125503,22.956329345703125,30.99850273132324,20.82765769958496,19.748544692993164,23.03326848249028,,438.9104,< 600,20 - 50mm,8.814768538197736,0.7725951525776225,-1.3560764935405416,-2.4351895001323385,0.8495342893647759,,39.73527838667187,3.4827101057541574,-6.112931581919039,-10.977365122265923,3.829536911905649,
2004-10-30,1.0,11600,20.535560222380223,28.625911712646484,32.46340560913086,24.022777557373047,33.03569412231445,36.79533073929964,,328.47488,< 600,20 - 50mm,11.927845386750636,8.090351490266261,3.487217334992824,12.50013389993423,16.259770516919414,,58.08385677129636,39.39678977663912,16.98135963776804,60.87067391670785,79.17860696685092,
2004-11-02,2.0,30900,79.9459024985311,72.7261962890625,65.00989532470703,74.632080078125,74.58306121826172,99.45583657587552,,874.98912,600 - 1200,50 - 100mm,-14.936007173824066,-7.2197062094685975,-5.3138224204060975,-5.362841280269379,19.509934077344425,,-18.682642520795227,-9.030739517389588,-6.64677269795501,-6.708087735163056,24.403919985396243,
2004-11-05,3.0,21800,23.24814720545788,5.445253849029541,0.2493073642253875,0.7837833762168884,1.042858004570007,1.7036964980544735,,617.30624,600 - 1200,20 - 50mm,-22.998839841232492,-17.80289335642834,-22.46436382924099,-22.205289200887872,-21.544450707403406,,-98.92762480372261,-76.57768681131209,-96.62862003887827,-95.51423175639056,-92.67168913291076,
2004-11-15,3.0,17000,13.15630594243088,25.12612533569336,34.23350143432617,18.02571678161621,26.111366271972656,28.03210116731519,,481.3856,< 600,< 20mm,21.077195491895292,11.96981939326248,4.869410839185331,12.955060329541777,14.87579522488431,,160.2060303562755,90.9816132707752,37.011991515648916,98.47034863912629,113.0696966912866,
2004-11-25,2.0,51100,113.90059274640184,90.72673797607422,75.67961883544922,87.60044860839844,99.65617370605467,105.99844357976647,,1446.98848,1200 - 1700,> 100mm,-38.22097391095262,-23.173854770327623,-26.300144138003404,-14.244419040347168,-7.902149166635368,,-33.55643108552658,-20.345684084299634,-23.0904365849617,-12.506009579829122,-6.937759476133191,
2004-12-04,1.0,17300,11.340282991526731,25.111183166503903,26.83255386352539,21.84156990051269,41.90802001953125,19.335019455252908,,489.88063999999997,< 600,< 20mm,15.49227087199866,13.770900174977172,10.50128690898596,30.56773702800452,7.994736463726177,,136.61273606288506,121.43347908748447,92.60163010775257,269.550037250783,70.49856224663627,
2004-12-11,3.0,66800,140.37013193389424,100.73590087890624,108.57515716552734,116.24188995361328,80.88292694091797,121.82587548638122,,1891.56224,> 1700,> 100mm,-31.7949747683669,-39.63423105498801,-24.12824198028096,-59.487204992976274,-18.54425644751302,,-22.650812056898538,-28.235515995420812,-17.18901424958686,-42.37881960600501,-13.21097030545375,
2004-12-13,2.0,30800,84.95559072882061,18.37115859985352,32.20575714111328,36.40473937988281,35.22111511230469,29.29435797665369,,872.15744,600 - 1200,50 - 100mm,-52.74983358770733,-66.5844321289671,-48.5508513489378,-49.73447561651592,-55.661232752166924,,-62.09106797466162,-78.37557429446345,-57.14850656964151,-58.541733616177225,-65.51803392179136,
2004-12-27,0.0,18700,23.34428106832815,20.032337188720703,34.38288116455078,22.229223251342773,21.902137756347656,28.16848249027237,,529.5241599999999,< 600,20 - 50mm,11.03860009622263,-3.3119438796074476,-1.1150578169853773,-1.4421433119804945,4.82420142194422,,47.28610002558191,-14.187388636700643,-4.776578099456693,-6.177715680167557,20.66545295536795,
2005-01-19,4.0,62700,157.15815112103013,119.74337005615234,212.72329711914065,128.83502197265625,129.14849853515625,144.40466926070047,,1775.46336,> 1700,> 100mm,55.56514599811052,-37.414781064877786,-28.32312914837388,-28.00965258587388,-12.753481860329657,,35.356197309370785,-23.807089099733705,-18.022055455820272,-17.822589783652504,-8.115062291938003,
2005-01-23,3.0,41400,50.19447611715337,35.25703430175781,51.15866088867188,40.44174575805664,34.11750411987305,40.27276264591438,,1172.3155199999999,600 - 1200,50 - 100mm,0.9641847715185108,-14.937441815395559,-9.75273035909673,-16.076971997280324,-9.921713471238988,,1.9208981666988891,-29.75913481103325,-19.42988773572208,-32.029365063511854,-19.766544525899256,
2005-02-07,0.0,17900,33.29773807480537,9.401673316955566,23.68025779724121,15.2993803024292,21.965059280395508,10.131517509727622,,506.87072,< 600,20 - 50mm,-9.617480277564162,-23.896064757849807,-17.998357772376174,-11.332678794409865,-23.16622056507775,,-28.883284071602443,-71.7648289026896,-54.05279401243946,-34.03438026015557,-69.57295571559078,
2005-03-19,1.0,7050,28.357632906526952,25.001171112060547,7.561637878417969,12.640439987182615,5.269265651702881,19.07295719844357,,199.63344,< 600,20 - 50mm,-20.795995028108983,-3.356461794466405,-15.717192919344336,-23.08836725482407,-9.28467570808338,,-73.33473529563344,-11.836184654516291,-55.42491142032796,-81.41852788252267,-32.741363634573204,
2005-03-26,1.0,8000,8.216925433372552,50.18033218383789,52.59835433959961,50.1733627319336,51.87789535522461,48.59474708171205,,226.5344,< 600,< 20mm,44.38142890622706,41.96340675046534,41.95643729856105,43.66096992185206,40.3778216483395,,540.1220841797411,510.6947494014424,510.6099311569444,531.3540968076165,491.3981753363294,
2005-04-01,2.0,16500,49.44424669468779,50.06319427490234,44.73440170288086,40.84437942504883,46.231441497802734,47.950778210116766,,467.2272,< 600,20 - 50mm,-4.709844991806932,0.6189475802145452,-8.599867269638963,-3.212805196885057,-1.493468484571025,,-9.525567293783748,1.2518091013429151,-17.393059545920675,-6.497834251017593,-3.0205101390117464,
2005-04-05,1.0,14700,13.834340348348276,18.17417907714844,16.935129165649414,14.693326950073242,22.85087203979492,13.452334630350196,,416.25696,< 600,< 20mm,3.1007888173011384,4.339838728800165,0.8589866017249665,9.016531691446643,-0.38200571799808003,,22.41370921361893,31.37004453789018,6.209089700670286,65.17500267024407,-2.761286106740094,
2005-04-16,2.0,17500,27.65388149013084,40.76302719116211,67.84303283691406,57.46316146850586,58.532012939453125,51.584046692607,,495.544,< 600,20 - 50mm,40.18915134678322,13.10914570103127,29.80927997837502,30.878131449322286,23.930165202476157,,145.32915157362623,47.40436059838357,107.7941987601755,111.65930345200228,86.53456192403367,
2005-05-11,0.0,13300,17.674539188795634,6.583804607391357,27.00848388671875,15.392915725708008,32.82236862182617,20.33501945525292,,376.61343999999997,< 600,< 20mm,9.333944697923116,-11.090734581404277,-2.2816234630876266,15.147829433030537,2.6604802664572844,,52.81011628207062,-62.74978070395743,-12.909097310633191,85.70423970449626,15.052614600237128,
2005-05-17,1.0,17900,28.69329060371929,20.46902275085449,32.27824783325195,22.255599975585938,22.0904483795166,26.51303501945528,,506.87072,< 600,20 - 50mm,3.5849572295326624,-8.224267852864802,-6.437690628133353,-6.602842224202689,-2.1802555842640103,,12.494060995109331,-28.662686223234203,-22.43622286841818,-23.011798525982982,-7.598485703070253,
2005-06-08,0.0,12000,22.088621391962864,14.765981674194336,16.404911041259766,22.462757110595703,13.300195693969728,15.305058365758748,,339.8016,< 600,20 - 50mm,-5.683710350703098,-7.322639717768528,0.37413571863283934,-8.788425697993135,-6.783563026204115,,-25.731394684374305,-33.15118489211343,1.693793885973218,-39.78711727654891,-30.7106672971106,
2005-07-06,2.0,11900,9.19160803948417,17.78412628173828,19.05520820617676,15.24192714691162,20.104476928710938,14.12120622568094,,336.96992,< 600,< 20mm,9.863600166692592,8.592518242254112,6.05031910742745,10.912868889226768,4.92959818619677,,107.31093106148306,93.48220904702896,65.8243811250136,118.72643875096304,53.631510014578666,
2005-07-08,1.0,12000,17.701216078579943,40.1379508972168,23.17826271057129,33.33122253417969,37.80464172363281,40.551945525291856,,339.8016,< 600,< 20mm,5.477046631991346,22.436734818636854,15.630006455599744,20.10342564505287,22.850729446711913,,30.941640436891017,126.75250513317732,88.29905463113042,113.5708730734032,129.09129714745046,
2005-07-18,0.0,10400,7.970447431344282,2.82185435295105,1.2572389841079712,0.9668389558792114,2.4933021068573,4.832879377431908,,294.49472,< 600,< 20mm,-6.713208447236311,-5.148593078393232,-7.003608475465071,-5.477145324486982,-3.137568053912374,,-84.22624332024573,-64.59603582787672,-87.86970287167246,-68.7181663471961,-39.36501784797792,
2005-07-30,2.0,7890,0.1247227537749783,0.0,1.132646616497368e-06,5.764938123320462e-06,0.0068888762034475,0.0033073929961089,,223.419552,< 600,< 20mm,-0.1247216211283618,-0.1247227537749783,-0.12471698883685498,-0.1178338775715308,-0.1214153607788694,,-99.99909186849855,-100.0,-99.99537779759599,-94.47664841022014,-97.34820399966793,
2005-08-07,0.0,9490,0.071952198508078,0.0,0.0,3.835352981695905e-05,0.0015837999526411,0.0,,268.726432,< 600,< 20mm,-0.071952198508078,-0.071952198508078,-0.07191384497826105,-0.0703683985554369,-0.071952198508078,,-100.0,-100.0,-99.94669581942982,-97.79881645664615,-100.0,
2005-08-17,1.0,7680,8.887332715512338,15.091382026672363,3.7644550800323486,6.671592712402344,6.712869644165039,18.62704280155641,,217.473024,< 600,< 20mm,-5.122877635479989,6.204049311160025,-2.2157400031099943,-2.174463071347299,9.739710086044072,,-57.64246483692791,69.80777596332369,-24.931439769803433,-24.46699297700306,109.59092449688484,
2005-08-28,1.0,5480,0.1643709379504746,4.875194549560547,0.0127995060756802,0.0011404063552618,1.027477502822876,3.676459143968872,,155.176064,< 600,< 20mm,-0.1515714318747944,4.710823611610072,-0.1632305315952128,0.8631065648724013,3.5120882060183973,,-92.21303581078504,2865.9711201681257,-99.30619952074167,525.096817986436,2136.6844101580773,
2005-09-11,0.0,9950,15.69710131310395,14.534770965576172,12.914809226989746,12.906896591186523,11.852106094360352,13.217898832684828,,281.75216,< 600,< 20mm,-2.7822920861142038,-1.162330347527778,-2.7902047219174264,-3.8449952187435983,-2.479202480419122,,-17.724878183665314,-7.40474514589177,-17.775286444690025,-24.494937899991726,-15.794014646191284,
2005-09-30,4.0,17500,86.0547457592939,79.74807739257812,49.599063873291016,64.56140899658203,83.89012145996094,103.78832684824904,,495.544,< 600,50 - 100mm,-36.45568188600288,-6.306668366715769,-21.493336762711863,-2.1646242993329565,17.733581088955148,,-42.363360166066926,-7.328670035649545,-24.976352638158353,-2.5154037470375976,20.607324944702338,
2005-10-09,1.0,8900,34.23896746182512,9.028759956359863,12.620490074157717,24.84805679321289,15.372835159301758,17.90661478599223,,252.01952,< 600,20 - 50mm,-21.618477387667404,-25.210207505465256,-9.390910668612229,-18.86613230252336,-16.33235267583289,,-63.139980525905216,-73.63016286508488,-27.427552186211994,-55.10134709394562,-47.701066610851264,
2005-10-13,1.0,8310,21.70497320445181,12.347396850585938,15.66779899597168,14.349464416503906,36.93472671508789,12.408560311284049,,235.31260799999998,< 600,20 - 50mm,-6.037174208480131,-9.357576353865873,-7.355508787947905,15.22975351063608,-9.296412893167762,,-27.814704729706246,-43.11259113624053,-33.88858727749661,70.16711500713751,-42.83079645203623,
2005-10-18,3.0,20700,51.32765202431888,41.06722259521485,23.44427490234375,37.598106384277344,47.39370727539063,36.534241245136194,,586.1577599999999,< 600,50 - 100mm,-27.88337712197513,-10.260429429104029,-13.729545640041536,-3.9339447489282477,-14.793410779182686,,-54.32427945226108,-19.99006193434032,-26.748828552563676,-7.664376985458748,-28.8215225044263,
2005-10-26,1.0,12300,15.930476115899424,10.383062362670898,9.52045440673828,11.470992088317873,12.012977600097656,11.52412451361868,,348.29663999999997,< 600,< 20mm,-6.410021709161144,-5.5474137532285255,-4.459484027581551,-3.9174985158017677,-4.406351602280743,,-40.237477288978305,-34.82264882021903,-27.993413348963,-24.59122054670987,-27.659886435427882,
2005-11-01,3.0,21500,63.815845103268416,55.46372222900391,37.74407958984375,55.139530181884766,55.72238159179688,76.2663424124514,,608.8112,600 - 1200,50 - 100mm,-26.071765513424666,-8.352122874264502,-8.67631492138365,-8.093463511471533,12.450497309182978,,-40.85468972672018,-13.087851239373052,-13.59586307655006,-12.682529704612525,19.510040631813727,
2005-11-09,2.0,17600,25.86140150789093,17.23672103881836,15.981186866760254,16.22595977783203,21.71548080444336,19.77237354085602,,498.37568,< 600,20 - 50mm,-9.880214641130674,-8.624680469072569,-9.635441730058897,-4.145920703447569,-6.089027967034909,,-38.20448260747193,-33.34962517959815,-37.258002924237864,-16.031307128434435,-23.544849126513895,
2005-11-16,0.0,16000,23.132483781573143,6.176525115966797,12.896677017211914,11.25285530090332,19.12258529663086,8.144941634241242,,453.0688,< 600,20 - 50mm,-10.235806764361229,-16.955958665606346,-11.879628480669822,-4.009898484942283,-14.9875421473319,,-44.248628296952965,-73.29934314754868,-51.3547468263347,-17.334491716520667,-64.79002552795764,
2005-11-24,1.0,16100,0.1504321226909806,4.5725531578063965,6.888744974276051e-05,0.0373488552868366,0.1997498422861099,0.9859922178988318,,455.90048,< 600,< 20mm,-0.15036323524123785,4.422121035115416,-0.11308326740414401,0.04931771959512929,0.8355600952078512,,-99.95420695493058,2939.612202507697,-75.17228726236947,32.78403489422157,555.4399421221146,
2005-12-01,0.0,13000,20.470518155660955,17.10722541809082,26.4582633972168,20.300392150878903,19.686426162719727,26.72645914396889,,368.1184,< 600,20 - 50mm,5.987745241555846,-3.3632927375701342,-0.17012600478205187,-0.784091992941228,6.255940988307934,,29.250579765612745,-16.429934562452896,-0.8310781558551068,-3.8303475612042273,30.560735887273594,
2005-12-23,4.0,28700,88.76023897112668,72.22953796386719,80.14302062988281,88.39193725585938,67.93475341796875,79.58132295719844,,812.69216,600 - 1200,50 - 100mm,-8.61721834124387,-16.530701007259495,-0.3683017152673074,-20.825485553157932,-9.178916013928244,,-9.708421745064266,-18.623993354318095,-0.4149399771074459,-23.46262898180386,-10.341247522907308,
2005-12-25,3.0,43900,97.55866918873832,68.6653060913086,122.2528305053711,108.5835418701172,99.2087860107422,91.00642023346296,,1243.10752,1200 - 1700,50 - 100mm,24.694161316632773,-28.893363097429727,11.02487268137888,1.6501168220038807,-6.55224895527536,,25.31211374855792,-29.61639733064853,11.300761657633943,1.691409728859198,-6.71621395593178,
2005-12-27,1.0,31700,67.99451052253606,45.316688537597656,78.01223754882812,61.20299530029297,71.22256469726562,62.68385214007781,,897.64256,600 - 1200,50 - 100mm,10.017727026292064,-22.677821984938404,-6.791515222243092,3.2280541747295644,-5.31065838245825,,14.733140880500631,-33.35243067515293,-9.988328719554671,4.747521748332404,-7.810422255629135,
2006-01-05,2.0,18900,28.11434033974635,50.78778839111328,36.000770568847656,38.34604644775391,53.08486557006836,51.292996108949374,,535.18752,< 600,20 - 50mm,7.8864302291013075,22.673448051366933,10.231706108007565,24.97052523032201,23.178655769203026,,28.051272531377702,80.64727031604076,36.39319288435375,88.81775253684397,82.44424549572109,
2006-01-06,1.0,31000,61.08280298381645,62.85469818115234,71.405517578125,55.950233459472656,76.08890533447266,63.30330739299603,,877.8208,600 - 1200,50 - 100mm,10.32271459430855,1.771895197335887,-5.132569524343793,15.006102350656207,2.2205044091795827,,16.899543062952592,2.9008085922405047,-8.402642435553652,24.566820148433578,3.6352365980452683,
2006-01-12,1.0,49300,126.04554491608366,88.36454010009766,85.5779037475586,98.12205505371094,97.54202270507812,119.0040856031129,,1396.0182399999999,1200 - 1700,> 100mm,-40.46764116852506,-37.681004815986,-27.92348986237272,-28.50352221100553,-7.041459312970758,,-32.10557040748,-29.89475339336474,-22.153492121409858,-22.613668916249356,-5.586440455042417,
2006-01-17,1.0,34200,51.168447403304896,51.27419662475586,53.10708618164063,55.96590805053711,66.43758392333984,57.74105058365763,,968.43456,600 - 1200,50 - 100mm,1.9386387783357364,0.10574922145096366,4.797460647232214,15.269136520034948,6.572603180352736,,3.7887387183268775,0.20666881020926478,9.37581828391055,29.840922081698217,12.84503148697887,
2006-02-01,1.0,27700,106.68997327684215,82.75382232666016,106.52033996582033,114.94085693359376,129.85801696777344,109.73112840466922,,784.37536,600 - 1200,> 100mm,-0.16963331102182622,-23.936150950181997,8.250883656751611,23.168043690931285,3.041155127827068,,-0.15899648843444447,-22.435239427862445,7.733513659565727,21.71529617953338,2.850460108313827,
2006-02-03,3.0,27100,71.06859657823698,58.33146667480469,76.8470458984375,73.44762420654297,89.86461639404297,62.21614785992215,,767.38528,600 - 1200,50 - 100mm,5.778449320200522,-12.73712990343229,2.379027628305991,18.79601981580599,-8.852448718314825,,8.130805444904524,-17.92230396643674,3.347508946074376,26.447714913174202,-12.456203083410362,
2006-02-15,0.0,17400,7.063009558290726,4.79373836517334,3.642328977584839,2.462393045425415,4.545361518859863,6.377237354085602,,492.71232,< 600,< 20mm,-3.420680580705887,-2.269271193117386,-4.600616512865311,-2.5176480394308625,-0.685772204205124,,-48.430921018514155,-32.12895543166386,-65.13677314035345,-35.64554201226569,-9.709348381104038,
2006-02-26,1.0,13600,35.574328873929105,23.47867012023925,19.40533447265625,11.792344093322754,18.941612243652344,14.375875486381323,,385.10848,< 600,20 - 50mm,-16.168994401272855,-12.095658753689854,-23.78198478060635,-16.63271663027676,-21.19845338754778,,-45.45129848710207,-34.00108768476091,-66.85153461330692,-46.7548289926171,-59.589187086768106,
2006-03-08,1.0,14700,18.197103266347817,41.70281600952149,48.30418014526367,41.147403717041016,42.99957275390625,56.7038910505837,,416.25696,< 600,< 20mm,30.107076878915855,23.505712743173675,22.9503004506932,24.802469487558433,38.50678778423588,,165.4498325268799,129.17282712047444,126.12062543567329,136.29899838743026,211.60943706599213,
2006-03-16,0.0,13600,8.254401534590531,16.404775619506836,15.483166694641112,12.863029479980469,8.239574432373047,13.06031128404669,,385.10848,< 600,< 20mm,7.22876516005058,8.150374084916304,4.608627945389937,-0.014827102217484622,4.805909749456159,,87.57467309723225,98.73973359257732,55.83236926477618,-0.1796266168461859,58.22238873789608,
2006-03-24,2.0,11000,11.28716250945481,18.05259895324707,33.23162078857422,19.513748168945312,20.210235595703125,13.182101167315189,,311.4848,< 600,< 20mm,21.94445827911941,6.765436443792261,8.226585659490503,8.923073086248316,1.8949386578603793,,194.4196184004386,59.93921358113806,72.8844441869196,79.05505993002059,16.788441348948986,
2006-04-15,0.0,14900,58.68494069211569,50.267215728759766,51.50406646728516,46.03507995605469,53.491790771484375,52.53735408560315,,421.92032,< 600,50 - 100mm,-7.180874224830525,-8.417724963355923,-12.649860736061001,-5.193149920631313,-6.14758660651254,,-12.236315041203193,-14.34392684746607,-21.555548300588992,-8.849203661764989,-10.475577778573895,
2006-05-24,1.0,24100,18.65448373833575,19.949970245361328,20.997249603271484,25.159053802490234,27.12030029296875,23.58463035019456,,682.43488,600 - 1200,< 20mm,2.3427658649357355,1.2954865070255792,6.5045700641544855,8.465816554633001,4.9301466118588095,,12.55872795944094,6.9446387538632335,34.868668334076276,45.38220769538313,26.428748610861586,
2006-06-02,2.0,26100,13.356910126970682,21.502290725708008,23.07499313354492,19.988338470458984,12.51441764831543,24.44221789883267,,739.06848,600 - 1200,< 20mm,9.718083006574236,8.145380598737326,6.631428343488302,-0.8424924786552523,11.085307771861988,,72.75696934541159,60.98252156604636,49.647922165006705,-6.307540221851653,82.99305502908338,
2006-07-14,0.0,16200,19.991617615780985,13.029738426208496,12.190587043762209,7.708990573883057,13.760176658630373,17.402140077821016,,458.73216,< 600,< 20mm,-7.801030572018776,-6.961879189572489,-12.282627041897928,-6.231440957150612,-2.5894775379599686,,-39.02150752353725,-34.8239913516399,-61.43888542667136,-31.170268844236183,-12.952816464015832,
2006-09-17,1.0,5650,10.723682604360404,11.47546672821045,7.266692161560059,6.070469856262207,25.04896545410156,9.218093385214006,,159.98991999999998,< 600,< 20mm,-3.456990442800345,0.7517841238500456,-4.653212748098197,14.325282849741155,-1.5055892191463975,,-32.236970920742124,7.010503309230351,-43.39192905808433,133.5854797111982,-14.039852489985142,
2006-09-21,1.0,7420,28.625118566944085,20.234100341796875,14.88333511352539,20.30387115478516,22.422420501708984,23.697276264591444,,210.110656,< 600,20 - 50mm,-13.741783453418694,-8.39101822514721,-8.321247412158925,-6.202698065235101,-4.927842302352641,,-48.006031560293785,-29.313479367862072,-29.069739546050975,-21.66872444817712,-17.215098308949013,
2006-10-09,0.0,3790,1.5304741877323482,3.380067825317383,3.7174668312072754,1.5514816045761108,0.2853069305419922,2.146887159533074,,107.320672,< 600,< 20mm,2.186992643474927,1.8495936375850346,0.021007416843762616,-1.245167257190356,0.6164129718007256,,142.89640825078664,120.8510180969151,1.3726083727611633,-81.35826576959643,40.275946941257715,
2006-10-18,1.0,3930,19.28697131145287,13.249275207519531,14.38072109222412,11.651405334472656,13.789468765258787,9.793190661478596,,111.28502399999999,< 600,< 20mm,-4.906250219228751,-6.037696103933339,-7.635565976980214,-5.497502546194083,-9.493780649974275,,-25.438157915003227,-31.304531989157212,-39.589243192611114,-28.5037109114669,-49.22380241389553,
2006-10-27,1.0,6130,31.78850476167398,17.035011291503906,9.019712448120115,11.633743286132812,30.927143096923828,16.19941634241245,,173.581984,< 600,20 - 50mm,-22.768792313553867,-14.753493470170074,-20.154761475541168,-0.8613616647501523,-15.589088419261529,,-71.62586754003357,-46.41141060512453,-63.40267221326147,-2.709663984537765,-49.04001788110718,
2006-11-04,4.0,38100,92.34494079142296,106.32209777832033,103.90282440185548,148.423095703125,119.6805648803711,133.19591439688716,,1078.87008,600 - 1200,50 - 100mm,11.557883610432526,13.97715698689737,56.07815491170204,27.335624088948137,40.850973605464205,,12.515990060070544,15.135812386806549,60.72682967913128,29.601647751001735,44.237370510349024,
2006-11-07,5.0,116000,234.5107572037677,190.489974975586,280.90753173828125,188.0174102783203,164.68338012695312,259.0577821011674,,3284.7488,> 1700,> 100mm,46.396774534513554,-44.0207822281817,-46.49334692544738,-69.82737707681457,24.547024897399695,,19.784497345765313,-18.771327487519816,-19.825677712962676,-29.775767179900058,10.467334287812925,
2006-11-10,1.0,49500,58.58966351273411,46.68342208862305,27.163036346435547,44.13253402709961,49.571903228759766,63.58404669260696,,1401.6816,1200 - 1700,50 - 100mm,-31.426627166298566,-11.906241424111066,-14.457129485634503,-9.017760283974347,4.994383179872848,,-53.63851792640553,-20.32140263362891,-24.675221905809945,-15.391384321595208,8.524341804399251,
2006-11-16,4.0,54000,92.2374340957369,62.44362258911133,94.95706939697266,66.48181915283203,74.39698028564453,71.17159533073932,,1529.1072,1200 - 1700,50 - 100mm,2.719635301235755,-29.793811506625573,-25.75561494290487,-17.84045381009237,-21.06583876499758,,2.948515782012038,-32.301214575962064,-27.92316936762583,-19.341879991560752,-22.83870856937814,
2006-11-19,2.0,25500,7.372342241823364,23.769363403320312,23.245471954345703,33.08952331542969,38.36245346069336,18.281517509727603,,722.0784,600 - 1200,< 20mm,15.873129712522339,16.397021161496948,25.717181073606323,30.990111218869995,10.909175267904239,,215.3064683089986,222.4126420566384,348.8332504114164,420.3563833901093,147.97434668749355,
2006-11-30,1.0,12300,27.93409557345374,30.114154815673828,44.75444412231445,25.94230461120605,35.515899658203125,31.02626459143968,,348.29663999999997,< 600,20 - 50mm,16.820348548860714,2.1800592422200893,-1.9917909622476877,7.581804084749386,3.092169017985942,,60.2144018038135,7.804295064744597,-7.130322000260218,27.14175608375346,11.069515423740743,
2006-12-15,2.0,34000,105.57535758209956,103.5146026611328,114.52450561523438,115.0008316040039,119.65901184082033,144.46731517509727,,962.7712,600 - 1200,> 100mm,8.949148033134819,-2.060754920966758,9.42547402190435,14.08365425872077,38.89195759299771,,8.476550056840308,-1.9519279575863469,8.92772161777878,13.339906755957484,36.83810169693604,
2006-12-21,1.0,14800,22.602978960925448,36.95721435546875,42.83306884765625,30.820600509643555,43.021263122558594,37.65972762645913,,419.08864,< 600,20 - 50mm,20.230089886730802,14.354235394543302,8.217621548718107,20.418284161633146,15.056748665533682,,89.50187460556972,63.5059450321038,36.35636507437446,90.33448288798985,66.61400115251536,
2006-12-25,2.0,17000,54.35970172690616,49.835819244384766,66.86161804199219,48.79473876953125,60.09199905395508,59.486381322957214,,481.3856,< 600,50 - 100mm,12.501916315086028,-4.523882482521394,-5.5649629573749095,5.732297327048919,5.126679596051055,,22.99850057657328,-8.322125285470854,-10.237294872095383,10.545122848258071,9.43102966570092,
2007-01-03,3.0,49900,102.2573021105395,107.4316864013672,140.65060424804688,112.87799835205078,119.81431579589844,190.67529182879372,,1413.00832,1200 - 1700,> 100mm,38.393302137507376,5.174384290827703,10.620696241511283,17.55701368535894,88.41798971825422,,37.54578044314572,5.060161166030204,10.386247262841316,17.16944738712148,86.46618666183362,
2007-01-05,1.0,25800,93.0130305627564,70.15457153320312,49.74079895019531,51.11626815795898,56.74163055419922,67.52451361867702,,730.57344,600 - 1200,50 - 100mm,-43.272231612561086,-22.858459029553273,-41.89676240479742,-36.27140000855718,-25.48851694407938,,-46.52276283306894,-24.575544836301777,-45.04397088376714,-38.99604151064045,-27.403167910846786,
2007-01-08,2.0,28900,94.87079525518143,57.87976837158203,94.23486328125,78.3697509765625,89.52361297607422,72.36984435797666,,818.35552,600 - 1200,50 - 100mm,-0.6359319739314344,-36.9910268835994,-16.501044278618934,-5.347182279107216,-22.500950897204774,,-0.6703137379853497,-38.990952678431476,-17.393175881191656,-5.636278545704691,-23.717468412362518,
2007-01-16,0.0,17200,2.393646269956342,7.536165237426758,11.336396217346191,5.9395036697387695,7.474460124969482,8.322178988326852,,487.04895999999997,< 600,< 20mm,8.94274994738985,5.142518967470416,3.5458573997824274,5.08081385501314,5.92853271837051,,373.603654793695,214.84038940992772,148.13623233674792,212.26251843409636,247.6778959690916,
2007-01-22,1.0,13800,31.210153002569267,26.33820533752441,43.197509765625,24.351974487304688,36.08434295654297,20.6554474708171,,390.77184,< 600,20 - 50mm,11.987356763055733,-4.871947665044857,-6.85817851526458,4.874189953973701,-10.554705531752166,,38.40851649163308,-15.61013707508512,-21.974190625403228,15.617321560623079,-33.81817939464535,
2007-02-06,0.0,11700,12.086145295856792,14.988014221191406,21.86053466796875,3.911112546920776,20.18341636657715,7.61322957198443,,331.30656,< 600,< 20mm,9.774389372111958,2.9018689253346146,-8.175032748936015,8.097271070720357,-4.472915723872362,,80.87267803625265,24.00987952982324,-67.63970272422978,66.99630752822534,-37.00862114743653,
2007-02-15,1.0,18800,23.92019311394712,44.56287384033203,44.52763366699219,41.354862213134766,44.12025451660156,49.32840466926066,,532.35584,< 600,20 - 50mm,20.607440553045066,20.64268072638491,17.434669099187644,20.20006140265444,25.408211555313535,,86.15081180523376,86.29813575522014,72.8868241829621,84.44773546111722,106.22076265972451,
2007-02-21,0.0,24400,74.67521981253905,50.17367935180664,76.4577407836914,72.31809997558594,78.21083068847656,73.10797665369653,,690.92992,600 - 1200,50 - 100mm,1.7825209711523513,-24.501540460732414,-2.3571198369531174,3.5356108759375076,-1.5672431588425297,,2.3870314350960107,-32.81080460457948,-3.1564953446006765,4.734650778147193,-2.0987459598737823,
2007-03-12,3.0,60000,91.25467115617846,83.08319854736328,141.986328125,97.2384796142578,109.22171020507812,103.22198443579764,,1699.008,1200 - 1700,50 - 100mm,50.73165696882154,-8.17147260881518,5.983808458079338,17.967039048899665,11.967313279619177,,55.593490531565756,-8.954580083719827,6.557262639014179,19.688897917510268,13.114192542689276,
2007-03-16,1.0,25800,26.306833631755254,25.97251510620117,38.136268615722656,33.49712371826172,34.51767349243164,30.69202334630351,,730.57344,600 - 1200,20 - 50mm,11.829434983967403,-0.33431852555408526,7.190290086506465,8.210839860676387,4.3851897145482575,,44.96715625132463,-1.2708428928920046,27.33240414698556,31.21181353716776,16.669393876634583,
2007-03-25,1.0,74200,116.80842055519956,85.0453109741211,108.50775146484376,82.08126068115234,95.19141387939452,121.07548638132288,,2101.10656,> 1700,> 100mm,-8.300669090355797,-31.763109581078467,-34.72715987404722,-21.617006675805044,4.267065826123314,,-7.106224920174477,-27.192482725222995,-29.730014076884448,-18.50637700009787,3.6530464206618123,
2007-04-03,0.0,18100,9.676611850750463,6.672023773193359,8.688810348510742,10.217259407043455,7.747313022613525,5.969844357976656,,512.53408,< 600,< 20mm,-0.9878015022397211,-3.004588077557104,0.540647556292992,-1.9292988281369379,-3.7067674927738077,,-10.208133977835567,-31.0500010117083,5.58715761913156,-19.937751538389055,-38.306460463083795,
2007-04-14,1.0,16100,17.734957909550747,17.508920669555664,35.72469711303711,14.70708465576172,30.63912010192871,24.69455252918288,,455.90048,< 600,< 20mm,17.989739203486362,-0.22603723999508318,-3.0278732537890267,12.904162192377964,6.959594619632131,,101.43660501048277,-1.2745293287296504,-17.0729091618449,72.76116615663761,39.24223928315163,
2007-04-20,0.0,13300,6.685462715550518,1.2854676246643066,3.791989803314209,9.316191673278809,10.679495811462402,1.536575875486382,,376.61343999999997,< 600,< 20mm,-2.8934729122363088,-5.399995090886211,2.630728957728291,3.9940330959118846,-5.148886840064136,,-43.28006953813435,-80.77219663981846,39.34999071356966,59.74205923879712,-77.0161626672111,
2007-04-28,1.0,28400,44.41597508640522,36.7700309753418,37.21906280517578,32.39482879638672,38.6099967956543,41.30369649805445,,804.19712,600 - 1200,20 - 50mm,-7.196912281229437,-7.645944111063422,-12.0211462900185,-5.805978290750922,-3.112278588350769,,-16.203431912119065,-17.214401116240904,-27.06491587009629,-13.071824449325234,-7.007115305464431,
2007-05-21,0.0,18000,24.34206881066143,22.327682495117188,7.107436180114746,31.27894401550293,24.2241325378418,22.03365758754865,,509.7024,< 600,20 - 50mm,-17.234632630546685,-2.014386315544243,6.936875204841499,-0.11793627281963026,-2.308411223112781,,-70.8018400761327,-8.275329148120617,28.49747594914061,-0.484495684146518,-9.483217063710438,
2007-06-05,2.0,41200,6.819097505340373,18.76370429992676,7.472382545471191,16.423105239868164,12.568780899047852,19.044163424124505,,1166.65216,600 - 1200,< 20mm,0.6532850401308181,11.944606794586388,9.60400773452779,5.749683393707478,12.225065918784132,,9.580227289889876,175.16404165260835,140.83986520219744,84.31736588609586,179.27688978211674,
2007-06-18,0.0,24100,21.357353738913343,15.244781494140623,10.632083892822266,29.509275436401367,12.29921054840088,19.321984435797663,,682.43488,600 - 1200,20 - 50mm,-10.725269846091077,-6.1125722447727195,8.151921697488024,-9.058143190512462,-2.0353693031156794,,-50.21815894049417,-28.620457007440685,38.16915614707046,-42.41229180939407,-9.530063171670998,
2007-07-02,1.0,22300,9.382986615221398,0.0153366718441247,0.5338186621665955,2.783024311065674,2.0209879875183105,0.9933852140077826,,631.46464,600 - 1200,< 20mm,-8.849167953054803,-9.367649943377273,-6.599962304155724,-7.3619986277030875,-8.389601401213616,,-94.31078094792741,-99.83654807927313,-70.33967514617406,-78.46114387246598,-89.4129102518778,
2007-07-14,1.0,29000,1.1567590833137642,0.8288029432296753,0.9900326132774352,0.5114776492118835,0.8847930431365967,2.854474708171207,,821.1872,600 - 1200,< 20mm,-0.166726470036329,-0.3279561400840889,-0.6452814341018807,-0.2719660401771675,1.697715624857443,,-14.41324061694058,-28.351291536401334,-55.78356318182909,-23.511035625332394,146.76484060916144,
2007-07-23,5.0,24300,45.34036136414485,24.437843322753903,8.006811141967773,20.44606590270996,15.616079330444336,34.63852140077819,,688.09824,600 - 1200,20 - 50mm,-37.333550222177074,-20.902518041390945,-24.894295461434886,-29.72428203370051,-10.701839963366659,,-82.34065432857454,-46.10134858325292,-54.90537506196696,-65.55810571286375,-23.60334069112575,
2007-08-21,0.0,7810,18.874824092760825,17.418245315551758,14.715818405151367,15.80349349975586,14.427757263183594,21.3931906614786,,221.15420799999998,< 600,< 20mm,-4.159005687609458,-1.4565787772090673,-3.0713305930049657,-4.447066829577231,2.5183665687177736,,-22.034672573211353,-7.717045573779507,-16.272101810914,-23.560838541975297,13.342463783191802,
2007-09-03,2.0,6730,0.8726883353665471,0.4558045268058777,0.0126312561333179,0.0139149958267807,0.1666640192270279,0.2873540856031131,,190.57206399999998,< 600,< 20mm,-0.8600570792332292,-0.4168838085606694,-0.8587733395397664,-0.7060243161395192,-0.585334249763434,,-98.55260399143383,-47.770067693819875,-98.40550225517383,-80.90222906932455,-67.07254194220226,
2007-09-14,0.0,6680,0.1316826013658092,0.0,1.227056714014907e-07,0.0005138734704814,0.0044026668183505,0.0554474708171206,,189.156224,< 600,< 20mm,-0.1316824786601378,-0.1316826013658092,-0.1311687278953278,-0.1272799345474587,-0.0762351305486886,,-99.99990681709646,-100.0,-99.60976357912776,-96.65660704399357,-57.89309275331701,
2007-09-20,1.0,5720,4.586263861788533,5.398603916168213,0.5871918797492981,2.399277210235596,0.7021209001541138,11.072568093385208,,161.972096,< 600,< 20mm,-3.9990719820392346,0.8123400543796802,-2.1869866515529366,-3.884142961634419,6.486304231596675,,-87.19672706488572,17.712457871163284,-47.685582806831015,-84.6907870695363,141.42893708403363,
2007-09-30,2.0,6470,33.4593193137281,44.05490112304688,51.8508415222168,53.60975646972656,88.6830825805664,59.45758754863814,,183.209696,< 600,20 - 50mm,18.391522208488695,10.59558180931878,20.15043715599846,55.223763266838304,25.998268234910036,,54.96681518246784,31.667057270263992,60.22369124446262,165.04747974409756,77.70112712437383,
2007-10-02,1.0,12800,77.85933081050676,85.20260620117188,87.2106704711914,108.88694763183594,141.52635192871094,118.28346303501944,,362.45504,< 600,50 - 100mm,9.351339660684644,7.343275390665113,31.027616821329175,63.667021118204175,40.424132224512675,,12.01055745449937,9.431464815099813,39.850865013011564,81.77185759938821,51.91944472640859,
2007-10-06,2.0,13600,24.19238238134105,14.553549766540527,7.036557674407959,16.011489868164062,8.914119720458984,10.911284046692607,,385.10848,< 600,20 - 50mm,-17.155824706933092,-9.638832614800524,-8.180892513176989,-15.278262660882067,-13.281098334648444,,-70.91415982315544,-39.84242834320733,-33.81598547932467,-63.15319599390009,-54.89785224663035,
2007-10-09,3.0,18700,35.8214302415651,22.75809097290039,63.8574104309082,32.79288482666016,45.8437728881836,28.82412451361869,,529.5241599999999,< 600,20 - 50mm,28.0359801893431,-13.063339268664713,-3.02854541490494,10.022342646618497,-6.997305727946415,,78.26594304102291,-36.46794441363978,-8.454563077134738,27.978622235438145,-19.533853564080054,
2007-10-21,2.0,14100,58.50177811909588,41.26408767700195,47.16204071044922,54.35903930664063,57.36008834838867,56.02256809338523,,399.26688,< 600,50 - 100mm,-11.339737408646663,-17.23769044209393,-4.142738812455249,-1.1416897707072096,-2.4792100257106497,,-19.383577342831565,-29.46524190598453,-7.0813895673762355,-1.9515471279915584,-4.237837046018602,
2007-10-24,1.0,17900,35.41818357440224,21.52889633178711,21.534564971923828,21.18303680419922,35.003536224365234,28.740272373540847,,506.87072,< 600,20 - 50mm,-13.883618602478414,-13.889287242615133,-14.235146770203023,-0.4146473500370078,-6.677911200861395,,-39.199126554057706,-39.21513144071377,-40.19163416525736,-1.1707188460581746,-18.85447114144983,
2007-11-04,1.0,9670,17.84612046061244,16.312820434570312,19.85880279541016,7.355010986328125,22.87782287597656,2.3525291828793784,,273.823456,< 600,< 20mm,2.01268233479772,-1.5333000260421272,-10.491109474284315,5.031702415364119,-15.493591277733062,,11.277982456970646,-8.591783460311282,-58.78649926990509,28.194936969463008,-86.81769974560261,
2007-11-06,1.0,9860,17.26687955551551,2.0673327445983887,9.920843124389648,4.447789669036865,13.362512588500977,3.00525291828794,,279.203648,< 600,< 20mm,-7.34603643112586,-15.19954681091712,-12.819089886478643,-3.904366967014532,-14.261626637227568,,-42.54408798942098,-88.02717805523798,-74.24091796820277,-22.611885109069238,-82.59527490983174,
2007-11-09,2.0,9820,13.771738048300971,21.90162849426269,20.010398864746094,14.666254043579102,18.83267974853516,10.272373540856028,,278.070976,< 600,< 20mm,6.2386608164451225,8.12989044596172,0.8945159952781303,5.0609417002341885,-3.499364507444943,,45.30046094809936,59.03314757692992,6.49530213354942,36.74875082930117,-25.409752169056553,
2007-11-12,3.0,14200,32.844416866452924,44.65340423583984,53.22931671142578,57.66133117675781,80.05753326416016,21.10389105058365,,402.09856,< 600,20 - 50mm,20.384899844972857,11.808987369386912,24.816914310304888,47.21311639770723,-11.740525815869276,,62.065038109395886,35.95432190926957,75.55900417173406,143.74776872939523,-35.745879927193876,
2007-11-16,2.0,28700,49.52159464621407,47.34568786621094,58.54073715209961,56.57655334472656,64.5533447265625,48.23560311284051,,812.69216,600 - 1200,20 - 50mm,9.01914250588554,-2.1759067800031318,7.054958698512493,15.03175008034843,-1.2859915333735614,,18.212544588515296,-4.393854429664413,14.246226820670133,30.35392981130023,-2.5968298124500633,
2007-11-22,0.0,13900,3.5383938830773247,0.0,0.007931375876069,0.1400293111801147,0.4031102657318115,32.94105058365759,,393.60352,< 600,< 20mm,-3.5304625072012557,-3.5383938830773247,-3.39836457189721,-3.135283617345513,29.402656700580266,,-99.77584813511007,-100.0,-96.04257423545137,-88.60753553583389,830.960533851277,
2007-12-04,5.0,71300,152.6000134917564,157.6444549560547,155.62330627441406,192.1265869140625,169.91162109375,21.58385214007781,,2018.98784,> 1700,> 100mm,3.0232927826576486,5.044441464298274,39.526573422306086,17.311607601993586,-131.0161613516786,,1.9811877558064368,3.3056625283789893,25.902077278939,11.344433860701313,-85.85593038545582,
2007-12-17,0.0,12600,36.5097705646637,34.51556396484375,56.24239349365234,49.42861175537109,53.8976936340332,20.41712062256811,,356.79168,< 600,20 - 50mm,19.73262292898864,-1.9942065998199467,12.91884119070739,17.387923069369506,-16.092649942095587,,54.04751282684595,-5.462117589284599,35.38461346347381,47.625396710103026,-44.0776528945679,
2007-12-24,1.0,17800,56.42435953026747,60.683929443359375,65.67057800292969,65.90438079833984,62.55793380737305,108.8789883268483,,504.03904,< 600,50 - 100mm,9.246218472662214,4.259569913091902,9.48002126807237,6.1335742771055735,52.45462879658083,,16.38692676290336,7.549168388534315,16.80129175943423,10.870436684027165,92.96450900509171,
2008-01-03,1.0,11500,18.87109752465573,37.51784133911133,29.12506103515625,32.24075698852539,34.47637176513672,30.49630350194553,,325.6432,< 600,< 20mm,10.253963510500519,18.646743814455597,13.36965946386966,15.605274240480988,11.625205977289799,,54.33686883925731,98.81112526758442,70.84728085582593,82.69404691535384,61.60323193762881,
2008-01-05,2.0,15800,40.93076676574765,53.665321350097656,64.10171508789062,54.08811569213867,49.13752746582031,45.38424124513619,,447.40544,< 600,20 - 50mm,23.170948322142976,12.734554584350008,13.157348926391023,8.206760700072664,4.4534744793885395,,56.61010079472361,31.11242615422183,32.14537612181155,20.050346838213592,10.88050586708131,
2008-01-14,1.0,18000,24.518791597852275,29.286046981811523,43.89141082763672,25.846969604492188,36.71124267578125,32.963424124513594,,509.7024,< 600,20 - 50mm,19.372619229784444,4.767255383959249,1.328178006639913,12.192451077928975,8.44463252666132,,79.0113132307931,19.44327217323727,5.416979875779257,49.72696565925775,34.44147111801802,
2008-02-01,0.0,10200,58.86609180502408,52.432411193847656,47.01121520996094,44.652870178222656,64.40396118164062,60.87276264591446,,288.83136,< 600,50 - 100mm,-11.85487659506314,-6.43368061117642,-14.21322162680142,5.537869376616548,2.0066708408903864,,-20.138718626554642,-10.929348991752365,-24.14500638819096,9.407570991733317,3.4088739023763797,
2008-02-09,1.0,16300,102.8185658381956,79.87779998779297,97.8344268798828,102.26905822753906,112.91024017333984,104.3070038910506,,461.56383999999997,< 600,> 100mm,-4.984138958312798,-22.940765850402627,-0.5495076106565335,10.091674335144248,1.4884380528550025,,-4.8475087331565,-22.311890526176224,-0.5344439558914752,9.815031218219286,1.4476354933770819,
2008-03-04,0.0,11700,35.61944164138378,22.65627098083496,36.79267883300781,29.4702262878418,30.20266342163086,18.85603112840466,,331.30656,< 600,20 - 50mm,1.1732371916240325,-12.963170660548819,-6.14921535354198,-5.416778219752921,-16.76341051297912,,3.2938112939449584,-36.393525735360775,-17.263648923675518,-15.207364209380358,-47.06253029385746,
2008-03-11,1.0,18300,24.89490442967842,31.88565444946289,34.37714385986328,34.263877868652344,32.13387680053711,34.372762645914406,,518.19744,< 600,20 - 50mm,9.482239430184862,6.990750019784471,9.368973438973924,7.23897237085869,9.477858216235987,,38.08907745345921,28.081047828608895,37.63410084758035,29.07812878457473,38.07147861526624,
2008-03-26,0.0,12300,33.38357554822911,20.54223251342773,29.168601989746094,21.309967041015625,35.04350280761719,13.936381322957205,,348.29663999999997,< 600,20 - 50mm,-4.214973558483017,-12.84134303480138,-12.073608507213486,1.659927259388077,-19.447194225271907,,-12.625890094947026,-38.46605051711596,-36.16631325116985,4.972287216478616,-58.25377870976291,
2008-05-14,2.0,14100,17.324288695061668,14.89328670501709,17.572921752929688,13.406428337097168,19.061092376708984,16.563035019455242,,399.26688,< 600,< 20mm,0.2486330578680196,-2.431001990044578,-3.9178603579645,1.7368036816473165,-0.7612536756064259,,1.4351703682869996,-14.032333637672185,-22.614841087711127,10.025252477710076,-4.394141017884464,
2008-05-20,1.0,56200,12.397565979614718,26.23689651489257,16.211326599121094,13.631449699401855,4.086565971374512,32.65972762645914,,1591.40416,1200 - 1700,< 20mm,3.8137606195063753,13.839330535277853,1.233883719787137,-8.311000008240207,20.26216164684442,,30.762172395592252,111.62941627440277,9.95262878064943,-67.03735250859692,163.43661070375774,
2008-06-06,0.0,25700,34.1130765094128,20.505645751953125,31.16386032104492,32.27637481689453,27.28997611999512,25.02762645914397,,727.74176,600 - 1200,20 - 50mm,-2.949216188367881,-13.607430757459674,-1.8367016925182682,-6.823100389417679,-9.085450050268829,,-8.645412522538406,-39.88919250277818,-5.384157280600207,-20.001421998789777,-26.633335306951533,
2008-08-01,1.0,13300,24.18015483927728,21.297094345092773,16.58732032775879,16.8039608001709,18.69088363647461,12.25272373540857,,376.61343999999997,< 600,20 - 50mm,-7.59283451151849,-2.8830604941845053,-7.37619403910638,-5.489271202802669,-11.92743110386871,,-31.40109962896099,-11.923250753966954,-30.50515634881206,-22.7015552186875,-49.327356185884575,
2008-08-11,0.0,12500,13.168334612028314,8.714553833007812,11.008115768432615,9.579950332641602,9.713622093200684,5.739299610894936,,353.96,< 600,< 20mm,-2.1602188435956986,-4.4537807790205015,-3.5883842793867124,-3.4547125188276304,-7.429035001133378,,-16.40464726361446,-33.82189859416465,-27.250099462911464,-26.23499949395273,-56.415903908968836,
2008-08-20,1.0,13100,20.9195831901348,45.20802307128906,35.361968994140625,24.403535842895508,27.159358978271484,52.26322957198445,,370.95008,< 600,20 - 50mm,14.442385804005824,24.28843988115426,3.4839526527607063,6.239775788136683,31.343646381849652,,69.0376365185733,116.10384232037727,16.654025183463784,29.827438393128304,149.82921073031034,
2008-08-23,3.0,15400,49.29097326994512,17.740108489990234,16.744142532348633,23.267688751220703,18.81590461730957,22.451556420233448,,436.07872,< 600,20 - 50mm,-32.54683073759649,-31.550864779954885,-26.023284518724417,-30.47506865263555,-26.83941684971167,,-66.03000220618837,-64.00941731696915,-52.79523367535525,-61.82687545189444,-54.45097767236998,
2008-08-29,3.0,16000,35.23843211757578,31.552410125732425,21.38905143737793,25.63227081298828,34.93013000488281,35.61926070038912,,453.0688,< 600,20 - 50mm,-13.849380680197854,-3.686021991843358,-9.606161304587502,-0.3083021126929708,0.3808285828133364,,-39.30192079485351,-10.460232678754428,-27.2604674139184,-0.8749030367307395,1.08071943025919,
2008-09-06,1.0,9750,0.0187265775110804,0.0,0.004642242565751,0.1086098328232765,0.1655963957309723,0.0,,276.0888,< 600,< 20mm,-0.014084334945329402,-0.0187265775110804,0.0898832553121961,0.1468698182198919,-0.0187265775110804,,-75.21040583628155,-100.0,479.9769485855743,784.2854260635181,-100.0,
2008-09-23,0.0,7550,26.52065584699162,14.566840171813965,7.297904014587402,6.393802165985107,6.976515293121338,12.014202334630342,,213.79184,< 600,20 - 50mm,-19.222751832404217,-11.953815675177655,-20.126853681006512,-19.54414055387028,-14.506453512361277,,-72.48218876376225,-45.073605057672964,-75.89123661619254,-73.69403180158261,-54.69869823753556,
2008-10-04,2.0,6580,16.920996187283055,36.09780502319336,18.301143646240234,27.445831298828125,18.61600112915039,39.23638132295721,,186.324544,< 600,< 20mm,1.380147458957179,19.176808835910304,10.52483511154507,1.6950049418673352,22.315385135674152,,8.156419655684493,113.33144114956187,62.19985510932855,10.01716992963578,131.87985440505707,
2008-10-07,1.0,11200,50.89322749456706,42.62366485595703,39.62093353271485,41.708152770996094,43.413536071777344,51.07762645914397,,317.14816,< 600,50 - 100mm,-11.272293961852206,-8.269562638610026,-9.185074723570963,-7.479691422789713,0.18439896457691418,,-22.148907657812707,-16.24884694037692,-18.047734788585547,-14.69683058239563,0.3623251533744821,
2008-10-16,2.0,8160,23.66805165438903,10.010433197021484,6.852550029754639,11.708486557006836,22.23575782775879,9.301750972762642,,231.065088,< 600,20 - 50mm,-16.81550162463439,-13.657618457367544,-11.959565097382193,-1.4322938266302394,-14.366300681626386,,-71.04725758664678,-57.704870078880624,-50.530416580210556,-6.051591603505028,-60.69912678664567,
2008-10-25,2.0,6920,1.871003825219044,1.186148762702942,1.483621597290039,0.3751627206802368,3.98120641708374,2.037937743190661,,195.952256,< 600,< 20mm,-0.3873822279290049,-0.6848550625161021,-1.4958411045388071,2.110202591864696,0.16693391797161694,,-20.704512877393658,-36.60361637346861,-79.94858612133969,112.78451510475391,8.922158026698503,
2008-11-02,2.0,8170,20.86002293069528,28.648799896240234,28.431095123291016,27.69417953491211,29.06525421142578,29.708171206225668,,231.348256,< 600,20 - 50mm,7.571072192595736,7.788776965544955,6.83415660421683,8.205231280730501,8.848148275530388,,36.294649424641776,37.33829531933956,32.76198030521073,39.33471841326022,42.41677156792786,
2008-11-09,4.0,29500,122.67752205573348,54.93385696411133,96.77458190917967,73.14855194091797,85.88868713378906,91.86926070038908,,835.3456,600 - 1200,> 100mm,-25.902940146553803,-67.74366509162215,-49.52897011481551,-36.788834921944414,-30.8082613553444,,-21.114658751246925,-55.22092715635844,-40.373304974577216,-29.98824422393446,-25.113208058887864,
2008-11-13,4.0,60000,121.1252694974438,100.91304779052734,88.09410858154297,95.11046600341795,110.17170715332033,83.07217898832685,,1699.008,1200 - 1700,> 100mm,-33.03116091590083,-20.212221706916452,-26.01480349402584,-10.953562344123469,-38.05309050911694,,-27.270247614679537,-16.687039616735802,-21.477602156810764,-9.043168605172541,-31.416310293468534,
2008-11-22,0.0,11400,23.804166365954863,21.683624267578125,44.10612869262695,25.859832763671875,34.823577880859375,25.05933852140077,,322.81152,< 600,20 - 50mm,20.30196232667209,-2.1205420983767382,2.0556663977170118,11.019411514904512,1.255172155445905,,85.28743252151149,-8.908281288982986,8.635742021434794,46.29194463480422,5.272909524112023,
2008-11-30,1.0,13200,36.490087951845126,26.173030853271484,22.73714256286621,21.20778465270996,26.751983642578125,38.47548638132295,,373.78176,< 600,20 - 50mm,-13.752945388978915,-10.317057098573642,-15.282303299135165,-9.738104309267001,1.9853984294778257,,-37.68953751804672,-28.273587918419796,-41.88069735349162,-26.686985030340526,5.440925305792347,
2008-12-29,0.0,6820,56.14341495723159,54.10960006713867,62.89759063720703,75.83511352539062,96.89842224121094,70.01964980544747,,193.120576,< 600,50 - 100mm,6.7541756799754396,-2.03381489009292,19.691698568159033,40.755007283979346,13.87623484821588,,12.03021883353653,-3.6225350589062324,35.07392377745385,72.59089479153577,24.71569436733834,
2009-01-08,4.0,72900,232.7683444232831,193.34591674804688,174.09506225585938,182.24708557128903,203.1248779296875,286.5651750972764,,2064.29472,> 1700,> 100mm,-58.673282167423736,-39.422427675236236,-50.52125885199408,-29.64346649359561,53.79683067399327,,-25.206727449471355,-16.93633546817156,-21.704522999967082,-12.735179505203572,23.11174692043397,
2009-01-10,2.0,34400,146.32679746107664,46.38068771362305,82.35662841796875,56.478851318359375,78.49454498291016,75.29435797665364,,974.0979199999999,600 - 1200,> 100mm,-63.97016904310789,-99.94610974745359,-89.84794614271726,-67.83225247816648,-71.032439484423,,-43.717330081063345,-68.3033535084642,-61.40225010160363,-46.35668493750098,-48.54369856848527,
2009-01-29,0.0,10200,18.862449332671044,16.637901306152344,23.84632682800293,20.770782470703125,25.45840644836425,19.04610894941635,,288.83136,< 600,< 20mm,4.983877495331885,-2.2245480265187005,1.9083331380320807,6.595957115693206,0.18365961674530595,,26.422218066343433,-11.793526849483074,10.117101466386542,34.968720124106895,0.9736785160090266,
2009-02-28,1.0,8230,23.269235226871263,8.010454177856445,8.193976402282715,4.172235488891602,4.766920566558838,3.945330739299612,,233.04726399999998,< 600,20 - 50mm,-15.075258824588548,-15.258781049014818,-19.09699973797966,-18.502314660312425,-19.323904487571653,,-64.78622385999034,-65.57491426015586,-82.0697352181411,-79.51406429956921,-83.04486288082408,
2009-04-14,0.0,18200,57.3439196964822,43.4814453125,54.79689407348633,54.94390869140625,48.61062240600586,63.77412451361872,,515.36576,< 600,50 - 100mm,-2.547025622995875,-13.862474383982203,-2.400011005075953,-8.733297290476344,6.43020481713652,,-4.441666416382282,-24.17427071144668,-4.1852929094820555,-15.229683176003912,11.21340300971959,
2009-05-05,1.0,18400,21.67438623888608,39.52945709228516,50.00722503662109,47.3511848449707,48.69704818725586,56.79085603112839,,521.02912,< 600,20 - 50mm,28.332838797735008,17.855070853399084,25.676798606084624,27.02266194836978,35.11646979224231,,130.7203742032749,82.37866879646745,118.46609321752237,124.67555782450874,162.01828926181886,
2009-05-14,0.0,17900,38.11617210264323,27.285606384277344,19.67081451416016,39.051307678222656,35.42682647705078,35.75214007782102,,506.87072,< 600,20 - 50mm,-18.445357588483073,-10.83056571836589,0.9351355755794231,-2.689345625592452,-2.3640320248222153,,-48.3924711505958,-28.41462067387093,2.4533827086864646,-7.055655059879307,-6.202175859779679,
2009-06-24,2.0,15000,9.735131923469668,7.609714508056641,2.081634044647217,8.552176475524902,2.512277126312256,12.350194552529182,,424.752,< 600,< 20mm,-7.653497878822451,-2.125417415413027,-1.1829554479447655,-7.222854797157412,2.615062629059514,,-78.61730009401549,-21.83244595061958,-12.151406444661225,-74.1937022932827,26.862118044389966,
2009-07-08,0.0,14500,12.146196935508607,7.27452278137207,6.584653377532959,3.273423194885254,7.629372596740723,5.586186770428012,,410.5936,< 600,< 20mm,-5.561543557975648,-4.871674154136537,-8.872773740623353,-4.516824338767885,-6.5600101650805955,,-45.7883532393324,-40.108637954770174,-73.04980964604965,-37.187148889075274,-54.0087584608713,
2009-08-11,2.0,8090,27.537441714259664,25.29194641113281,4.739889621734619,27.63688850402832,35.597679138183594,33.838521400778205,,229.082912,< 600,20 - 50mm,-22.797552092525045,-2.245495303126855,0.09944678976865617,8.06023742392393,6.301079686518541,,-82.78747288539817,-8.154335200876973,0.3611330013897399,29.270102530076752,22.881862999116816,
2009-08-17,0.0,7090,3.166678776351751,0.0,0.1028887927532196,0.156466469168663,0.257080465555191,0.2357976653696497,,200.766112,< 600,< 20mm,-3.0637899835985314,-3.166678776351751,-3.010212307183088,-2.90959831079656,-2.930881110982101,,-96.7508926537931,-100.0,-95.05897250023811,-91.88170055406229,-92.55378641084316,
2009-09-05,1.0,7570,20.55641490167557,32.791229248046875,18.72174835205078,23.396875381469727,13.486159324645996,32.54630350194554,,214.358176,< 600,20 - 50mm,-1.8346665496247887,12.234814346371305,2.8404604797941566,-7.070255577029574,11.989888600269968,,-8.925031715891487,59.518230221039346,13.81787871757068,-34.39440004907311,58.32674937541109,
2009-09-19,2.0,7560,3.697822183121956,15.86062717437744,10.101692199707031,7.865077018737793,17.21843719482422,14.109533073929963,,214.075008,< 600,< 20mm,6.403870016585075,12.162804991255484,4.167254835615837,13.520615011702262,10.411710890808006,,173.17950132416823,328.9180601157735,112.69484115911581,365.6372411149102,281.5633195757867,
2009-10-02,0.0,5770,27.344942606451347,16.727312088012695,11.44084644317627,16.19941520690918,21.111061096191406,20.60058365758753,,163.387936,< 600,20 - 50mm,-15.904096163275078,-10.617630518438652,-11.145527399542168,-6.233881510259941,-6.744358948863816,,-58.161014971459146,-38.82849809285645,-40.75900820107285,-22.797200930270794,-24.6640084271841,
2009-10-14,2.0,4980,5.359087957772222,22.793624877929688,37.43758392333984,29.63282966613769,26.09882354736328,35.82256809338522,,141.017664,< 600,< 20mm,32.07849596556761,17.434536920157466,24.27374170836547,20.73973558959106,30.463480135613,,598.581255212364,325.3265678327291,452.94538734266433,387.001216494543,568.4452350036945,
2009-10-18,4.0,29200,106.74991970399596,105.53522491455078,84.46866607666016,71.28323364257812,88.93199157714844,111.26731517509722,,826.85056,600 - 1200,> 100mm,-22.2812536273358,-1.2146947894451756,-35.46668606141783,-17.81792812684752,4.517395471101267,,-20.872384437495505,-1.1378882464861528,-33.224086874971405,-16.69128012110396,4.231755380825985,
2009-10-23,1.0,10900,20.5352084518608,53.15984725952149,41.15103912353516,47.73667907714844,41.19932556152344,55.711284046692604,,308.65312,< 600,20 - 50mm,20.615830671674363,32.62463880766069,27.201470625287637,20.664117109662637,35.1760755948318,,100.39260482795956,158.87171968154237,132.4625980255037,100.62774457880002,171.29641355865718,
2009-10-26,1.0,19800,71.52773802355554,56.829551696777344,27.338951110839844,55.110965728759766,55.09129333496094,78.88073929961097,,560.67264,< 600,50 - 100mm,-44.1887869127157,-14.698186326778199,-16.416772294795777,-16.436444688594605,7.353001276055423,,-61.778532543785225,-20.54893211069779,-22.951616741171655,-22.97911990895301,10.27992982755016,
2009-10-28,4.0,19500,67.53464621996389,39.58830642700195,24.89702415466309,59.13047409057617,59.52507400512695,67.34182879377438,,552.1776,< 600,50 - 100mm,-42.6376220653008,-27.946339792961936,-8.404172129387717,-8.009572214836936,-0.1928174261895066,,-63.13444202613845,-41.380745079998256,-12.444238031565142,-11.859945469691718,-0.28550890095950177,
2009-11-06,2.0,26800,37.76891397736587,56.70967864990234,52.27686309814453,57.01604080200195,55.55585479736328,63.13560311284049,,758.89024,600 - 1200,20 - 50mm,14.507949120778662,18.940764672536467,19.247126824636084,17.78694081999741,25.366689135474623,,38.41240743504824,50.14908473112909,50.960233688928646,47.09412833701482,67.16287672628437,
2009-11-09,1.0,22100,64.58461954186797,44.89093780517578,42.04346084594727,55.58211517333984,70.31489562988281,58.424319066147845,,625.80128,600 - 1200,50 - 100mm,-22.541158695920693,-19.693681736692184,-9.002504368528129,5.730276088014847,-6.1603004757201205,,-34.90174418587082,-30.49283540940495,-13.939083999236255,8.872508855301236,-9.538339808174626,
2009-11-17,4.0,66000,105.256179790082,118.58946228027344,126.77822875976562,120.74464416503906,134.2660369873047,122.32140077821008,,1868.9088,> 1700,> 100mm,21.522048969683624,13.333282490191436,15.488464374957061,29.009857197222686,17.065220988128075,,20.447302013626363,12.667458116742134,14.715016644007534,27.561191423704134,16.213034733126506,
2009-11-18,1.0,58400,128.21729642642845,117.10148620605467,109.4059600830078,104.84803771972656,114.93394470214844,94.6857976653696,,1653.70112,1200 - 1700,> 100mm,-18.81133634342065,-11.115810220373774,-23.369258706701885,-13.28335172428001,-33.53149876105884,,-14.671449849369319,-8.669509130347377,-18.226291895112023,-10.360031052364333,-26.15208688345674,
2009-11-26,2.0,47900,53.47398665575328,37.8034553527832,36.32391357421875,39.50081634521485,54.68794250488281,62.80233463035019,,1356.37472,1200 - 1700,50 - 100mm,-17.15007308153453,-15.670531302970076,-13.973170310538428,1.2139558491295332,9.328347974596909,,-32.07180566495008,-29.304961688851527,-26.13078093558422,2.270180184889812,17.444646561793743,
2009-12-02,0.0,21100,20.02832502489384,7.144888877868652,6.301760673522949,5.475215435028076,16.29326820373535,8.065564202334635,,597.48448,< 600,20 - 50mm,-13.72656435137089,-12.883436147025186,-14.553109589865763,-3.735056821158487,-11.962760822559204,,-68.53575790441641,-64.32607884589429,-72.66263939584185,-18.64887261673688,-59.729212541190094,
2009-12-21,1.0,22500,40.56013000752228,42.8914794921875,83.21495056152344,53.726318359375,41.02965545654297,79.35272373540859,,637.128,600 - 1200,20 - 50mm,42.654820554001155,2.3313494846652176,13.166188351852718,0.4695254490206864,38.792593727886306,,105.16440787071046,5.747884644928025,32.46091259917292,1.1576034123500298,95.64218290397942,
2010-01-02,0.0,21000,64.2617399502745,,,91.51603698730467,70.37409973144531,,,594.6528,< 600,50 - 100mm,,,27.25429703703017,6.1123597811708095,,,,,42.411389822496936,9.511662438490664,,
2010-01-09,2.0,17400,26.18006696595621,23.850040435791016,38.081153869628906,22.319448471069336,35.92533493041992,26.945525291828776,,492.71232,< 600,20 - 50mm,11.901086903672695,-2.3300265301651955,-3.860618494886875,9.74526796446371,0.7654583258725651,,45.4585808323123,-8.900002177974157,-14.746404200978974,37.22399937760347,2.9238211150030464,
2010-01-12,3.0,33300,47.54835754902352,51.85313415527344,108.01608276367188,35.068458557128906,40.4212760925293,55.445525291828815,,942.94944,600 - 1200,20 - 50mm,60.467725214648354,4.304776606249916,-12.479898991894615,-7.127081456494224,7.897167742805294,,127.17100722628463,9.053470673117545,-26.246750960908656,-14.989122282817085,16.60870774487451,
2010-01-14,2.0,28100,69.49567304286629,43.69249725341797,87.19983673095703,40.03507232666016,66.57766723632812,53.70330739299615,,795.70208,600 - 1200,50 - 100mm,17.704163688090745,-25.803175789448318,-29.460600716206123,-2.9180058065381616,-15.792365649870135,,25.47520286215585,-37.12918324214576,-42.39199280512651,-4.198830918204474,-22.724243047662977,
2010-01-17,1.0,30800,53.76825049473952,35.880577087402344,87.0555191040039,46.9840202331543,95.90196228027344,35.64338521400778,,872.15744,600 - 1200,50 - 100mm,33.28726860926439,-17.887673407337175,-6.784230261585222,42.13371178553392,-18.12486528073174,,61.90878130305,-33.268096400285955,-12.617539531528863,78.36169374649101,-33.70923382099815,
2010-01-26,0.0,12700,14.112634801797311,14.900421142578123,18.42835998535156,19.771791458129883,18.779619216918945,13.343579766536957,,359.62336,< 600,< 20mm,4.315725183554248,0.7877863407808121,5.659156656332572,4.666984415121634,-0.7690550352603545,,30.580577221516563,5.582135099821926,40.09992985584698,33.069547116228584,-5.4494078962662,
2010-02-14,1.0,11600,37.0118394208,33.19013977050781,61.17424392700195,48.74518966674805,64.6369400024414,34.036770428015565,,328.47488,< 600,20 - 50mm,24.162404506201952,-3.8216996502921887,11.733350245948046,27.625100581641405,-2.9750689927844363,,65.28290645458466,-10.32561393893993,31.701613401451507,74.63855083656443,-8.038154923779606,
2010-02-20,0.0,10700,0.3350152960165099,0.0,0.0006895600818097,3.670690773560637e-08,0.0,0.0529182879377432,,302.98976,< 600,< 20mm,-0.3343257359347002,-0.3350152960165099,-0.3350152593096022,-0.3350152960165099,-0.2820970080787667,,-99.79417056772962,-100.0,-99.99998904321438,-100.0,-84.2042173694853,
2010-02-26,1.0,9880,18.322118540155124,29.21927261352539,36.006534576416016,37.00287628173828,43.09909057617188,27.48443579766537,,279.769984,< 600,< 20mm,17.68441603626089,10.897154073370267,18.680757741583157,24.77697203601676,9.162317257510246,,96.51949362462298,59.47540427428108,101.95741120570764,135.22984245361718,50.006865949644016,
2010-03-04,0.0,9660,13.817193121098637,14.001260757446287,4.197700500488281,11.079715728759766,8.527412414550781,12.81848249027238,,273.540288,< 600,< 20mm,-9.619492620610355,0.18406763634765078,-2.737477392338871,-5.289780706547855,-0.9987106308262561,,-69.61973055092892,1.3321637378476126,-19.812109220350884,-38.28404698542169,-7.22802831279271,
2010-03-17,2.0,8510,15.859441698953976,17.13258934020996,19.59347152709961,11.976326942443848,17.4818058013916,15.24961089494164,,240.975968,< 600,< 20mm,3.7340298281456334,1.273147641255985,-3.8831147565101283,1.6223641024376256,-0.6098308040123364,,23.544522556502823,8.027695207832926,-24.484561501091445,10.229641958610877,-3.845222395518238,
2010-03-29,1.0,12200,32.63034226213997,49.8398666381836,53.72990798950195,54.63947296142578,54.33955001831055,47.72392996108948,,345.46496,< 600,20 - 50mm,21.099565727361984,17.209524376043632,22.009130699285812,21.709207756170578,15.093587698949513,,64.66241009014236,52.74086381867756,67.44989225817089,66.53073872706243,46.256295988847654,
2010-04-09,0.0,13500,38.99998473232152,35.10333251953125,49.71986770629883,34.3409423828125,46.81580352783203,33.19513618677042,,382.2768,< 600,20 - 50mm,10.719882973977306,-3.896652212790272,-4.659042349509022,7.815818795510509,-5.804848545551103,,27.486890180993136,-9.99141984166187,-11.946267111350448,20.04056885959007,-14.884232866738259,
2010-04-26,1.0,11400,17.342447405552576,16.9915771484375,18.88018798828125,24.10344886779785,19.97647857666016,16.04747081712062,,322.81152,< 600,< 20mm,1.5377405827286736,-0.35087025711507636,6.761001462245275,2.6340311711075834,-1.2949765884319575,,8.866917954361684,-2.0231876672881666,38.98527874491687,15.188347466253461,-7.467092493631214,
2010-05-03,1.0,15300,30.090902482574347,47.66959381103516,32.996280670166016,46.05952835083008,50.949317932128906,49.547665369649806,,433.24703999999997,< 600,20 - 50mm,2.905378187591669,17.578691328460817,15.968625868255732,20.85841544955456,19.45676288707546,,9.65533748705003,58.41862449503017,53.06795260628414,69.31801218535628,64.65995128708046,
2010-05-09,0.0,11200,1.2533919656866035,0.1323968768119812,0.4421799778938293,7.218840599060059,3.407012462615967,0.2766536964980544,,317.14816,< 600,< 20mm,-0.8112119877927741,-1.1209950888746223,5.965448633373455,2.1536204969293635,-0.9767382691885491,,-64.72133299086494,-89.43691355645042,475.94438106243996,171.82338453475072,-77.92759934068155,
2010-05-20,1.0,22800,23.809621410357124,29.002593994140625,27.60036849975586,33.0317268371582,28.57313537597656,29.9577821011673,,645.62304,600 - 1200,20 - 50mm,3.790747089398735,5.192972583783501,9.222105426801079,4.763513965619435,6.148160690810176,,15.921072511257025,21.810395445954345,38.73268401819059,20.00667664353251,25.82216905026361,
2010-05-26,0.0,13300,3.1270898660007385,8.990321159362793,11.016195297241213,10.82315731048584,13.254342079162598,8.9068093385214,,376.61343999999997,< 600,< 20mm,7.889105431240474,5.8632312933620545,7.696067444485101,10.12725221316186,5.779719472520662,,252.2826579758617,187.49801075786127,246.10957069576216,323.85549015620995,184.82741846854543,
2010-06-02,1.0,21400,16.615868069989656,33.57010269165039,52.07862854003906,42.19466781616211,48.7075080871582,30.38579766536963,,605.97952,600 - 1200,< 20mm,35.4627604700494,16.954234621660735,25.578799746172454,32.091640017168544,13.769929595379974,,213.4270705609393,102.03640610436847,153.94200073344936,193.13851001940773,82.87216495327256,
2010-06-09,0.0,24000,25.3233174031839,20.69007110595703,22.410051345825195,24.87484741210937,14.845947265625,18.78482490272372,,679.6032,600 - 1200,20 - 50mm,-2.9132660573587046,-4.633246297226869,-0.44846999107452845,-10.4773701375589,-6.53849250046018,,-11.504282835361925,-18.296363874680697,-1.770976463842539,-41.374398033022246,-25.820047177697557,
2010-07-04,1.0,15800,3.2476099399668583,2.8959639072418213,3.75427770614624,3.10029411315918,8.957259178161621,1.6571984435797664,,447.40544,< 600,< 20mm,0.5066677661793815,-0.351646032725037,-0.14731582680767819,5.709649238194762,-1.590411496387092,,15.60125062877939,-10.82784075752107,-4.53613055541952,175.81080683147033,-48.97175232821593,
2010-07-10,1.0,27300,0.0,0.0,0.0073368498124182,1.967994421647745e-06,0.0778885632753372,0.0,,773.04864,600 - 1200,< 20mm,0.0073368498124182,0.0,1.967994421647745e-06,0.0778885632753372,0.0,,inf,,inf,inf,,
2010-08-10,0.0,12800,10.28193689677103,5.816323280334473,2.833707094192505,6.453324317932129,3.0233757495880127,3.3194552529182904,,362.45504,< 600,< 20mm,-7.448229802578526,-4.465613616436558,-3.828612578838902,-7.258561147183018,-6.96248164385274,,-72.43994859487603,-43.431638039316816,-37.236297180945066,-70.5952703275442,-67.71566207568594,
2010-09-01,2.0,9380,33.09655066924352,31.30345916748047,22.65930938720703,20.3643856048584,14.242401123046877,27.29416342412453,,265.611584,< 600,20 - 50mm,-10.437241282036489,-1.793091501763051,-12.732165064385121,-18.854149546196645,-5.8023872451189895,,-31.535737323030983,-5.417759450773713,-38.469764392145755,-56.96711338477252,-17.531697798680643,
2010-09-13,1.0,11400,20.24825238830425,18.726030349731445,1.2002147436141968,12.384990692138672,9.733948707580566,16.975680933852143,,322.81152,< 600,20 - 50mm,-19.04803764469005,-1.522222038572803,-7.863261696165576,-10.514303680723682,-3.2725714544521054,,-94.07250205796791,-7.517794668798505,-38.83427342454274,-51.92696870371357,-16.162241519383674,
2010-09-26,4.0,12400,19.73340535695249,23.67742919921875,30.439083099365234,17.135820388793945,29.47682762145996,18.362840466926063,,351.12832,< 600,< 20mm,10.705677742412746,3.9440238422662617,-2.597584968158543,9.743422264507473,-1.3705648900264258,,54.25154730651146,19.98653436101793,-13.163389294303226,49.37527045262192,-6.9454048362896845,
2010-09-28,3.0,16400,30.369336510237385,30.475215911865234,31.308164596557617,17.26035499572754,31.92398262023925,21.21653696498054,,464.39552,< 600,20 - 50mm,0.9388280863202318,0.10587940162784903,-13.108981514509846,1.5546461100018654,-9.152799545256844,,3.091368446603226,0.34863916632540687,-43.165189038920424,5.119130967770073,-30.138292755165956,
2010-10-10,4.0,17400,54.22602487229973,65.8057861328125,64.82461547851562,55.392459869384766,80.1949462890625,70.31050583657586,,492.71232,< 600,50 - 100mm,10.598590606215893,11.579761260512768,1.1664349970850338,25.968921416762768,16.084480964276125,,19.54521031400546,21.354619461379798,2.1510612290536595,47.890144036776825,29.66192156285562,
2010-10-17,0.0,12500,2.3807858491330243,0.1794465631246566,0.582337498664856,1.070833444595337,1.8642715215682983,0.1227626459143968,,353.96,< 600,< 20mm,-1.7984483504681683,-2.2013392860083676,-1.3099524045376874,-0.5165143275647259,-2.2580232032186274,,-75.54011424938042,-92.4627171658466,-55.021849403830814,-21.69511918733965,-94.8436082162072,
2010-10-24,2.0,11600,15.799281067717295,32.55429458618164,29.154191970825195,38.64781951904297,42.97627258300781,44.44066147859925,,328.47488,< 600,< 20mm,13.3549109031079,16.755013518464345,22.848538451325673,27.176991515290517,28.641380410881958,,84.5285987752697,106.04921481332401,144.61758325201356,172.0141024063514,181.2828083007204,
2010-11-02,3.0,29000,69.57816636402794,54.624794006347656,60.44937896728516,67.04239654541016,89.9086685180664,64.35447470817124,,821.1872,600 - 1200,50 - 100mm,-9.128787396742773,-14.95337235768028,-2.53576981861778,20.33050215403847,-5.2236916558566975,,-13.120189671256377,-21.491472309639946,-3.6444907233553927,29.21965785598711,-7.50765926846465,
2010-11-04,1.0,15600,43.09497514392992,2.2821831703186035,6.305257320404053,2.749271869659424,3.9384286403656006,1.1087548638132294,,441.74208,< 600,20 - 50mm,-36.78971782352587,-40.81279197361132,-40.3457032742705,-39.15654650356432,-41.98622028011669,,-85.36892688916618,-94.70429403266508,-93.62043518884204,-90.86104904989058,-97.4271829601707,
2010-11-16,3.0,25500,49.53226003273039,50.105918884277344,52.403079986572266,58.14079284667969,67.19281768798828,59.52684824902724,,722.0784,600 - 1200,20 - 50mm,2.870819953841874,0.5736588515469521,8.608532813949296,17.66055765525789,9.994588216296847,,5.795859005716409,1.1581519825016755,17.37964875469213,35.654657476941246,20.177936984285655,
2010-11-22,0.0,13100,10.894585091537213,14.64048957824707,8.805336952209473,11.921650886535645,5.54088020324707,8.023151750972763,,370.95008,< 600,< 20mm,-2.08924813932774,3.7459044867098577,1.0270657949984319,-5.353704888290142,-2.871433340564449,,-19.176940854320772,34.38317710345512,9.42730527476668,-49.14097088882107,-26.35651854970544,
2010-11-29,1.0,11000,21.285810704176743,22.074352264404297,12.904230117797852,11.680913925170898,18.95764923095703,22.94513618677043,,311.4848,< 600,20 - 50mm,-8.381580586378892,0.7885415602275536,-9.604896779005845,-2.328161473219712,1.6593254825936867,,-39.376374726165544,3.7045408849418378,-45.12347174599816,-10.93762180626212,7.795453533128013,
2010-12-08,2.0,12100,15.601275337802116,45.14253616333008,34.7030029296875,36.44340896606445,38.221981048583984,50.41945525291828,,342.63328,< 600,< 20mm,19.101727591885385,29.541260825527964,20.84213362826234,22.62070571078187,34.81817991511617,,122.4369622245024,189.3515766236691,133.59249918345807,144.99267028491943,223.17521587963526,
2010-12-13,3.0,83500,142.1188586196198,129.88685607910156,84.67738342285156,113.96769714355467,99.9140853881836,160.68385214007782,,2364.4528,> 1700,> 100mm,-57.44147519676824,-12.232002540518238,-28.151161476065127,-42.20477323143621,18.564993520458017,,-40.41791198908371,-8.606882055855172,-19.80818151052812,-29.696814090237673,13.063004938807666,
2010-12-26,3.0,10300,38.86714536692399,39.60990905761719,56.95928955078125,36.39323425292969,48.96631622314453,36.51945525291826,,291.66304,< 600,20 - 50mm,18.092144183857258,0.7427636906931951,-2.473911113994305,10.099170856220539,-2.3476901140057294,,46.54868273205807,1.911032270780782,-6.365044539904923,25.9838245409578,-6.040294680359051,
2011-01-07,2.0,13200,41.406676869615055,56.598731994628906,116.75617980957033,74.97673797607422,78.69271087646484,76.99863813229577,,373.78176,< 600,20 - 50mm,75.34950293995527,15.192055125013852,33.570061106459164,37.28603400684979,35.59196126268071,,181.97428201548834,36.68986809265548,81.07402874219414,90.04836134099652,85.95705802413407,
2011-01-12,1.0,10100,23.76477248141748,43.197357177734375,41.115989685058594,39.03389358520508,38.7170524597168,60.27120622568095,,285.99968,< 600,20 - 50mm,17.351217203641113,19.432584696316894,15.269121103787597,14.952279978299316,36.50643374426347,,73.0123430266738,81.77054803075401,64.25107210989319,62.91783348648102,153.61575109885501,
2011-01-14,1.0,28700,90.26429825576724,89.50439453125,120.25544738769533,98.8865966796875,101.61305236816406,138.0791828793774,,812.69216,600 - 1200,50 - 100mm,29.991149131928083,-0.759903724517244,8.622298423920256,11.348754112396819,47.81488462361017,,33.22592620943781,-0.8418652104999792,9.552279905271797,12.572804898166606,52.9720892396736,
2011-01-17,2.0,74700,142.1209770976984,111.6855239868164,104.37107849121094,106.89181518554688,82.79325866699219,144.49649805447473,,2115.26496,> 1700,> 100mm,-37.74989860648745,-30.43545311088198,-35.22916191215151,-59.3277184307062,2.3755209567763416,,-26.56180627053879,-21.415172997269575,-24.788150652759647,-41.74451910073942,1.6714780641729858,
2011-01-20,1.0,26000,21.4658680894222,21.40641975402832,14.760764122009276,8.294288635253906,13.427656173706056,13.024319066147864,,736.2368,600 - 1200,20 - 50mm,-6.705103967412926,-0.05944833539388128,-13.171579454168295,-8.038211915716145,-8.441549023274337,,-31.23611837863207,-0.2769435419347229,-61.36057204534343,-37.446479603017586,-39.32544907156167,
2011-01-27,0.0,18500,19.612470364279776,1.0374770164489746,16.140369415283203,2.581573009490967,7.625505447387695,2.6235408560311275,,523.8608,< 600,< 20mm,-3.472100948996573,-18.5749933478308,-17.03089735478881,-11.98696491689208,-16.98892950824865,,-17.70353700735383,-94.71011556841644,-86.83708394944071,-61.119097667186075,-86.62309843022435,
2011-02-06,1.0,18600,44.22900189980722,46.02166748046875,59.74125671386719,28.46762084960937,51.833770751953125,41.601361867704256,,526.69248,< 600,20 - 50mm,15.512254814059965,1.7926655806615273,-15.761381050197851,7.604768852145902,-2.627640032102967,,35.072586194009446,4.053145003639209,-35.63585062557459,17.19407747290596,-5.940988761300579,
2011-02-13,2.0,15200,27.26371894069092,38.993614196777344,57.30272674560547,26.404386520385746,43.13507843017578,44.35778210116732,,430.41536,< 600,20 - 50mm,30.039007804914547,11.729895256086422,-0.8593324203051758,15.87135948948486,17.094063160476395,,110.17942148780564,43.02382694599903,-3.1519266398489303,58.21421327006478,62.69894139410166,
2011-02-15,1.0,16800,49.341072643578165,40.72929763793945,65.15093994140625,54.2316780090332,54.125675201416016,58.25544747081713,,475.72224,< 600,20 - 50mm,15.809867297828085,-8.611775005638712,4.890605365455038,4.78460255783785,8.914374827238966,,32.04200162414947,-17.453562608674968,9.91183430644684,9.696997453622597,18.066844415063983,
2011-03-02,0.0,8060,45.38821796283668,48.26989364624024,71.48300170898438,55.10288619995117,73.86517333984375,64.34494163424127,,228.233408,< 600,20 - 50mm,26.094783746147698,2.8816756834035644,9.714668237114495,28.476955377007073,18.95672367140459,,57.49241745404896,6.348950923261727,21.40350221519767,62.74085358522703,41.76573684149954,
2011-03-09,1.0,8560,14.857980866101125,45.31437301635742,44.50801086425781,36.32502746582031,42.111270904541016,42.35291828793776,,242.391808,< 600,< 20mm,29.65002999815669,30.4563921502563,21.46704659971919,27.253290038439893,27.49493742183664,,199.5562537424181,204.98338519026743,144.48158732453896,183.42526002721536,185.0516410649516,
2011-03-14,2.0,16000,51.2107284121486,62.34445190429688,61.78798675537109,63.097259521484375,64.2723617553711,56.75233463035019,,453.0688,< 600,50 - 100mm,10.57725834322249,11.133723492148285,11.886531109335778,13.061633343222496,5.5416062182015935,,20.654379797326357,21.74099810208335,23.21101745257731,25.505658185724844,10.821182181987812,
2011-03-15,1.0,15600,59.116259958274505,74.25694274902344,65.97183227539062,73.8747787475586,69.8047103881836,71.84474708171209,,441.74208,< 600,50 - 100mm,6.8555723171161205,15.140682790748933,14.75851878928409,10.68845042990909,12.728487123437581,,11.596762586054881,25.61170615569311,24.96524441786568,18.08039012862658,21.531279435508292,
2011-03-21,0.0,10100,16.434305935051697,11.97171401977539,8.63453483581543,15.112749099731444,10.801767349243164,18.947276264591444,,285.99968,< 600,< 20mm,-7.799771099236267,-4.462591915276306,-1.3215568353202531,-5.632538585808533,2.5129703295397476,,-47.46030121418529,-27.154124627547095,-8.0414520731392,-34.27305423221583,15.291003705729922,
2011-03-31,3.0,29700,97.0504111522812,104.44476318359376,80.249755859375,97.8328857421875,105.56512451171876,125.14747081712063,,841.00896,600 - 1200,50 - 100mm,-16.8006552929062,7.394352031312565,0.7824745899063004,8.514713359437565,28.097059664839435,,-17.31126647835051,7.619083673648876,0.8062558217074673,8.773495401350933,28.95099498419694,
2011-04-05,1.0,15900,52.79116641745741,55.95721435546875,44.3988037109375,55.26163101196289,52.241947174072266,56.99319066147866,,450.23712,< 600,50 - 100mm,-8.392362706519911,3.1660479380113387,2.4704645945054793,-0.5492192433851457,4.202024244021246,,-15.897285996970616,5.9973062784313935,4.67969314216275,-1.040362016330682,7.959710931167617,
2011-05-17,0.0,19300,38.69369215605136,24.57097625732422,18.80625534057617,31.58799362182617,15.475008964538574,30.15175097276265,,546.51424,< 600,20 - 50mm,-19.887436815475194,-14.122715898727144,-7.105698534225194,-23.21868319151279,-8.541941183288714,,-51.39710300911403,-36.49875499544044,-18.363971330437963,-60.006378036688815,-22.075797648978885,
2011-06-27,1.0,24200,2.3182485719522137,0.0884767323732376,1.23783540725708,1.894378900527954,0.9984903931617736,1.2704280155642012,,685.26656,600 - 1200,< 20mm,-1.0804131646951336,-2.229771839578976,-0.4238696714242596,-1.31975817879044,-1.0478205563880125,,-46.60471606741075,-96.18346654264384,-18.28404755868418,-56.92910565147301,-45.198800899320105,
2011-07-15,0.0,27300,19.769481853669,13.500986099243164,7.318520545959473,19.065832138061523,22.69918441772461,17.30175097276264,,773.04864,600 - 1200,< 20mm,-12.450961307709527,-6.268495754425835,-0.7036497156074759,2.92970256405561,-2.467730880906359,,-62.980716438952925,-31.70794156783867,-3.5592724220887266,14.81931891660524,-12.48252685210551,
2011-08-23,3.0,16900,12.215764824884191,8.597941398620605,7.3415374755859375,13.312339782714844,9.058477401733398,12.582490272373548,,478.55392,< 600,< 20mm,-4.874227349298254,-3.6178234262635858,1.0965749578306525,-3.157287423150793,0.3667254474893564,,-39.90112300925425,-29.6160205940923,8.976719620509298,-25.846006929662096,3.002067023608021,
2011-09-01,0.0,11100,1.6216787770414995,0.6648349165916443,0.1160695105791091,0.9050215482711792,0.7882656455039978,0.0169260700389105,,314.31648,< 600,< 20mm,-1.5056092664623903,-0.9568438604498553,-0.7166572287703203,-0.8334131315375017,-1.604752707002589,,-92.84263244840264,-59.00329177369318,-44.192304845830805,-51.39199842387616,-98.95626246834226,
2011-09-24,4.0,11900,17.08927530485444,11.966750144958496,2.6987900733947754,1.4160906076431274,10.476574897766112,14.729766536964975,,336.96992,< 600,< 20mm,-14.390485231459664,-5.122525159895943,-15.673184697211312,-6.612700407088328,-2.359508767889464,,-84.20769737012694,-29.975087114670224,-91.7135713341755,-38.695031176716434,-13.806956268176062,
2011-09-25,3.0,11000,15.577952168284012,16.582170486450195,11.811578750610352,6.99705696105957,9.59330940246582,8.659727626459139,,311.4848,< 600,< 20mm,-3.7663734176736607,1.004218318166183,-8.580895207224442,-5.984642765818192,-6.918224541824873,,-24.177590077223517,6.446407764755659,-55.08358938663803,-38.417390817277294,-44.410359379007836,
2011-09-27,4.0,17300,54.23273811215801,68.87669372558594,61.58980178833008,65.31734466552734,59.454010009765625,67.96147859922175,,489.88063999999997,< 600,50 - 100mm,7.357063676172068,14.643955613427927,11.084606553369333,5.221271897607615,13.728740487063739,,13.56572419588519,27.00205839347989,20.43895797856528,9.627527724691994,25.314488932259906,
2011-10-03,2.0,8250,11.151032502759412,22.89054107666016,12.77297306060791,14.061203956604004,6.206181049346924,20.70252918287938,,233.6136,< 600,< 20mm,1.6219405578484984,11.739508573900748,2.910171453844592,-4.944851453412488,9.55149668011997,,14.545205185682459,105.27732361102626,26.097775727265137,-44.34433719199406,85.6557155380578,
2011-10-12,1.0,25600,62.95506498488254,57.13705825805664,72.12855529785156,66.71456909179688,54.61118316650391,77.66322957198444,,724.91008,600 - 1200,50 - 100mm,9.173490312969022,-5.8180067268258995,3.759504106914335,-8.343881818378627,14.708164587101905,,14.57148891065693,-9.241522867497608,5.971726195210994,-13.253710119086131,23.362956722598554,
2011-10-23,1.0,20300,55.20658696708527,43.86434555053711,31.495302200317383,48.0801887512207,40.964473724365234,46.4632295719844,,574.83104,< 600,50 - 100mm,-23.71128476676789,-11.342241416548163,-7.126398215864569,-14.242113242720038,-8.743357395100873,,-42.95010082928111,-20.545087171048127,-12.90860132344968,-25.797851352794787,-15.837525692928184,
2011-10-28,1.0,11300,2.690430214016006,18.918678283691406,21.67954063415528,15.32465362548828,32.81562042236328,11.058949416342404,,319.97983999999997,< 600,< 20mm,18.989110420139276,16.228248069675402,12.634223411472274,30.125190208347277,8.368519202326398,,705.8020059845458,603.1841296285285,469.5986294553674,1119.7164695596916,311.0476220022339,
2011-10-30,1.0,12300,21.98570362395802,36.214725494384766,28.944908142089844,26.32376289367676,47.11376190185547,31.805252918287927,,348.29663999999997,< 600,20 - 50mm,6.959204518131823,14.229021870426745,4.338059269718741,25.12805827789745,9.819549294329907,,31.65331725179955,64.71942910629093,19.7312733034003,114.29271815760846,44.6633387872538,
2011-11-02,1.0,12900,23.442254320009614,14.10195541381836,7.0530548095703125,2.909498453140259,5.3185882568359375,11.105058365758746,,365.28672,< 600,20 - 50mm,-16.3891995104393,-9.340298906191254,-20.532755866869355,-18.123666063173676,-12.337195954250868,,-69.91306930942203,-39.84385963349374,-87.58865758632778,-77.31195906233238,-52.62802709089374,
2011-11-14,0.0,11900,62.45592545984351,37.6671142578125,34.22651672363281,38.68297958374024,40.33309173583984,50.63385214007782,,336.96992,< 600,50 - 100mm,-28.2294087362107,-24.788811202031013,-23.77294587610327,-22.122833724003677,-11.822073319765693,,-45.198927929361965,-39.69008708063922,-38.06355554108034,-35.421512948723674,-18.928665667386163,
2011-11-22,1.0,12900,29.29015868769742,101.02742767333984,71.1690673828125,64.67473602294922,74.840576171875,66.77276264591433,,365.28672,< 600,20 - 50mm,41.87890869511508,71.73726898564243,35.3845773352518,45.55041748417758,37.482603958216906,,142.97945307037628,244.91935926510985,120.80705233636779,155.51441004418274,127.96995863993223,
2011-11-27,3.0,28300,55.60302679185435,70.48635864257812,102.4490203857422,55.26628112792969,81.2864990234375,93.6929961089494,,801.36544,600 - 1200,50 - 100mm,46.845993593887854,14.883331850723778,-0.33674566392465977,25.683472231583153,38.089969317095054,,84.25079765756679,26.76712529776191,-0.6056246995064518,46.19078081437411,68.50340982278163,
2011-12-21,0.0,10400,7.9479216055160595,6.347744941711426,3.951329231262207,0.574885368347168,6.065954208374023,1.820038910505834,,294.49472,< 600,< 20mm,-3.9965923742538525,-1.6001766638046337,-7.373036237168892,-1.881967397142036,-6.127882695010225,,-50.28474829797158,-20.133271856809337,-92.76684651811131,-23.67873628541961,-77.10044209239959,
2011-12-29,3.0,38400,97.51651818901442,98.12957763671876,100.37318420410156,108.82687377929688,112.60717010498048,112.71381322957198,,1087.36512,600 - 1200,50 - 100mm,2.856666015087143,0.6130594477043445,11.310355590282455,15.090651915966063,15.197295040557563,,2.9294175675449377,0.6286724127250555,11.598399738144678,15.47496998069203,15.584329017060405,
2012-01-05,3.0,34500,77.83149912138515,68.02820587158203,92.46698760986328,74.70081329345703,68.3398208618164,82.03813229571983,,976.9295999999999,600 - 1200,50 - 100mm,14.635488488478131,-9.803293249803119,-3.1306858279281187,-9.491678259568744,4.206633174334684,,18.80406860165032,-12.59553440505368,-4.022389216794521,-12.195163098125127,5.404795258760293,
2012-01-07,1.0,22000,67.7222754495636,22.860092163085938,35.34586334228516,32.02486038208008,31.55694961547852,36.66517509727625,,622.9696,600 - 1200,50 - 100mm,-32.37641210727843,-44.86218328647766,-35.69741506748352,-36.16532583408508,-31.05710035228735,,-47.807625913855894,-66.24435311523004,-52.71148205005205,-53.40240798763375,-45.8595050832532,
2012-01-21,1.0,19500,57.1523059225618,63.19671249389648,52.81098556518555,57.81649017333984,53.71630859375,81.42217898832683,,552.1776,< 600,50 - 100mm,-4.341320357376254,6.044406571334676,0.6641842507780353,-3.4359973288118013,24.269873065765033,,-7.596054590095634,10.57596272585136,1.1621302763845927,-6.012001219106342,42.46525608021724,
2012-01-25,2.0,22800,61.02892745904764,65.76795959472656,85.7850341796875,63.63254928588867,77.86766815185547,69.6167315175098,,645.62304,600 - 1200,50 - 100mm,24.756106720639863,4.739032135678926,2.603621826841035,16.838740692807832,8.587804058462169,,40.5645449647661,7.7652227115722585,4.266209378475722,27.591408523617204,14.071694221113193,
2012-01-28,2.0,19400,39.01103442085304,27.850963592529297,26.35576629638672,18.580774307250977,22.10312843322754,37.91770428015566,,549.34592,< 600,20 - 50mm,-12.655268124466325,-11.160070828323747,-20.430260113602067,-16.907905987625504,-1.0933301406973825,,-32.440227008442385,-28.60747220370608,-52.370464964346674,-43.34134236283546,-2.802617661717146,
2012-02-11,1.0,15500,10.550177807846673,8.632417678833008,33.51606369018555,12.870477676391602,50.609161376953125,7.053307392996108,,438.9104,< 600,< 20mm,22.965885882338874,-1.917760129013665,2.3202998685449288,40.05898356910645,-3.496870414850565,,217.68245332564956,-18.17751476745098,21.992993016849542,379.69960600391653,-33.14513251378356,
2012-02-22,2.0,34800,75.942749450578,88.91062927246094,64.19058990478516,79.36085510253906,89.20880126953125,109.03560311284043,,985.42464,600 - 1200,50 - 100mm,-11.75215954579285,12.967879821882931,3.4181056519610564,13.266051818953244,33.09285366226243,,-15.475025108803726,17.0758629569004,4.500897948375559,17.468490296873597,43.576054200932745,
2012-03-03,0.0,13100,38.01848561255471,34.364967346191406,47.470970153808594,36.9805908203125,46.1282958984375,44.03657587548638,,370.95008,< 600,20 - 50mm,9.452484541253881,-3.6535182663633066,-1.0378947922422128,8.109810285882787,6.018090262931665,,24.86286444332338,-9.60984691393604,-2.7299740521476012,21.331229151338718,15.829379224259085,
2012-03-10,1.0,16900,25.6337801857636,37.6582260131836,29.42915725708008,29.817611694335938,33.66976547241211,39.66848249027238,,478.55392,< 600,20 - 50mm,3.79537707131648,12.02444582742,4.183831508572336,8.035985286648508,14.03470230450878,,14.806154393975584,46.90859381753649,16.321554910172544,31.349201048043255,54.75081007483759,
2012-03-12,1.0,19200,65.83892360107393,62.56636047363281,54.51152420043945,69.36219787597656,77.11436462402344,72.80447470817123,,543.68256,< 600,50 - 100mm,-11.327399400634476,-3.272563127441117,3.523274274902633,11.275441022949508,6.965551107097298,,-17.20471535845357,-4.970559888357192,5.351354612433493,17.12579794175977,10.57968558128687,
2012-03-15,1.0,17400,70.5902084597666,67.19827270507812,79.89302825927734,81.14340209960938,88.77243041992188,84.21828793774321,,492.71232,< 600,50 - 100mm,9.302819799510743,-3.3919357546884754,10.553193639842775,18.182221960155275,13.628079477976613,,13.178626331459203,-4.805108001093004,14.949939758086483,25.757427774871022,19.30590626566011,
2012-03-22,0.0,13700,44.67644173295364,37.90235900878906,29.670923233032227,41.046485900878906,33.16541290283203,48.31770428015563,,387.94016,< 600,20 - 50mm,-15.005518499921415,-6.774082724164579,-3.629955832074735,-11.51102883012161,3.6412625472019897,,-33.587094043018304,-15.162538602907516,-8.124988676968101,-25.765321461648544,8.150296679773785,
2012-04-02,1.0,14700,40.95618354747104,23.293672561645508,38.68809509277344,33.637298583984375,32.990447998046875,27.453112840466904,,416.25696,< 600,20 - 50mm,-2.2680884546976046,-17.662510985825534,-7.318884963486667,-7.965735549424167,-13.503070707004138,,-5.537841317828683,-43.12538292381043,-17.87003653551746,-19.449408757022805,-32.96955316003296,
2012-04-13,0.0,13200,10.830304021646809,10.213600158691406,8.916787147521973,6.586704254150391,10.968520164489746,10.929182879377429,,373.78176,< 600,< 20mm,-1.913516874124836,-0.6167038629554025,-4.243599767496418,0.13821614284293737,0.09887885773061988,,-17.66817321379197,-5.694243316926103,-39.18264675686505,1.2761981802789764,0.9129832138875156,
2012-04-20,1.0,20600,43.56593120336019,46.82992172241211,36.933841705322266,56.22975158691406,51.90480422973633,65.6842412451362,,583.32608,< 600,20 - 50mm,-6.632089498037928,3.263990519051916,12.663820383553869,8.338873026376135,22.118310041776013,,-15.223109697988967,7.4920710493160945,29.068173303677998,19.14081208881165,50.76974009468677,
2012-04-26,1.0,37400,31.17749520337715,36.81453323364258,23.615798950195312,34.88215255737305,23.7797794342041,37.58112840466927,,1059.0483199999999,600 - 1200,20 - 50mm,-7.561696253181836,5.63703803026543,3.7046573539958985,-7.397715769173047,6.4036332012921235,,-24.253700317666162,18.080471165158983,11.882472693299011,-23.727742465891634,20.539280527572597,
2012-05-02,0.0,27400,41.0314060339462,32.83594512939453,39.53499603271485,51.20076751708984,41.063472747802734,47.19085603112839,,775.88032,600 - 1200,20 - 50mm,-1.4964100012313466,-8.195460904551666,10.16936148314364,0.03206671385653692,6.159449997182193,,-3.6469868958264144,-19.97362921897285,24.7843358687984,0.078151632995485,15.011549913952116,
2012-05-21,1.0,28200,15.403851422194542,35.57704544067383,20.50770568847656,27.957624435424805,22.66667556762696,33.05019455252917,,798.53376,600 - 1200,< 20mm,5.103854266282017,20.173194018479286,12.553773013230263,7.262824145432418,17.64634313033463,,33.13362435402461,130.962013755942,81.49762464692589,47.149404044288715,114.5579936256007,
2012-06-02,3.0,45400,25.273655137442496,23.06707191467285,33.902374267578125,23.1334285736084,26.913021087646484,24.65544747081713,,1285.5827199999999,1200 - 1700,20 - 50mm,8.628719130135629,-2.2065832227696447,-2.140226563834098,1.6393659502039881,-0.6182076666253664,,34.14116036327617,-8.730764152513219,-8.468211472361938,6.48646165854853,-2.446055638820133,
2012-06-08,0.0,24600,26.32704779119244,19.44733047485352,19.106868743896484,17.536649703979492,17.86151123046875,18.685019455252927,,696.5932799999999,600 - 1200,20 - 50mm,-7.220179047295957,-6.8797173163389225,-8.79039808721295,-8.465536560723692,-7.642028335939514,,-27.424947546573854,-26.131746221239784,-33.389228283141286,-32.15528238436133,-29.02728933585979,
2012-06-17,2.0,41600,23.30049900177699,31.95416259765625,23.05867576599121,10.150288581848145,26.635366439819336,21.859922178988302,,1177.97888,600 - 1200,20 - 50mm,-0.24182323578578035,8.653663595879259,-13.150210419928847,3.3348674380423446,-1.4405768227886888,,-1.0378457378416572,37.13939171525595,-56.437462643722604,14.31242926509005,-6.182600736056445,
2012-06-28,2.0,34900,10.480057369737557,9.989663124084473,2.5555193424224854,17.800846099853516,12.164950370788574,10.673929961089495,,988.25632,600 - 1200,< 20mm,-7.924538027315071,-0.49039424565308387,7.320788730115959,1.6848930010510177,0.1938725913519388,,-75.6154069365893,-4.679308789560228,69.85447189683931,16.0771352828311,1.8499191799442771,
2012-07-23,0.0,27800,17.05388909719246,9.524429321289062,11.215826034545898,7.235685348510742,6.446761131286621,8.927431906614789,,787.20704,600 - 1200,< 20mm,-5.838063062646562,-7.529459775903398,-9.818203748681718,-10.607127965905839,-8.126457190577671,,-34.2330305385161,-44.150983584987394,-57.57164065467075,-62.19770695971082,-47.651636200187966,
2012-08-26,1.0,10600,0.8584340343451712,0.0,0.0145868584513664,0.0777434110641479,0.054602175951004,0.3107003891050585,,300.15808,< 600,< 20mm,-0.8438471758938048,-0.8584340343451712,-0.7806906232810233,-0.8038318583941672,-0.5477336452401127,,-98.30075953797737,-100.0,-90.94357772948135,-93.63932768664566,-63.806142735001615,
2012-09-12,0.0,9590,11.652307861685363,5.519360542297363,5.569162368774414,7.726302623748779,9.112692832946776,11.471400778210116,,271.558112,< 600,< 20mm,-6.083145492910949,-6.132947319388,-3.926005237936584,-2.539615028738588,-0.18090708347524753,,-52.205499246319235,-52.6328980678077,-33.69294121421141,-21.794953058949336,-1.5525429436180511,
2012-10-12,1.0,6580,0.0344780113614372,12.635985374450684,6.690228462219238,4.780523300170898,3.585494041442871,2.828015564202336,,186.324544,< 600,< 20mm,6.655750450857801,12.601507363089246,4.746045288809461,3.551016030081434,2.793537552840899,,19304.333945147697,36549.4031282318,13765.426430939095,10299.364406072322,8102.374361316561,
2012-10-15,3.0,24700,90.89229824529323,91.86924743652344,122.16041564941406,77.72677612304688,86.42630767822266,114.93229571984438,,699.4249599999999,600 - 1200,50 - 100mm,31.26811740412083,0.9769491912302044,-13.165522122246358,-4.465990567070577,24.039997474551143,,34.401283725642855,1.0748426545378884,-14.484749947367648,-4.913497241557366,26.448882841177397,
2012-10-16,2.0,24500,104.73859649816843,82.61244201660156,155.28085327148438,97.29502868652344,107.37248229980467,136.53988326848253,,693.7616,600 - 1200,> 100mm,50.54225677331594,-22.12615448156687,-7.443567811644996,2.6338858016362394,31.801286770314093,,48.255617759972345,-21.1251202721184,-7.106804998838381,2.5147232154120935,30.362529032809988,
2012-10-19,3.0,21600,52.79414522589116,69.52195739746094,43.43581008911133,45.04962539672852,41.45328521728516,61.948638132295706,,611.64288,600 - 1200,50 - 100mm,-9.358335136779829,16.72781217156978,-7.744519829162634,-11.340860008605993,9.154492906404549,,-17.726085149666066,31.684975862373037,-14.669277807275849,-21.48128350233094,17.33997750552656,
2012-10-28,1.0,20200,39.41505736375698,45.14891052246094,39.983978271484375,33.77374267578125,29.67720603942871,34.713813229571976,,571.99936,< 600,20 - 50mm,0.5689209077273958,5.733853158703958,-5.641314687975729,-9.737851324328268,-4.7012441341850035,,1.4434100716304707,14.547367280952795,-14.31258779078435,-24.70591691509864,-11.927533406326846,
2012-11-01,2.0,40200,96.1582925593192,65.81754302978516,63.46726608276367,83.99638366699219,88.26700592041016,91.90992217898834,,1138.33536,600 - 1200,50 - 100mm,-32.69102647655552,-30.340749529534037,-12.161908892327006,-7.891286638909037,-4.248370380330854,,-33.99709542095781,-31.55292042110367,-12.64780038063221,-8.206558611719288,-4.418100890997074,
2012-11-02,3.0,32300,79.73408989394599,31.862001419067383,50.282073974609375,57.7431526184082,67.47651672363281,60.71536964980547,,914.63264,600 - 1200,50 - 100mm,-29.452015919336617,-47.87208847487861,-21.99093727553779,-12.25757317031318,-19.018720244140525,,-36.93779656670143,-60.039675048091844,-27.580345251056166,-15.373064628463096,-23.852683675749294,
2012-11-06,1.0,34400,48.60649897685866,30.77632141113281,32.35034942626953,25.03373336791992,38.25727081298828,31.278404669260727,,974.0979199999999,600 - 1200,20 - 50mm,-16.25614955058913,-17.83017756572585,-23.57276560893874,-10.349228163870379,-17.328094307597933,,-33.44439507632222,-36.68270280938094,-48.497147717142994,-21.291860927481324,-35.64974781633165,
2012-11-17,1.0,17200,13.1462600428587,25.14937210083008,4.5432538986206055,13.36013889312744,7.066601753234863,19.99260700389104,,487.04895999999997,< 600,< 20mm,-8.603006144238094,12.003112057971382,0.2138788502687401,-6.079658289623836,6.846346961032342,,-65.44071177803463,91.30438633375203,1.626917842576248,-46.24629567499255,52.078286438213354,
2012-11-19,2.0,24000,47.921659705743735,97.36014556884766,91.28312683105467,95.82324981689452,72.53575134277344,96.75603112840469,,679.6032,600 - 1200,20 - 50mm,43.36146712531094,49.43848586310392,47.90159011115078,24.614091637029702,48.83437142266095,,90.48406793831009,103.16522041739383,99.95811999267933,51.36318689329439,101.90459120681878,
2012-11-22,2.0,27300,92.4433689899244,45.31834411621094,54.8961296081543,44.61656951904297,53.25482177734375,40.83112840466927,,773.04864,600 - 1200,50 - 100mm,-37.5472393817701,-47.12502487371346,-47.826799470881426,-39.188547212580644,-51.61224058525512,,-40.61647665162707,-50.977182450857796,-51.73632245715123,-42.391950489009,-55.83119822350964,
2012-12-01,3.0,27300,44.170367089386886,54.68788909912109,75.00730895996094,81.08639526367188,79.84064483642578,58.58735408560311,,773.04864,600 - 1200,20 - 50mm,30.83694187057405,10.5175220097342,36.91602817428499,35.670277747038895,14.416986996216224,,69.81364182047618,23.81126239781991,83.57645771786002,80.75612700898208,32.63950006809043,
2012-12-04,1.0,27200,71.63344365073436,68.97320556640625,76.04806518554688,67.92163848876953,83.62352752685547,82.84416342412453,,770.21696,600 - 1200,50 - 100mm,4.414621534812511,-2.660238084328114,-3.7118051619648327,11.990083876121105,11.210719773390167,,6.162793954646426,-3.7136816949618225,-5.181665117291594,16.738108996381033,15.650119835157803,
2012-12-18,0.0,15800,82.52825812354371,67.52314758300781,53.55723190307617,67.17982482910156,77.38383483886719,70.42879377431899,,447.40544,< 600,50 - 100mm,-28.971026220467536,-15.005110540535895,-15.348433294442145,-5.14442328467652,-12.099464349224718,,-35.10437137434585,-18.18178510210823,-18.597791403116425,-6.233529462084837,-14.660995669037364,
2013-01-09,1.0,27700,108.80818737989172,96.70795440673828,110.1357650756836,113.2328643798828,135.55479431152344,124.19883268482494,,784.37536,600 - 1200,> 100mm,1.3275776957918737,-12.100232973153439,4.424676999991078,26.746606931631717,15.390645304933216,,1.2201082728791202,-11.120700808025427,4.066492702927593,24.581428636660313,14.144749283616392,
2013-01-15,0.0,16000,0.7726022943577874,0.1338674426078796,0.6460970640182495,0.1321809291839599,0.6636583209037781,0.0,,453.0688,< 600,< 20mm,-0.12650523033953787,-0.6387348517499077,-0.6404213651738275,-0.1089439734540093,-0.7726022943577874,,-16.373913365697835,-82.673175631823,-82.8914656157172,-14.100912493997594,-100.0,
2013-01-29,2.0,13200,45.63123899117026,52.193504333496094,43.915618896484375,41.74431610107422,48.30872344970703,61.52684824902724,,373.78176,< 600,20 - 50mm,-1.7156200946858817,6.562265342325837,-3.886922890096038,2.6774844585367745,15.895609257856982,,-3.759749094294498,14.381080784581918,-8.518118236605773,5.867656714416354,34.834928021421504,
2013-01-30,1.0,14100,51.50286230302449,45.751075744628906,50.55475616455078,45.65795135498047,55.386138916015625,61.84241245136188,,399.26688,< 600,50 - 100mm,-0.9481061384737117,-5.751786558395587,-5.844910948044024,3.883276612991132,10.339550148337388,,-1.840880479409849,-11.167896891932187,-11.348710900094543,7.539923878683316,20.075680624317847,
2013-02-07,0.0,15400,27.07558886285508,25.9543399810791,49.21487808227539,40.89997100830078,54.22838592529297,28.39708171206228,,436.07872,< 600,20 - 50mm,22.13928921942031,-1.1212488817759798,13.8243821454457,27.152797062437887,1.3214928492071998,,81.76844954900734,-4.141180040276863,51.05847269091653,100.28515797005888,4.880753862458563,
2013-03-02,2.0,22300,53.765829796872566,51.15480422973633,90.7135772705078,49.7247428894043,66.87324523925781,62.08696498054473,,631.46464,600 - 1200,50 - 100mm,36.94774747363523,-2.611025567136238,-4.041086907468269,13.107415442385246,8.321135183672162,,68.71975679204415,-4.856291769327655,-7.5160876763838775,24.378709473851874,15.476623749897342,
2013-03-14,2.0,24700,71.25522756023798,54.80417251586914,104.83497619628906,63.69457244873047,73.97079467773438,72.80544747081716,,699.4249599999999,600 - 1200,50 - 100mm,33.57974863605108,-16.451055044368843,-7.560655111507515,2.7155671174963913,1.5502199105791732,,47.12601416880371,-23.08750614888065,-10.61066727366194,3.811042656766054,2.175587621650135,
2013-03-15,1.0,25200,74.52393693518229,33.54302978515625,85.07652282714844,38.30525970458984,43.65461730957031,47.35778210116735,,713.58336,600 - 1200,50 - 100mm,10.552585891966146,-40.98090715002604,-36.218677230592455,-30.86931962561198,-27.16615483401494,,14.159995198783351,-54.990260626823115,-48.60005888053646,-41.42201941432695,-36.452924994613326,
2013-03-21,0.0,19400,54.71973042513879,50.55384826660156,57.92124176025391,50.26987838745117,58.178367614746094,70.11653696498058,,549.34592,< 600,50 - 100mm,3.2015113351151214,-4.165882158537229,-4.44985203768762,3.458637189607302,15.39680653984179,,5.850743982547683,-7.613126245635489,-8.132079604769606,6.320640037397498,28.137577470170328,
2013-04-05,1.0,29600,18.95638436775892,37.02475738525391,40.74262237548828,47.97370910644531,35.14665603637695,47.14280155642025,,838.17728,600 - 1200,< 20mm,21.786238007729363,18.068373017494995,29.017324738686394,16.190271668618035,28.186417188661334,,114.928235179613,95.31550250809296,153.0741526218426,85.40801533943626,148.69089295636402,
2013-04-10,1.0,22800,21.814074601495484,27.814529418945312,35.83460998535156,28.573266983032227,26.81835174560547,34.614007782101154,,645.62304,600 - 1200,20 - 50mm,14.020535383856078,6.000454817449828,6.759192381536742,5.0042771441099845,12.79993318060567,,64.27288638178072,27.50726275153777,30.985464682849116,22.940588750745867,58.67740628212649,
2013-04-30,0.0,19900,36.16887955581253,28.59206771850586,20.05226707458496,26.524490356445312,28.474580764770508,31.37334630350193,,563.50432,< 600,20 - 50mm,-16.11661248122757,-7.576811837306671,-9.644389199367218,-7.694298791042023,-4.795533252310602,,-44.55933575812841,-20.94842840131341,-26.664882401139558,-21.273257246381878,-13.258727699625226,
2013-05-13,2.0,45400,18.754506700583395,41.18219757080078,24.253124237060547,13.920854568481444,27.024131774902344,34.06284046692608,,1285.5827199999999,1200 - 1700,< 20mm,5.498617536477152,22.427690870217386,-4.833652132101951,8.269625074318949,15.308333766342688,,29.318913177844912,119.585608026255,-25.773283239444478,44.094068728886946,81.62482762538613,
2013-05-23,0.0,23700,25.818510505437573,28.95933151245117,22.997528076171875,30.86323928833008,42.864524841308594,30.82003891050583,,671.10816,600 - 1200,20 - 50mm,-2.8209824292656975,3.140821007013596,5.044728782892509,17.04601433587102,5.001528405068257,,-10.92620129527448,12.16499691704568,19.53919371851467,66.02245444128546,19.37187044161551,
2013-06-26,3.0,26700,18.459053518154427,15.877311706542969,28.45526885986328,27.66837501525879,20.752456665039062,18.86225680933852,,756.0585599999999,600 - 1200,< 20mm,9.996215341708854,-2.581741811611458,9.209321497104362,2.2934031468846356,0.4032032911840915,,54.15345554894028,-13.986317386600145,49.89054009755712,12.424272699730137,2.1843118380232345,
2013-06-29,2.0,27800,6.344866145677317,4.840669631958008,1.2096869945526123,0.6776547431945801,1.4604816436767578,9.968677042801566,,787.20704,600 - 1200,< 20mm,-5.135179151124705,-1.5041965137193092,-5.667211402482737,-4.884384502000559,3.6238108971242493,,-80.9343969316554,-23.70730097661872,-89.31963689011377,-76.98167920103772,57.11406377884125,
2013-07-01,1.0,31500,2.24609560136377,0.0870141014456749,0.0431410036981105,0.163649097084999,0.4111874997615814,5.15214007782102,,891.9792,600 - 1200,< 20mm,-2.2029545976656593,-2.159081499918095,-2.0824465042787708,-1.8349081016021884,2.90604447645725,,-98.07928907069153,-96.12598406796032,-92.71406359615166,-81.69323249144341,129.38204743790857,
2013-08-03,0.0,11600,12.498822181725991,15.84174346923828,3.703069686889648,7.883410453796387,6.028163909912109,11.294357976653709,,328.47488,< 600,< 20mm,-8.795752494836343,3.3429212875122882,-4.6154117279296045,-6.470658271813882,-1.2044642050722825,,-70.37265085422406,26.74589044397987,-36.92677326570504,-51.77014424026579,-9.636621655705122,
2013-08-14,1.0,11600,8.804588912606254,2.269595146179199,4.851539611816406,1.475614070892334,2.1606557369232178,2.485408560311285,,328.47488,< 600,< 20mm,-3.953049300789848,-6.534993766427055,-7.32897484171392,-6.643933175683037,-6.319180352294969,,-44.89760214846535,-74.22258814457955,-83.24039787048348,-75.45989076412609,-71.77144117708073,
2013-08-18,1.0,11900,11.266934996325904,0.0,0.6712081432342529,1.4171206951141355,0.3109350800514221,1.972762645914397,,336.96992,< 600,< 20mm,-10.595726853091652,-11.266934996325904,-9.849814301211769,-10.955999916274482,-9.294172350411507,,-94.04267315420626,-100.0,-87.42230521808946,-97.24028690897022,-82.49068937951887,
2013-08-30,3.0,16900,45.47359850346628,37.88321685791016,15.76591682434082,51.28752136230469,48.98455810546875,45.06245136186772,,478.55392,< 600,20 - 50mm,-29.707681679125457,-7.590381645556114,5.81392285883841,3.5109596020024725,-0.4111471415985548,,-65.32951571198166,-16.69184294921707,12.78527112472798,7.720874787894442,-0.9041447238164243,
2013-09-01,1.0,10800,33.92258895716379,0.8776081204414368,5.759075164794922,10.688592910766602,15.496664047241213,10.799221789883273,,305.82144,< 600,20 - 50mm,-28.163513792368867,-33.04498083672235,-23.233996046397188,-18.42592490992258,-23.123367167280517,,-83.02289022790309,-97.41290936977232,-68.4912229893073,-54.317566778851,-68.16510142100257,
2013-09-09,0.0,14600,26.27159651204028,6.181190490722656,20.89295196533203,12.850924491882324,13.85970687866211,12.99474708171206,,413.42528,< 600,20 - 50mm,-5.378644546708248,-20.090406021317623,-13.420672020157955,-12.41188963337817,-13.27684943032822,,-20.473230639954497,-76.47196473998139,-51.08434127331112,-47.2445198665022,-50.53689608944564,
2013-09-22,1.0,9980,6.654376665399593,37.95756149291992,25.23430633544922,27.1334228515625,33.923423767089844,19.737354085603123,,282.60166399999997,< 600,< 20mm,18.579929670049626,31.30318482752033,20.479046186162908,27.26904710169025,13.08297742020353,,279.2136755146232,470.41498252249266,307.7530355720125,409.791156600432,196.60710654132924,
2013-09-28,2.0,15600,12.224474159575088,84.20332336425781,50.75479888916016,54.148433685302734,57.10661315917969,51.13424124513619,,441.74208,< 600,< 20mm,38.530324729585075,71.97884920468272,41.923959525727646,44.8821389996046,38.9097670855611,,315.19003784228505,588.8093693445595,342.9510257738962,367.14985375832856,318.2939943071839,
2013-09-30,3.0,43200,122.07061563417972,130.1850128173828,145.28509521484375,142.77854919433594,160.4031982421875,122.9854085603113,,1223.28576,1200 - 1700,> 100mm,23.214479580664033,8.114397183203096,20.70793356015622,38.33258260800778,0.9147929261315824,,19.01725444740363,6.647297665410534,16.96389704645514,31.401973692737467,0.7493965041292384,
2013-10-07,1.0,21400,2.7725430191100537,26.28583717346192,11.00787353515625,18.41151237487793,13.26247215270996,13.721400778210116,,605.97952,600 - 1200,< 20mm,8.235330516046197,23.51329415435187,15.638969355767877,10.489929133599905,10.948857759100061,,297.03165863553016,848.0768014160262,564.0658863712694,378.3504552065353,394.90307936193847,
2013-10-27,0.0,10300,1.4588833653128102,5.810535430908203,2.4136271476745605,3.0768654346466064,0.5388454794883728,1.6634241245136183,,291.66304,< 600,< 20mm,0.9547437823617504,4.351652065595393,1.6179820693337963,-0.9200378858244374,0.20454075920080816,,65.44346210685846,298.2864956214181,110.9055122433912,-63.06452645219963,14.020364071870203,
2013-11-02,1.0,10700,17.866330798622755,41.94140625,27.36924743652344,43.49237823486328,48.77849578857422,44.54902723735412,,302.98976,< 600,< 20mm,9.502916637900686,24.075075451377245,25.626047436240526,30.912164989951464,26.682696438731362,,53.18896613418368,134.7510897605965,143.4320662987833,173.01910133856003,149.3462577150325,
2013-11-08,2.0,20200,54.01310123523152,37.570987701416016,32.731658935546875,55.314186096191406,62.94640350341797,47.07470817120621,,571.99936,< 600,50 - 100mm,-21.28144229968464,-16.4421135338155,1.3010848609598895,8.933302268186452,-6.9383930640253055,,-39.40051915738406,-30.44097294508001,2.4088319892863725,16.53913969738783,-12.845759464556627,
2013-11-11,1.0,14100,13.030825977669547,13.113895416259766,0.8826190233230591,8.017913818359375,3.005293369293213,10.364007782101163,,399.26688,< 600,< 20mm,-12.148206954346488,0.08306943859021843,-5.012912159310172,-10.025532608376334,-2.666818195568384,,-93.22668398123365,0.6374840607385249,-38.46964243019297,-76.93704624370493,-20.4654578315942,
2013-11-19,0.0,30700,60.88038245464602,46.78215789794922,70.5823974609375,61.72242736816406,62.03442001342773,80.19182879377428,,869.32576,600 - 1200,50 - 100mm,9.702015006291482,-14.098224556696799,0.8420449135180448,1.1540375587817095,19.31144633912826,,15.93619260443901,-23.157253598397702,1.3831137052158664,1.895581979369843,31.72031048509704,
2013-11-30,1.0,11800,4.144074566632262,28.359384536743164,10.564274787902832,9.003904342651367,9.019954681396484,6.641245136186773,,334.13824,< 600,< 20mm,6.42020022127057,24.2153099701109,4.859829776019105,4.875880114764223,2.4971705695545108,,154.9248238186996,584.3357685957326,117.27177438239273,117.6590825373751,60.25882327652879,
2013-12-02,2.0,23100,66.68447615511103,59.67693710327149,58.6329231262207,66.28152465820312,63.34424209594727,69.35505836575878,,654.11808,600 - 1200,50 - 100mm,-8.051553028890325,-7.007539051839537,-0.4029514969079031,-3.3402340591637554,2.6705822106477513,,-12.074104039090084,-10.50850131226898,-0.6042658203846727,-5.009012969366699,4.004803463456561,
2013-12-14,0.0,11000,14.862474199298308,16.88825225830078,14.610408782958984,14.651788711547852,19.330930709838867,14.65097276264591,,311.4848,< 600,< 20mm,-0.2520654163393239,2.025778059002473,-0.2106854877504567,4.468456510540559,-0.21150143665239796,,-1.6959855604070584,13.63015357899235,-1.417566718200955,30.065360925918544,-1.4230567119328181,
2013-12-21,2.0,8630,19.16378204226801,26.333324432373047,23.591176986694336,23.37189292907715,34.67426681518555,20.19747081712062,,244.373984,< 600,< 20mm,4.427394944426325,7.169542390105036,4.208110886809138,15.510484772917536,1.0336887748526102,,23.102928924265452,37.4119386992179,21.958665974845918,80.93644948949695,5.393970629454489,
2013-12-27,0.0,11600,3.8066596549153897,10.317911148071287,14.587051391601562,9.042984008789062,16.24560546875,8.073151750972755,,328.47488,< 600,< 20mm,10.780391736686173,6.511251493155898,5.236324353873673,12.43894581383461,4.266492096057366,,283.1982029905373,171.04895324036062,137.5569351757574,326.7680050611483,112.07968357634002,
2014-01-03,1.0,14300,45.517342250787046,41.075321197509766,25.574914932250977,36.88411712646485,41.966217041015625,50.82315175097278,,404.93023999999997,< 600,20 - 50mm,-19.94242731853607,-4.44202105327728,-8.633225124322195,-3.5511252097714205,5.305809500185731,,-43.812811408581844,-9.758964020357478,-18.96689195242483,-7.801697186548755,11.656676857256505,
2014-01-11,3.0,28300,86.23715113111938,103.98885345458984,114.76116943359376,124.15731048583984,125.3721694946289,126.70058365758752,,801.36544,600 - 1200,50 - 100mm,28.52401830247439,17.751702323470468,37.92015935472047,39.13501836350953,40.46343252646814,,33.07625301664362,20.58475041282367,43.97195275741973,45.38069480519671,46.92111461908739,
2014-01-13,1.0,36400,138.17427724178162,106.83100128173828,125.3228759765625,127.57232666015624,132.79241943359375,124.0433852140078,,1030.73152,600 - 1200,> 100mm,-12.851401265219124,-31.343275960043343,-10.601950581625388,-5.381857808187874,-14.130892027773825,,-9.300863751023169,-22.683871836143503,-7.672882965816978,-3.8949780781342773,-10.226861547498563,
2014-01-31,0.0,11700,34.386443618606656,26.8499698638916,21.6806583404541,39.824851989746094,39.6650505065918,34.0249027237354,,331.30656,< 600,20 - 50mm,-12.705785278152554,-7.536473754715054,5.438408371139438,5.278606887985141,-0.3615408948712542,,-36.94998360132072,-21.91699100466742,15.815559269399676,15.350836936009468,-1.0514053121667482,
2014-02-12,1.0,12600,58.48096931869624,67.96817016601562,94.51048278808594,62.227516174316406,84.23297119140625,84.22665369649802,,356.79168,< 600,50 - 100mm,36.0295134693897,9.487200847319386,3.746546855620167,25.75200187271001,25.74568437780178,,61.60895397106755,16.2227147700275,6.406437682664066,44.03484103071656,44.0240383799024,
2014-02-14,1.0,13500,59.71439188775779,55.24420547485352,86.43058776855469,71.04215240478516,93.04795837402344,58.15797665369649,,382.2768,< 600,50 - 100mm,26.716195880796896,-4.470186412904269,11.327760517027365,33.333566486265646,-1.5564152340613049,,44.73996139994863,-7.485944797540029,18.96990015123925,55.821662806047016,-2.606432360538515,
2014-02-17,1.0,14500,75.63479346341774,81.4119873046875,78.98831176757812,79.75625610351562,90.84422302246094,93.51186770428016,,410.5936,< 600,50 - 100mm,3.3535183041603887,5.777193841269764,4.121462640097889,15.209429559043201,17.877074240862427,,4.433830186609003,7.638275424212029,5.449162285464976,20.10903826477631,23.636045558198063,
2014-02-25,0.0,11100,53.86848948243471,42.06021881103516,15.769186973571776,53.33538436889648,34.65192031860352,44.344747081712114,,314.31648,< 600,50 - 100mm,-38.099302508862934,-11.808270671399548,-0.5331051135382339,-19.21656916383119,-9.523742400722597,,-70.72650982962173,-21.920552784852,-0.9896418456509113,-35.67311678582945,-17.679616585180234,
2014-03-09,1.0,40300,93.13993298875486,59.09734344482422,63.83690643310547,56.23383712768555,60.76446533203125,73.01303501945523,,1141.16704,600 - 1200,50 - 100mm,-29.303026555649396,-34.042589543930646,-36.90609586106932,-32.375467656723615,-20.126897969299634,,-31.46129228929901,-36.54993991464514,-39.624353031824846,-34.76002893477755,-21.609311198162047,
2014-03-16,2.0,34800,66.4340440369074,81.11466217041016,74.76026916503906,75.54033660888672,89.6759033203125,95.38832684824904,,985.42464,600 - 1200,50 - 100mm,8.326225128131668,14.680618133502762,9.106292571979324,23.241859283405105,28.954282811341642,,12.533069827129653,22.09803474457607,13.707268169495038,34.98486298755666,43.58350184922674,
2014-03-26,1.0,17000,15.544613760430588,18.44906234741211,36.148345947265625,18.11617088317871,16.082273483276367,23.68073929961091,,481.3856,< 600,< 20mm,20.60373218683504,2.9044485869815215,2.571557122748123,0.5376597228457793,8.136125539180322,,132.54579691959046,18.684597969072136,16.54307506368618,3.458816868222309,52.340480532820585,
2014-04-18,0.0,23700,44.84279347383497,31.51147079467773,47.66080474853516,59.79020690917969,57.71999740600586,45.265953307393,,671.10816,600 - 1200,20 - 50mm,2.81801127470019,-13.331322679157243,14.947413435344714,12.877203932170886,0.42315983355802445,,6.284200997300609,-29.729019194434997,33.33292214292199,28.71632861071539,0.9436518128714063,
2014-07-06,1.0,26500,0.3275640541099966,0.6242630481719971,0.2609164118766784,1.909982442855835,2.06124234199524,0.1945525291828793,,750.3952,600 - 1200,< 20mm,-0.0666476422333182,0.29669899406200045,1.5824183887458383,1.7336782878852435,-0.13301152492711732,,-20.34644564844035,90.57739710425258,483.08670285734684,529.263900031922,-40.606264105661545,
2014-07-12,0.0,23000,0.0,0.0,0.0003665105323307,1.2607971257239114e-05,0.0759989693760871,0.0,,651.2864,600 - 1200,< 20mm,0.0003665105323307,0.0,1.2607971257239114e-05,0.0759989693760871,0.0,,inf,,inf,inf,,
2014-07-20,3.0,26600,17.914619500690048,15.70195770263672,2.0298142433166504,4.634125709533691,4.702651023864746,17.296692607003887,,753.2268799999999,600 - 1200,< 20mm,-15.884805257373397,-2.212661798053327,-13.280493791156356,-13.211968476825302,-0.6179268936861604,,-88.66950959668183,-12.351151516045867,-74.13215664806506,-73.74964607155844,-3.449288407506275,
2014-08-15,0.0,11200,43.189183539003984,27.15087890625,19.144561767578125,42.009761810302734,23.094039916992188,26.481517509727624,,317.14816,< 600,20 - 50mm,-24.04462177142586,-16.038304632753984,-1.17942172870125,-20.095143622011797,-16.70766602927636,,-55.67278610328731,-37.135003069159325,-2.730826637730067,-46.528185937722,-38.68483879577796,
2014-09-25,4.0,10700,43.67017013221325,51.8674201965332,12.591361045837402,46.20809173583984,37.70531463623047,52.920233463035,,302.98976,< 600,20 - 50mm,-31.07880908637585,8.197250064319952,2.537921603626586,-5.964855495982782,9.250063330821746,,-71.16713535185109,18.770822370287174,5.811567932854218,-13.658878538654498,21.18165169225766,
2014-10-03,1.0,11500,7.788369032994391,0.0742403492331504,1.2761255502700806,0.4481822252273559,0.7325583100318909,0.1840466926070038,,325.6432,< 600,< 20mm,-6.51224348272431,-7.71412868376124,-7.340186807767035,-7.0558107229625,-7.6043223403873865,,-83.61498351113123,-99.04677925611072,-94.24549320494842,-90.59420134140403,-97.63690328710267,
2014-10-14,3.0,11600,42.456191119910656,31.91725349426269,21.41484642028809,30.57794570922852,38.2691764831543,36.50291828793775,,328.47488,< 600,20 - 50mm,-21.041344699622567,-10.538937625647964,-11.878245410682137,-4.187014636756359,-5.953272831972903,,-49.56013279711005,-24.82308786457654,-27.97765201577775,-9.861964830831885,-14.022154778696105,
2014-10-16,3.0,15700,56.50861180763172,27.24632453918457,22.47862434387207,43.59035873413086,48.47305679321289,37.067704280155645,,444.57376,< 600,50 - 100mm,-34.02998746375965,-29.262287268447153,-12.918253073500864,-8.035555014418833,-19.440907527476078,,-60.22088735714396,-51.78376592945283,-22.860680275561467,-14.220053824315674,-34.4034420694272,
2014-10-22,2.0,20300,39.26747987057522,71.08493041992188,46.44781494140625,56.58433532714844,79.69593048095703,90.92081712062256,,574.83104,< 600,20 - 50mm,7.180335070831028,31.817450549346653,17.316855456573215,40.42845061038181,51.653337250047336,,18.28570383049093,81.027482930446,44.099737272799786,102.95657053529568,131.5422772744664,
2014-10-25,1.0,21300,72.95861187651326,58.18718719482422,33.157615661621094,45.362091064453125,62.56285858154297,62.51595330739301,,603.14784,600 - 1200,50 - 100mm,-39.800996214892166,-14.77142468168904,-27.596520812060135,-10.39575329497029,-10.442658569120248,,-54.552841934900975,-20.24630718946592,-37.82489839413182,-14.248836467127028,-14.313126717371022,
2014-10-27,2.0,27000,53.283969388067376,49.21526336669922,37.54684829711914,43.21408081054688,66.28508758544922,53.65894941634241,,764.5536,600 - 1200,50 - 100mm,-15.737121090948236,-4.068706021368158,-10.069888577520494,13.001118197381842,0.37498002827503285,,-29.534438352996407,-7.635891372385857,-18.898533073205286,24.39968032917113,0.7037389154401237,
2014-10-31,1.0,33300,68.0056539156241,52.970680236816406,44.48799514770508,57.33013534545898,46.59253692626953,59.96731517509728,,942.94944,600 - 1200,50 - 100mm,-23.517658767919016,-15.034973678807688,-10.675518570165117,-21.413116989354563,-8.038338740526811,,-34.58191696398924,-22.10841718757953,-15.697986792995824,-31.487259891541115,-11.820103590945733,
2014-11-04,1.0,39600,48.004921549049925,50.10863494873047,41.59307098388672,64.55638122558594,66.45306396484375,71.17723735408562,,1121.34528,600 - 1200,20 - 50mm,-6.411850565163206,2.1037133996805437,16.551459676536012,18.448142415793825,23.172315805035694,,-13.35665252282889,4.382286923500199,34.47867248282918,38.429689749506394,48.27070862173777,
2014-11-06,3.0,39100,75.97747796990447,53.76707458496094,35.116451263427734,69.5841293334961,82.73684692382812,67.55992217898832,,1107.18688,600 - 1200,50 - 100mm,-40.861026706476736,-22.210403384943533,-6.393348636408376,6.759368953923655,-8.417555790916154,,-53.7804462562738,-29.232877924351904,-8.414794498628728,8.896542942108603,-11.079014486701496,
2014-11-09,1.0,31500,32.40614717866291,22.75044059753418,21.600685119628903,28.8955192565918,30.60849380493164,18.64824902723735,,891.9792,600 - 1200,20 - 50mm,-10.80546205903401,-9.655706581128733,-3.5106279220711123,-1.797653373731272,-13.757898151425564,,-33.343865284141586,-29.79591041136267,-10.83321600286567,-5.5472604127247065,-42.4545938015246,
2014-11-15,0.0,15200,0.1125525812977697,0.0,0.0,0.0,0.0,0.0356031128404669,,430.41536,< 600,< 20mm,-0.1125525812977697,-0.1125525812977697,-0.1125525812977697,-0.1125525812977697,-0.0769494684573028,,-100.0,-100.0,-100.0,-100.0,-68.36757324447753,
2014-11-22,1.0,16800,48.1899273233937,61.309043884277344,55.88291931152344,63.74928665161133,56.21965408325195,68.63151750972766,,475.72224,< 600,20 - 50mm,7.692991988129741,13.119116560883647,15.559359328217631,8.029726759858256,20.44159018633396,,15.963900373834337,27.223773285325127,32.28757583260428,16.662666257975957,42.41880268703089,
2014-11-28,3.0,71500,151.62001518685776,106.1667938232422,125.70606994628906,113.2919921875,101.64862060546876,125.40077821011673,,2024.6512,> 1700,> 100mm,-25.913945240568694,-45.453221363615555,-38.328022999357756,-49.97139458138899,-26.21923697674103,,-17.09137491421046,-29.97837805753985,-25.278999578071527,-32.95830996969881,-17.292728103494927,
2014-12-06,1.0,20800,17.050074564736207,22.88753890991211,31.10149955749512,24.183950424194336,26.128358840942383,29.80077821011673,18.991899490356445,588.98944,< 600,< 20mm,14.051424992758914,5.837464345175903,7.133875859458129,9.078284276206176,12.750703645380522,1.9418249256202387,82.41268939562735,34.237177808296686,41.840731149720355,53.24483621310563,74.7838585512825,11.388952689018824
2014-12-11,4.0,46500,94.64290825541116,81.84966278076172,68.59757995605469,102.66363525390624,113.72216033935548,101.2647859922178,60.42704772949219,1316.7312,1200 - 1700,50 - 100mm,-26.04532829935647,-12.793245474649439,8.020726998495078,19.079252083944326,6.621877736806638,-34.21586052591897,-27.519577303212618,-13.517384144752326,8.474725836667744,20.15919886195327,6.996697226311234,-36.15258782367637
2014-12-12,1.0,42600,88.14487384518975,55.46867370605469,45.52009963989258,55.71603012084961,66.4997329711914,61.93910505836566,33.610740661621094,1206.29568,1200 - 1700,50 - 100mm,-42.62477420529717,-32.67620013913506,-32.42884372434014,-21.645140873998344,-26.205768786824088,-54.534133183568656,-48.35763254952267,-37.07101583300782,-36.79039098892516,-24.55632407168005,-29.73033784454635,-61.86875175446711
2014-12-19,1.0,18100,22.11623900642673,30.920154571533203,18.764373779296875,21.69080352783203,26.71459007263184,32.5533073929961,9.325963020324709,512.53408,< 600,20 - 50mm,-3.3518652271298564,8.803915565106472,-0.4254354785947001,4.598351066205108,10.437068386569372,-12.790275986102023,-15.15567464321507,39.80747161643601,-1.9236339346444635,20.791740697271717,47.19187735101107,-57.83205717023275
2014-12-21,3.0,26300,66.37436524631872,58.10246658325195,91.25778198242188,76.64982604980469,101.41642761230467,69.28735408560308,50.746070861816406,744.73184,600 - 1200,50 - 100mm,24.883416736103158,-8.271898663066764,10.27546080348597,35.042062365985956,2.912988839284367,-15.628294384502311,37.48949860953021,-12.462490047730505,15.48106827892546,52.79457247680342,4.388725720350189,-23.545678104046495
2014-12-29,0.0,16900,31.76111281167424,25.010082244873047,42.11933898925781,25.93809700012207,38.467472076416016,30.90291828793774,23.092586517333984,478.55392,< 600,20 - 50mm,10.358226177583571,-6.7510305668011945,-5.823015811552171,6.706359264741774,-0.8581945237365005,-8.668526294340257,32.612919575589494,-21.255648713667735,-18.333790273909546,21.115000927413217,-2.702029141186322,-27.292892241338656
2015-01-06,3.0,47100,117.7752830203815,90.82920837402344,130.9577178955078,111.41329193115234,112.31298828125,129.48112840466922,86.41873931884766,1333.72128,1200 - 1700,> 100mm,13.182434875126319,-26.946074646358056,-6.36199108922915,-5.462294739131494,11.705845384287727,-31.356543701533838,11.192870470831341,-22.879227249825355,-5.401804967964442,-4.637895659470605,9.939135856087889,-26.624044449213898
2015-01-18,1.0,24300,53.57674574180476,62.597206115722656,105.24568176269533,79.64759826660156,98.58258056640624,69.49688715953309,62.56334686279297,688.09824,600 - 1200,50 - 100mm,51.66893602089057,9.0204603739179,26.070852524796805,45.00583482460148,15.920141417728331,8.986601120988212,96.43910861979516,16.83652160843997,48.6607616118317,84.00255409593572,29.714648019963995,16.77332394224938
2015-01-25,3.0,39000,66.8850477366329,49.92714309692383,83.58926391601562,34.20448684692383,49.0476188659668,63.42101167315175,32.71544647216797,1104.3552,600 - 1200,50 - 100mm,16.704216179382726,-16.95790463970907,-32.68056088970907,-17.837428870666102,-3.464036063481146,-34.16960126446493,24.974514849951788,-25.353805093303745,-48.86078726951397,-26.6687839424185,-5.179088870686259,-51.08705521002456
2015-02-07,4.0,59700,117.42676860481558,119.6826171875,115.2488784790039,130.50193786621094,132.36715698242188,160.40175097276273,95.05906677246094,1690.51296,1200 - 1700,> 100mm,-2.177890125811672,2.255848582684422,13.07516926139536,14.940388377606297,42.97498236794715,-22.36770183235464,-1.8546794327118685,1.9210684322551574,11.13474331001829,12.723153804807675,36.59726217330721,-19.0482137063911
2015-02-12,1.0,28500,12.637629087192112,6.4608564376831055,13.243335723876951,19.06757926940918,25.18906021118164,4.71614785992218,6.757569313049316,807.0287999999999,600 - 1200,< 20mm,0.6057066366848396,-6.176772649509006,6.429950182217068,12.551431123989529,-7.921481227269932,-5.880059774142795,4.792881896642358,-48.876040014253896,50.879402598812185,99.31792615048386,-62.681703764340845,-46.528187633723746
2015-02-21,0.0,16200,7.372760985493144,6.795180320739746,4.328399181365967,7.278467178344727,7.248337268829346,7.726459143968869,3.267200469970703,458.73216,< 600,< 20mm,-3.0443618041271776,-0.5775806647533983,-0.09429380714841784,-0.1244237166637987,0.3536981584757246,-4.105560515522441,-41.29201814784653,-7.833980592750295,-1.278948379500611,-1.6876135942643244,4.797363690097526,-55.685523016420305
2015-03-14,1.0,13800,29.23364818096028,50.44561767578125,40.80263900756836,41.698577880859375,42.49409484863281,53.70894941634239,39.12305068969727,390.77184,< 600,20 - 50mm,11.56899082660808,21.21196949482097,12.464929699899095,13.260446667672532,24.475301235382112,9.889402508736993,39.57422883040271,72.56011758613218,42.63898102193567,45.36021842223917,83.72304778341947,33.8288346617577
2015-03-21,2.0,15200,25.03060230196776,38.26364135742188,37.935691833496094,35.701358795166016,54.13353729248047,49.12743190661476,25.738609313964844,430.41536,< 600,20 - 50mm,12.905089531528333,13.233039055454121,10.670756493198255,29.102934990512708,24.096829604647,0.7080070119970827,51.55724730808339,52.867441605325716,42.63084189691824,116.26941549155131,96.2694757159425,2.828565623214841
2015-03-26,1.0,21300,30.519353737452747,17.946321487426758,41.14372634887695,29.362911224365234,37.89673614501953,29.05389105058365,21.256141662597656,603.14784,600 - 1200,20 - 50mm,10.624372611424207,-12.573032250025989,-1.1564425130875122,7.377382407566785,-1.4654626868690954,-9.26321207485509,34.811918701889766,-41.196915105697705,-3.789210358240151,24.172800220580708,-4.801748750894121,-30.351927352535846
2015-03-30,1.0,21100,34.47615870875734,25.525678634643555,28.833229064941406,27.000263214111328,39.26223373413086,20.362062256809345,19.12660217285156,597.48448,< 600,20 - 50mm,-5.642929643815933,-8.950480074113784,-7.475895494646011,4.7860750253735205,-14.114096451947994,-15.34955653590578,-16.36762868939504,-25.961361153150335,-21.684247244015175,13.882274605487888,-40.938715276197094,-44.52223539627347
2015-04-13,0.0,11800,37.66561182911853,25.444992065429688,42.49771118164063,30.060970306396484,43.93585205078125,31.443385214007755,23.06678581237793,334.13824,< 600,20 - 50mm,4.8320993525221,-12.220619763688845,-7.604641522722048,6.270240221662718,-6.2222266151107775,-14.598826016740603,12.828941620394707,-32.44503187451565,-20.189879185350314,16.647121650670545,-16.519648328931428,-38.75903060588157
2015-07-16,1.0,7660,0.9932084129419868,0.4754757881164551,0.0306807905435562,0.155815303325653,0.1243990659713745,2.1776264591439696,1.0277745723724363,216.906688,< 600,< 20mm,-0.9625276223984306,-0.5177326248255317,-0.8373931096163338,-0.8688093469706123,1.1844180462019827,0.034566159430449495,-96.91094133479231,-52.127289507340535,-84.31192272484766,-87.47502897172492,119.25171301092921,3.4802523800680394
2015-07-27,0.0,7430,14.474797335625617,8.404773712158203,5.187185764312744,13.160585403442385,9.207669258117676,10.399805447470817,11.09853172302246,210.393824,< 600,< 20mm,-9.287611571312873,-6.070023623467414,-1.3142119321832322,-5.267128077507941,-4.0749918881548,-3.3762656126031576,-64.16401802361713,-41.93511993793356,-9.079311452248602,-36.388268211150674,-28.1523243031898,-23.325132188852383
2015-08-08,1.0,6000,5.772108980433804,0.0124930823221802,0.349742591381073,1.4053784608840942,1.6861529350280762,0.1007782101167314,2.493224859237671,169.9008,< 600,< 20mm,-5.422366389052731,-5.7596158981116234,-4.3667305195497095,-4.0859560454057275,-5.671330770317073,-3.278884121196133,-93.94081794770986,-99.7835612188798,-75.65225352383294,-70.78792273770699,-98.25404872883816,-56.805651665809464
2015-08-16,0.0,6580,22.188669190875853,23.836036682128903,12.590035438537598,18.17871856689453,33.07002639770508,21.095914396887164,12.862371444702148,186.324544,< 600,20 - 50mm,-9.598633752338255,1.6473674912530498,-4.009950623981322,10.881357206829225,-1.0927547939886892,-9.326297746173704,-43.25916831589559,7.424363656430823,-18.072064572625397,49.04015249055009,-4.924832510631319,-42.03180310610403
2015-08-30,3.0,8240,60.962980991324464,62.62109375,42.416500091552734,44.78855514526367,48.972442626953125,77.80389105058364,33.180625915527344,233.330432,< 600,50 - 100mm,-18.54648089977173,1.6581127586755358,-16.174425846060792,-11.99053836437134,16.84091005925918,-27.78235507579712,-30.42252953872293,2.7198682408780157,-26.531553383786378,-19.668556506575182,27.624813920526265,-45.57250092437373
2015-09-01,2.0,14000,103.46238630816312,57.04393768310547,57.18915557861328,59.092071533203125,53.55189514160156,75.11050583657585,31.609468460083008,396.4352,< 600,> 100mm,-46.27323072954984,-46.41844862505765,-44.37031477495999,-49.910491166561556,-28.351880471587265,-71.85291784808011,-44.72468921384129,-44.86504736784257,-42.88545466446409,-48.24022811333866,-27.403079982266288,-69.44834776385875
2015-09-07,0.0,7990,11.753575538675056,6.963322639465332,4.259737968444824,1.3763482570648191,0.6939423084259033,12.65622568093385,4.724795341491699,226.251232,< 600,< 20mm,-7.493837570230232,-4.790252899209724,-10.377227281610237,-11.059633230249153,0.9026501422587945,-7.028780197183357,-63.75793940807045,-40.75570777120061,-88.28996119065253,-94.09590463648708,7.679791900674231,-59.80120835617389
2015-09-21,2.0,14400,36.54984700702016,30.89666557312012,21.71146583557129,17.91883087158203,35.83480453491211,31.8204280155642,20.097749710083008,407.76192,< 600,20 - 50mm,-14.838381171448873,-5.653181433900041,-18.63101613543813,-0.7150424721080526,-4.729418991455962,-16.452097296937154,-40.59765604107413,-15.4670454101059,-50.974265724996485,-1.956348741954279,-12.939641007382544,-45.01276652068389
2015-09-23,2.0,10100,23.46333267306864,0.8681498169898987,7.986400127410889,6.882085800170898,11.34446620941162,0.6060311284046692,8.46615219116211,285.99968,< 600,20 - 50mm,-15.47693254565775,-22.59518285607874,-16.58124687289774,-12.11886646365702,-22.85730154466397,-14.997180481906529,-65.96220904041594,-96.29997226273672,-70.66876263460135,-51.65023499652771,-97.41711402702705,-63.91752054523946
2015-10-11,4.0,22500,62.88196549226706,62.34791946411133,37.56936264038086,37.16889190673828,59.360443115234375,66.64280155642025,36.81596374511719,637.128,600 - 1200,50 - 100mm,-25.312602851886197,-0.5340460281557284,-25.713073585528775,-3.5215223770326816,3.760836064153196,-26.06600174714987,-40.25415340269386,-0.8492832944628664,-40.89101443352761,-5.600210409240059,5.98078643806973,-41.45226941157772
2015-10-12,1.0,14800,66.35502666683736,60.50410079956055,34.50642013549805,40.387996673583984,63.91205596923828,68.24046692607006,38.705562591552734,419.08864,< 600,50 - 100mm,-31.848606531339314,-5.850925867276814,-25.967029993253377,-2.4429706975990797,1.8854402592326949,-27.649464075284627,-47.99727787202666,-8.817607589329725,-39.13347834766386,-3.6816663639742266,2.8414429982815337,-41.66898193577723
2015-10-20,0.0,9810,9.378001926339056,6.113321781158447,5.538131237030029,3.947935104370117,8.4805908203125,6.741439688715955,3.882455825805664,277.787808,< 600,< 20mm,-3.839870689309027,-3.264680145180609,-5.430066821968939,-0.8974111060265564,-2.6365622376231013,-5.495546100533392,-40.94550970952955,-34.81210785435465,-57.90217217505632,-9.569320981968318,-28.11432817280675,-58.600394238548844
2015-10-31,3.0,28200,89.00441494680955,117.5653076171875,89.02766418457031,103.51611328125,102.65338897705078,147.83832684824904,29.35776329040528,798.53376,600 - 1200,50 - 100mm,0.023249237760765595,28.560892670377953,14.511698334440453,13.648974030241234,58.83391190143949,-59.646651656404266,0.026121443272965405,32.08929881449858,16.30447022556451,15.335165158265552,66.10223991315439,-67.01538535144583
2015-11-07,2.0,16000,14.837340336000942,38.09789276123047,34.09990692138672,38.00847244262695,42.92091369628906,49.98579766536968,24.192777633666992,453.0688,< 600,< 20mm,19.262566585385777,23.260552425229527,23.17113210662601,28.08357336028812,35.14845732936874,9.35543729766605,129.82492919332435,156.77036381507486,156.16769300899685,189.27633069214474,236.8918993122064,63.05333089223718
2015-11-13,3.0,33500,62.94694073250861,118.1849365234375,114.9118194580078,123.80247497558594,130.5430145263672,140.37392996108954,89.3833236694336,948.6128,600 - 1200,50 - 100mm,51.96487872549919,55.23799579092889,60.85553424307733,67.59607379385858,77.42698922858094,26.436382936924986,82.55346188518135,87.75326512794534,96.67750892244524,107.38579668407769,123.00357781898397,41.99788366088467
2015-11-16,3.0,44300,130.87511268924803,71.32170867919922,33.216552734375,51.74509811401367,43.31046676635742,78.36517509727629,45.90412521362305,1254.43424,1200 - 1700,> 100mm,-97.65855995487303,-59.55340401004881,-79.13001457523436,-87.5646459228906,-52.509937591971735,-84.97098747562498,-74.61965682257336,-45.50399444656325,-60.46223223747813,-66.90702618977338,-40.122171827008984,-64.92524493742478
2015-11-25,0.0,16800,8.04784704384507,7.412292957305908,11.726110458374023,6.090402603149414,9.910406112670898,7.8175097276264625,8.764540672302246,475.72224,< 600,< 20mm,3.678263414528953,-0.6355540865391625,-1.9574444406956566,1.8625590688258278,-0.2303373162186082,0.7166936284571754,45.70493691653918,-7.897193908838379,-24.32258503462357,23.143569437621185,-2.862098583182795,8.90540817379596
2015-12-01,1.0,13600,1.0721567897493354,10.408348083496094,1.615015745162964,1.8777793645858765,1.482358455657959,12.865369649805457,0.4117067158222198,385.10848,< 600,< 20mm,0.5428589554136287,9.336191293746758,0.8056225748365411,0.4102016659086236,11.793212860056121,-0.6604500739271155,50.63242247811034,870.7860065811373,75.14036963053616,38.25948497742822,1099.952261908756,-61.60013910666231
2015-12-03,3.0,15200,22.73415293556773,57.50981903076172,64.75727844238281,38.07875442504883,46.99682235717773,64.02062256809339,30.94198989868164,430.41536,< 600,20 - 50mm,42.02312550681508,34.77566609519398,15.344601489481096,24.262669421609996,41.28646963252565,8.207836963113909,184.84579401711343,152.96662336069372,67.4958136024253,106.72343715806932,181.60548910504028,36.103553039236814
2015-12-06,2.0,22500,89.91077629193293,72.3171157836914,70.53337860107422,77.99380493164062,99.93087005615234,90.00252918287936,66.63541412353516,637.128,600 - 1200,50 - 100mm,-19.377397690858714,-17.593660508241527,-11.916971360292308,10.02009376421941,0.0917528909464238,-23.275362168397777,-21.551807792140387,-19.5679108042804,-13.254219184582366,11.144485875291506,0.10204882521368704,-25.887177408884316
2015-12-07,1.0,26300,84.69826000142507,82.11819458007812,86.39990234375,94.41366577148438,100.0606918334961,97.99533073929962,65.6629867553711,744.73184,600 - 1200,50 - 100mm,1.7016423423249307,-2.5800654213469443,9.715405770059306,15.362431832071024,13.297070737874549,-19.035273246053976,2.009064108632574,-3.046184681129853,11.47060845157367,18.13783639925135,15.699343454813382,-22.47421994942246
2015-12-09,3.0,64300,131.5122866147335,108.10565948486328,154.77915954589844,144.77890014648438,150.70079040527344,133.83035019455252,97.0552749633789,1820.77024,> 1700,> 100mm,23.266872931164926,-23.40662712987023,13.266613531750863,19.188503790539926,2.318063579819011,-34.457011651354605,17.691786471119197,-17.798053499320687,10.087736950856565,14.590654823570082,1.7626213029127844,-26.200602649619153
2015-12-21,0.0,18500,57.38589860695498,42.9052619934082,39.5796127319336,39.13996505737305,54.99928665161133,40.97431906614785,22.740577697753903,523.8608,< 600,50 - 100mm,-17.80628587502138,-14.480636613546778,-18.245933549581935,-2.3866119553436533,-16.411579540807132,-34.645320909201075,-31.02902682935999,-25.233789075478157,-31.795151757666453,-4.1588822572770585,-28.598627779992807,-60.37253358441298
2016-01-13,1.0,15200,37.15872275519112,44.13045501708984,52.66968536376953,59.12208557128906,39.8199348449707,55.69533073929963,40.52272415161133,430.41536,< 600,20 - 50mm,15.51096260857841,6.971732261898715,21.96336281609794,2.661212089779582,18.536607984108507,3.364001396420207,41.742453611141705,18.762034173859636,59.10688308851959,7.161742633922493,49.88494385620108,9.053059812047096
2016-01-17,1.0,15700,28.726569765072448,42.12848663330078,57.54826354980469,43.3343391418457,50.75640106201172,49.22529182879374,23.23650932312012,444.57376,< 600,20 - 50mm,28.82169378473224,13.401916868228334,14.607769376773255,22.02983129693927,20.498722063721296,-5.490060441952327,100.33113601950292,46.653383880602476,50.85107444514413,76.68799817416595,71.35805712746433,-19.111437553631912
2016-01-22,2.0,29900,72.89342454560172,81.9339828491211,86.24411010742188,92.64991760253906,98.2160186767578,92.98326848249027,59.250244140625,846.67232,600 - 1200,50 - 100mm,13.350685561820157,9.040558303519376,19.756493056937344,25.32259413115608,20.089843936888556,-13.643180404976718,18.31534962864592,12.402433223402275,27.103258188367583,34.7392021832016,27.560570877446516,-18.716613315981085
2016-01-26,1.0,20700,11.901087929960562,22.86105728149414,34.037506103515625,21.11425018310547,19.455753326416016,29.574513618677056,17.233642578125,586.1577599999999,< 600,< 20mm,22.136418173555064,10.959969351533578,9.213162253144906,7.554665396455453,17.673425688716492,5.332554648164438,186.00331586348022,92.09216347307417,77.41445410172209,63.47877976295641,148.50260575106142,44.80728719548338
2016-01-28,3.0,39900,63.61644171513876,81.71524810791016,102.75105285644533,67.61959838867188,70.90999603271484,106.37431906614783,58.56393432617188,1129.84032,600 - 1200,50 - 100mm,39.134611141306564,18.098806392771394,4.0031566735331126,7.293554317576081,42.75787735100907,-5.05250738896688,61.51650435989998,28.44988796106217,6.292644740267647,11.464888825808751,67.21199142584865,-7.9421408251517125
2016-02-06,2.0,17600,41.98039004411798,32.45350646972656,52.7624397277832,46.34612274169922,60.21271514892578,38.46867704280156,31.17287254333496,498.37568,< 600,20 - 50mm,10.782049683665221,-9.52688357439142,4.365732697581237,18.2323251048078,-3.511713001316423,-10.807517500783021,25.683538605368273,-22.693651879793013,10.399457206074565,43.43057576560653,-8.365127140614694,-25.744204590346104
2016-02-12,2.0,28400,28.407680683197896,52.64189910888672,26.090431213378903,37.33118438720703,47.00136184692383,67.42334630350197,34.10242462158203,804.19712,600 - 1200,20 - 50mm,-2.317249469818993,24.234218425688823,8.923503704009136,18.593681163725932,39.01566562030408,5.694743938384136,-8.157123052955045,85.30868357733435,31.412292342778485,65.45300678039308,137.34196063172595,20.046493770089327
2016-02-16,2.0,59300,106.09609179742932,77.2913818359375,91.11111450195312,91.11517333984376,100.25201416015624,97.92665369649806,60.69425201416016,1679.18624,1200 - 1700,> 100mm,-14.984977295476199,-28.804709961491824,-14.98091845758556,-5.844077637273088,-8.16943810093126,-45.40183978326916,-14.123967284381422,-27.149642812940783,-14.120141660061169,-5.508287382000143,-7.7000367897898405,-42.79313122104016
2016-02-22,0.0,22100,29.25683175082284,10.694007873535156,26.781200408935547,17.639751434326172,26.278621673583984,12.611284046692608,17.515596389770508,625.80128,600 - 1200,20 - 50mm,-2.4756313418872935,-18.562823877287684,-11.617080316496669,-2.978210077238856,-16.64554770413023,-11.741235361052333,-8.461720540938842,-63.44782659785303,-39.707239715626216,-10.179537219217506,-56.894566868683846,-40.1316022905389
2016-03-02,1.0,22800,64.46819314144082,60.73606491088867,100.81732177734376,70.30772399902344,86.67932891845703,63.90661478599223,32.53529739379883,645.62304,600 - 1200,50 - 100mm,36.34912863590294,-3.7321282305521493,5.839530857582616,22.21113577701621,-0.5615783554485887,-31.932895747641993,56.38304234175495,-5.789100095242314,9.058002982604,34.45285914603781,-0.8710936790434107,-49.53279158542943
2016-03-04,2.0,25100,66.65388340409622,39.2583236694336,66.04753112792969,36.66314697265625,53.51852798461914,42.142412451361885,30.261119842529297,710.75168,600 - 1200,50 - 100mm,-0.6063522761665325,-27.39555973466262,-29.99073643143997,-13.13535541947708,-24.511470952734335,-36.39276356156692,-0.9097028488054594,-41.10122071743989,-44.99473233932667,-19.706811889477763,-36.774257854011225,-54.599614760526315
2016-03-06,1.0,22100,32.46252584448093,27.895902633666992,42.1142807006836,26.70059967041016,33.12745666503906,29.89669260700389,17.68108367919922,625.80128,600 - 1200,20 - 50mm,9.651754856202672,-4.566623210813937,-5.761926174070769,0.6649308205581335,-2.5658332374770403,-14.78144216528171,29.731989748553723,-14.067368733694286,-17.749469655178956,2.0483027837810126,-7.903985197483538,-45.533863372479246
2016-03-10,2.0,22700,42.55945505857838,45.02983093261719,52.7479133605957,62.03058624267578,62.55656814575195,48.18891050583656,30.10018539428711,642.7913599999999,600 - 1200,20 - 50mm,10.188458302017324,2.470375874038808,19.471131184097402,19.997113087173574,5.629455447258181,-12.45926966429127,23.939353283527804,5.804528912878723,45.75042410034984,46.98629965926434,13.22727332741892,-29.27497461408391
2016-03-25,0.0,16900,45.61100956073911,30.7228946685791,39.434478759765625,38.82303237915039,42.34684371948242,40.05194552529185,21.058502197265625,478.55392,< 600,20 - 50mm,-6.176530800973488,-14.888114892160011,-6.787977181588722,-3.264165841256691,-5.559064035447264,-24.552507363473488,-13.541754195877525,-32.64149387514402,-14.88232171785045,-7.1565305672742845,-12.187987262251648,-53.83022125563235
2016-08-28,1.0,7010,0.433946462807087,0.7607693672180176,1.356806755065918,0.079860046505928,1.17760968208313,0.7544747081712064,0.0017015247140079,198.500768,< 600,< 20mm,0.9228602922588309,0.3268229044109306,-0.354086416301159,0.7436632192760431,0.32052824536411945,-0.43224493809307907,212.66685440620657,75.31410725111067,-81.59679745069609,171.37211223372552,73.86354604452943,-99.60789524518735
2016-09-03,0.0,8010,32.92962141594285,21.82899475097656,18.03894805908203,28.768951416015625,25.386905670166016,22.98560311284048,0.5220193266868591,226.817568,< 600,20 - 50mm,-14.890673356860816,-11.100626664966288,-4.160669999927222,-7.542715745776832,-9.944018303102368,-32.40760208925599,-45.2196919265264,-33.710155743217655,-12.635037455708002,-22.905564720902113,-30.197791154343427,-98.41474239836197
2016-09-18,2.0,13300,42.308116688383485,52.34086608886719,20.60801124572754,40.345951080322266,47.83743667602539,52.35038910505837,3.1177573204040527,376.61343999999997,< 600,20 - 50mm,-21.700105442655946,10.032749400483702,-1.9621656080612198,5.529319987641905,10.042272416674884,-39.19035936797943,-51.29064383197688,23.713533444135525,-4.637799461775547,13.069170694520862,23.73604216571565,-92.63082934329692
2016-09-25,1.0,8460,7.729569781164952,7.195044994354248,6.608863353729248,5.886935710906982,6.193996906280518,7.502140077821017,0.4174973666667938,239.560128,< 600,< 20mm,-1.120706427435704,-0.5345247868107039,-1.8426340702579695,-1.5355728748844344,-0.22742970334393497,-7.312072414498158,-14.498949607345393,-6.9153239047431665,-23.838766224066088,-19.866214011370275,-2.9423332705802703,-94.5986985241516
2016-10-07,1.0,8230,20.74249521993905,30.02130699157715,28.72764778137207,25.496505737304688,34.79553985595703,31.7464980544747,1.880864500999451,233.04726399999998,< 600,20 - 50mm,7.9851525614330185,9.278811771638097,4.754010517365636,14.05304463601798,11.004002834535648,-18.8616307189396,38.49658624367026,44.73334414809792,22.919183381543064,67.75001988434481,53.050526071510795,-90.9323132002391
2016-10-09,2.0,31000,103.36998663896811,79.44348907470703,85.6872329711914,80.12075805664062,96.0042953491211,97.78871595330736,8.646183967590332,877.8208,600 - 1200,> 100mm,-17.68275366777671,-23.926497564261084,-23.24922858232749,-7.365691289847021,-5.581270685660755,-94.72380267137778,-17.106274502613427,-23.146464793332324,-22.491275599684624,-7.125560841535723,-5.399314508140551,-91.63569209137256
2016-10-12,2.0,13200,4.604780112589303,13.803783416748049,0.0360383614897728,0.3440210223197937,0.0436761789023876,10.009727626459153,0.0151460021734237,373.78176,< 600,< 20mm,-4.56874175109953,9.199003304158746,-4.260759090269509,-4.5611039336869155,5.40494751386985,-4.589634110415879,-99.21737063206893,199.7707399536625,-92.52904560243273,-99.0515034847597,117.37688622944053,-99.67108088110407
2016-10-15,3.0,40700,115.23362334052646,115.96900939941406,105.13868713378906,125.9923095703125,104.19477081298828,137.18501945525293,16.113203048706055,1152.49376,600 - 1200,> 100mm,-10.094936206737401,0.7353860588875989,10.758686229786036,-11.038852527538182,21.951396114726464,-99.12042029182041,-8.760408563137768,0.6381696917699639,9.336412340340182,-9.579541289713081,19.049471394176308,-86.01692580550905
2016-10-16,1.0,33700,131.03875532569666,91.34156036376952,110.70329284667967,112.99977111816406,95.3525390625,104.9503891050584,17.856046676635742,954.27616,600 - 1200,> 100mm,-20.335462479016982,-39.69719496192714,-18.038984207532593,-35.686216263196656,-26.08836622063825,-113.18270864906091,-15.518662725751032,-30.29423994699874,-13.76614434614914,-27.233329692806237,-19.908893484065572,-86.37346132275557
2016-10-20,1.0,33000,50.49859078556129,64.29608154296875,71.56019592285156,68.3743896484375,59.75724792480469,74.32490272373539,4.884365558624268,934.4544,600 - 1200,50 - 100mm,21.06160513729027,13.79749075740746,17.87579886287621,9.258657139243397,23.8263119381741,-45.61422522693702,41.70731263913263,27.322526317610592,35.398609317207544,18.33448616132603,47.18213234771413,-90.3277190855377
2016-10-27,2.0,36700,58.32855064030132,55.44141006469727,20.62649154663086,47.19208526611328,51.58658599853516,61.64241245136187,6.005641937255859,1039.22656,600 - 1200,50 - 100mm,-37.702059093670464,-2.8871405756040502,-11.136465374188042,-6.74196464176616,3.313861811060548,-52.322908703045464,-64.63740086080715,-4.949789672313956,-19.092648886244486,-11.558601350035758,5.681371771941269,-89.70376964397545
2016-11-03,3.0,34000,71.08322562724638,42.89449691772461,55.96492385864258,53.6812744140625,48.85799407958984,55.12801556420233,5.121809482574463,962.7712,600 - 1200,50 - 100mm,-15.1183017686038,-28.18872870952177,-17.401951213183878,-22.22523154765654,-15.95521006304405,-65.96141614467192,-21.268452064742707,-39.65595041696724,-24.481093900321916,-31.26649269435735,-22.445816044859363,-92.79462990406098
2016-11-08,4.0,25700,46.1788891788862,11.04563808441162,17.444747924804688,16.593761444091797,4.924252510070801,9.963813229571988,0.7907424569129944,727.74176,600 - 1200,20 - 50mm,-28.734141254081514,-35.13325109447458,-29.585127734794405,-41.2546366688154,-36.21507594931421,-45.38814672197321,-62.22354362568614,-76.08076270171115,-64.06634776377696,-89.3365721921214,-78.42344541685593,-98.28765379381508
2016-11-12,3.0,20700,15.198172064986434,30.97139358520508,30.4815673828125,14.357118606567385,21.844785690307617,35.83268482490274,3.9758241176605225,586.1577599999999,< 600,< 20mm,15.283395317826066,15.773221520218648,-0.841053458419049,6.646613625321184,20.63451275991631,-11.222347947325911,100.56074672977266,103.7836751207536,-5.533911939032912,43.73298049858022,135.76970093300972,-73.84011642544809
2016-11-14,1.0,31700,62.82186044117233,68.19126892089844,80.90229797363281,51.5669059753418,66.56285095214844,82.61245136186773,5.1642746925354,897.64256,600 - 1200,50 - 100mm,18.08043753246048,5.369408479726104,-11.254954465830536,3.740990510976104,19.790590920695394,-57.65758574863693,28.780487246778325,8.547038311216726,-17.915665640577302,5.95491837507621,31.502713835142952,-91.77949418201116
2016-11-20,1.0,19700,11.8806940774635,22.05928421020508,20.534442901611328,15.770864486694336,22.43099975585937,23.32198443579768,0.9264239072799684,557.84096,< 600,< 20mm,8.653748824147828,10.178590132741581,3.8901704092308353,10.55030567839587,11.44129035833418,-10.954270170183532,72.83874803714652,85.67336273769862,32.74362915050648,88.80209867880325,96.30153157497064,-92.20227453682776
2016-11-26,1.0,24200,57.38571697576096,69.86827087402344,66.31572723388672,85.91761016845703,65.37039947509766,71.09863813229573,0.1732138693332672,685.26656,600 - 1200,50 - 100mm,8.930010258125762,12.48255389826248,28.531893192696074,7.984682499336699,13.712921156534776,-57.21250310642769,15.561381348424542,21.75202220359983,49.719502859479135,13.914058968208648,23.896052675140314,-99.69815856895814
2016-12-12,0.0,15000,51.8614512301312,34.58101272583008,57.86293029785156,48.10649108886719,47.4751091003418,37.54961089494162,4.1276702880859375,424.752,< 600,50 - 100mm,6.001479067720361,-17.280438504301124,-3.7549601412640143,-4.386342129789405,-14.31184033518958,-47.733780942045264,11.5721386991067,-33.32039133964938,-7.240368428183136,-8.45780830606793,-27.596297434257842,-92.04096647860909
2016-12-20,1.0,11400,34.649021004007665,55.42816925048828,61.38693237304688,57.76925659179688,69.06657409667969,58.25933852140079,4.400035858154297,322.81152,< 600,20 - 50mm,26.737911369039217,20.779148246480617,23.120235587789217,34.41755309267202,23.610317517393128,-30.248985145853368,77.167869666351,59.97037620219401,66.72695192488996,99.33196406527945,68.14136975085746,-87.30112502270882
2016-12-30,0.0,12300,54.45845504896448,30.23738479614257,41.5682373046875,34.929351806640625,49.35608673095703,38.26128404669256,3.417192220687866,348.29663999999997,< 600,50 - 100mm,-12.890217744276981,-24.22107025282191,-19.529103242323856,-5.10236831800745,-16.197171002271922,-51.041262828276615,-23.669819007328023,-44.47623464720832,-35.86055319557803,-9.369285840775005,-29.74225212174819,-93.72513925043336
2017-01-19,4.0,29000,96.03717215202508,93.55044555664062,125.88431549072266,113.7133560180664,105.12892150878906,119.0620622568094,10.189567565917969,821.1872,600 - 1200,50 - 100mm,29.847143338697578,-2.4867265953844537,17.676183866041328,9.091749356763984,23.02489010478432,-85.84760458610711,31.078740314687835,-2.58933758633377,18.405564709944034,9.466906566523962,23.974977176895983,-89.38997542556952
2017-02-01,0.0,9570,5.949483753436638,1.2285542488098145,3.341773748397827,1.5110821723937988,2.1490516662597656,1.9620622568093384,0.0032047869171947,270.991776,< 600,< 20mm,-2.607710005038811,-4.720929504626824,-4.438401581042839,-3.8004320871768726,-3.9874214966272996,-5.9462789665194435,-43.83086185473661,-79.35023777314869,-74.60145728575286,-63.878350537247954,-67.02130238315249,-99.94613336131319
2017-02-10,2.0,32900,77.32276293814488,89.33748626708984,74.58573913574219,95.28510284423828,104.7497100830078,100.95311284046696,3.528978109359741,931.62272,600 - 1200,50 - 100mm,-2.737023802402689,12.014723328944967,17.962339906093405,27.426947144862922,23.63034990232208,-73.79378482878514,-3.5397387501429547,15.538404051283406,23.230338937141397,35.47072828580038,30.560664162020977,-95.43604240812917
2017-02-16,4.0,47500,76.53956782378935,79.18399810791016,80.57199096679688,77.75404357910156,83.06532287597656,100.93287937743192,3.871861457824707,1345.048,1200 - 1700,50 - 100mm,4.03242314300752,2.6444302841208014,1.2144757553122076,6.525755052187208,24.39331155364256,-72.66770636596465,5.268416399072217,3.454984603791926,1.586729308569123,8.525988894020028,31.870197660119064,-94.94135965499757
2017-03-03,0.0,12200,35.47796554079931,59.91251373291016,55.09765625,62.0030517578125,66.924560546875,65.48249027237355,2.463977813720703,345.46496,< 600,20 - 50mm,19.61969070920069,24.434548192110853,26.52508621701319,31.44659500607569,30.004524731574243,-33.01398772707861,55.301059150751584,68.87246159594852,74.76495851068348,88.6369737574507,84.57228106011134,-93.0549066831717
2017-03-10,1.0,16600,53.60699809395332,40.94768524169922,38.79631805419922,50.599365234375,42.85876083374024,50.2367704280156,1.36384916305542,470.05888,< 600,50 - 100mm,-14.810680039754104,-12.659312852254104,-3.0076328595783224,-10.748237260213081,-3.370227665937719,-52.2431489308979,-27.628258560191032,-23.615037779334315,-5.6105228170155135,-20.050063690146164,-6.286917353646536,-97.45583746236808
2017-03-12,2.0,19500,51.86272851527308,31.634456634521484,61.80692672729492,52.650299072265625,46.24127197265625,35.81284046692609,2.2859911918640137,552.1776,< 600,50 - 100mm,9.944198212021838,-20.2282718807516,0.7875705569925415,-5.6214565426168335,-16.049888048346993,-49.57673732340907,19.174074516911247,-39.00348566272321,1.518567533061068,-10.83910681822567,-30.94686397693182,-95.5922272944224
2017-03-15,1.0,41900,69.90948189330602,70.52690124511719,84.8115234375,67.29946899414062,79.57835388183594,88.34727626459143,2.3497912883758545,1186.47392,600 - 1200,50 - 100mm,14.902041544193978,0.617419351811165,-2.6100128991653975,9.668871988529915,18.437794371285406,-67.55969060493017,21.316195086293263,0.883169686128491,-3.733417597270609,13.830558783551405,26.37381063619478,-96.63880889295955
2017-03-17,1.0,28200,66.51763290325918,46.92378234863281,27.83105659484864,36.84178161621094,37.83359146118164,56.08988326848251,0.9742258191108704,798.53376,600 - 1200,50 - 100mm,-38.686576308410544,-19.59385055462637,-29.675851287048246,-28.684041442077543,-10.427749634776674,-65.54340708414831,-58.15988125235136,-29.45662631008375,-44.613510721597265,-43.122462706684956,-15.676669748519783,-98.53538711979161
2017-03-29,1.0,25000,54.49940342064341,57.540523529052734,65.83560943603516,69.54906463623047,61.99695587158203,75.94182879377432,3.557241916656494,707.92,600 - 1200,50 - 100mm,11.336206015391745,3.0411201084093236,15.049661215587058,7.49755245093862,21.44242537313091,-50.94216150398692,20.800605701855794,5.5800979782053926,27.61435955441397,13.757127565360982,39.344330446393286,-93.47287916309726
2017-04-04,1.0,16800,9.50307076875286,9.70167064666748,2.523634910583496,3.1474533081054688,5.139033317565918,9.644163424124525,0.0612396597862243,475.72224,< 600,< 20mm,-6.979435858169364,0.19859987791462075,-6.355617460647391,-4.364037451186942,0.14109265537166493,-9.441831108966635,-73.44400592194383,2.0898495101987344,-66.87961833921472,-45.922392428522954,1.4847059314300077,-99.35558030370997
2017-04-15,0.0,17300,31.41306122215768,18.89517974853516,27.07865524291992,33.77285385131836,41.57552337646485,22.924513618677057,1.013808250427246,489.88063999999997,< 600,20 - 50mm,-4.334405979237761,-12.51788147362252,2.3597926291606797,10.162462154307171,-8.488547603480622,-30.399252971730434,-13.798101205687086,-39.84928875633694,7.51213838241325,32.35107232127674,-27.022350809583294,-96.77265375934726
2017-05-02,1.0,15700,13.384617597499084,8.154600143432617,14.210617065429688,13.330681800842283,12.189523696899414,8.196692607003891,0.003237469587475,444.57376,< 600,< 20mm,0.825999467930604,-5.230017454066466,-0.05393579665680015,-1.1950939005996695,-5.187924990495192,-13.381380127911608,6.171259372288245,-39.074836587365006,-0.40296852908878067,-8.928860999532574,-38.760352716125084,-99.97581201282821
2017-05-04,2.0,20500,12.64713002828904,23.04178237915039,2.411575555801392,7.850739479064941,13.839836120605469,26.423346303501944,0.9439794421195984,580.4944,< 600,< 20mm,-10.235554472487648,10.394652350861351,-4.796390549224098,1.1927060923164294,13.776216275212905,-11.703150586169441,-80.93183551993859,82.18981166170225,-37.924735007037604,9.430646238700719,108.92760843288818,-92.53601852745952
2017-05-17,0.0,19000,27.95555828723399,23.91545486450196,27.23365592956543,23.55398368835449,20.31461906433105,26.044163424124505,3.140211582183838,538.0192,< 600,20 - 50mm,-0.7219023576685615,-4.040103422732031,-4.4015745988795025,-7.64093922290294,-1.9113948631094857,-24.815346705050153,-2.5823213768484132,-14.451878875826132,-15.744899649847085,-27.332450829258537,-6.837262355738148,-88.7671297782029
2017-06-08,2.0,33100,1.5264856577160846,14.717887878417969,8.295252799987793,6.24747896194458,15.613109588623049,16.557782101167305,0.0009368186583742,937.28608,600 - 1200,< 20mm,6.768767142271709,13.191402220701884,4.720993304228496,14.086623930906963,15.03129644345122,-1.5255488390577103,443.4216009863521,864.1681075758518,309.2720380545211,922.8140375706678,984.6994871829272,-99.9386290559863
2017-06-16,1.0,27600,28.74413958567517,22.88100242614746,42.5755615234375,32.992698669433594,31.809158325195312,28.28326848249026,0.1546871811151504,781.54368,600 - 1200,20 - 50mm,13.831421937762329,-5.86313715952771,4.248559083758423,3.0650187395201414,-0.4608711031849104,-28.58945240456002,48.119102318356774,-20.39767842781296,14.780609699918518,10.663108319469801,-1.6033567531608721,-99.46184793371849
2017-06-18,2.0,22600,29.892386236899387,6.938715934753418,26.15824317932129,16.00823402404785,16.135103225708008,5.714591439688716,0.1689617335796356,639.9596799999999,600 - 1200,20 - 50mm,-3.7341430575780983,-22.95367030214597,-13.884152212851536,-13.75728301119138,-24.177794797210673,-29.72342450331975,-12.49195373023999,-76.7876813856091,-46.44711901826303,-46.02269923238609,-80.8827860231694,-99.43476665850427
2017-07-11,0.0,17400,0.0677093685741303,0.0,0.0009813025826588,0.0098222717642784,0.4576820135116577,0.07568093385214,0.01880176179111,492.71232,< 600,< 20mm,-0.0667280659914715,-0.0677093685741303,-0.05788709680985191,0.3899726449375274,0.007971565278009698,-0.04890760678302031,-98.55071372939412,-100.0,-85.49348196398454,575.9507925562374,11.773208709341578,-72.23166869363838
2017-07-23,2.0,10800,1.471401531679999,0.0738712772727012,0.0861088335514068,0.3015945255756378,0.7750680446624756,0.133657587548638,0.1378331035375595,305.82144,< 600,< 20mm,-1.3852926981285922,-1.3975302544072978,-1.1698070061043613,-0.6963334870175235,-1.3377439441313612,-1.3335684281424396,-94.14783580841522,-94.97952967410892,-79.50290800422867,-47.32450470011896,-90.91630770588964,-90.63252955974662
2017-08-14,0.0,9060,5.018017208948464,5.737331390380859,2.0492820739746094,4.93610143661499,3.5148987770080566,5.068677042801557,0.3909348249435425,256.550208,< 600,< 20mm,-2.968735134973855,0.7193141814323951,-0.08191577233347402,-1.5031184319404076,0.050659833853092806,-4.627082384004922,-59.16151761456313,14.334629625216627,-1.6324330691293034,-29.954429595417615,1.0095587907262016,-92.20937655920348
2017-09-09,1.0,8220,1.2589655833264963,7.694669723510742,1.0771310329437256,1.3940939903259275,3.3521764278411865,7.693774319066143,0.4008581638336181,232.764096,< 600,< 20mm,-0.18183455038277074,6.435704140184246,0.13512840699943118,2.09321084451469,6.434808735739646,-0.8581074194928782,-14.4431708690812,511.1898391359941,10.73328840669248,166.26434211044221,511.11871690227633,-68.15972023838393
2017-09-17,1.0,7200,0.0542217972390104,6.85863733291626,0.0217059031128883,5.44887638092041,6.100505828857422,7.606809338521402,1.307189631916117e-05,203.88096,< 600,< 20mm,-0.032515894126122095,6.80441553567725,5.3946545836814,6.046284031618412,7.552587541282392,-0.054208725342691236,-59.96830754759309,12549.225370902584,9949.236023847921,11151.021064400193,13929.061605963534,-99.97589180553803
2017-09-30,0.0,6840,5.333401523379344,15.209084510803224,10.07707977294922,12.343280792236328,13.59460163116455,19.62120622568093,0.0,193.686912,< 600,< 20mm,4.743678249569877,9.87568298742388,7.009879268856984,8.261200107785207,14.287804702301585,-5.333401523379344,88.9428299889972,185.16668854075817,131.43355582977733,154.89552158358322,267.892912987518,-100.0
2017-10-07,1.0,6630,13.58457360552543,27.27882575988769,6.309249401092529,11.45879364013672,22.03951644897461,32.17626459143968,0.290250152349472,187.740384,< 600,< 20mm,-7.2753242044329,13.694252154362262,-2.125779965388709,8.45494284344918,18.591690985914255,-13.294323453175958,-53.555778898159254,100.8073757191188,-15.648485017770916,62.23929501924294,136.85884832154184,-97.86338415339429
2017-10-17,3.0,8560,8.306131934987498,27.04363250732422,25.72562026977539,24.62578773498535,29.65615463256836,31.015369649805457,1.8332332372665403,242.391808,< 600,< 20mm,17.419488334787893,18.73750057233672,16.319655799997854,21.35002269758086,22.70923771481796,-6.472898697720957,209.7184161187311,225.58635859622817,196.47720416353366,257.03929175082385,273.4032867833581,-77.92915822171683
2017-10-19,4.0,36400,111.33157369050612,115.23063659667967,92.07675170898438,121.27497100830078,122.6022491455078,141.86789883268486,18.452402114868164,1030.73152,600 - 1200,> 100mm,-19.254821981521744,3.8990629061735547,9.943397317794663,11.27067545500168,30.53632514217874,-92.87917157563795,-17.29502363368076,3.502207663939677,8.931336356958901,10.123521191152259,27.428270462669968,-83.42572416503828
2017-10-21,3.0,22500,123.8241415225525,90.63004302978516,86.45855712890625,102.24559020996094,96.19932556152344,106.01050583657587,9.983901023864746,637.128,600 - 1200,> 100mm,-37.365584393646245,-33.19409849276734,-21.578551312591557,-27.624815961029057,-17.81363568597662,-113.84024049868775,-30.176332283992235,-26.807452960795686,-17.42677239451031,-22.309717330846716,-14.386237987955012,-91.93703190581269
2017-10-25,1.0,16400,18.57296557776718,8.082836151123047,6.9428791999816895,3.4274649620056152,6.258657932281494,7.777042801556423,0.4104572832584381,464.39552,< 600,< 20mm,-11.630086377785492,-10.490129426644135,-15.145500615761566,-12.314307645485687,-10.795922776210759,-18.162508294508743,-62.618359621079136,-56.48063785355512,-81.54594672749262,-66.30232309387664,-58.127081165401215,-97.79002829925138
2017-11-02,0.0,11500,6.9040726356751,23.85787010192871,14.528645515441896,25.00201988220215,23.588319778442383,23.41225680933851,4.576799392700195,325.6432,< 600,< 20mm,7.624572879766796,16.95379746625361,18.09794724652705,16.684247142767283,16.50818417366341,-2.327273242974905,110.43587288419718,245.56226970511617,262.13436911150603,241.65804769427734,239.10791564331782,-33.708701599535495
2017-11-08,1.0,8690,4.787470361885631,3.028680324554444,1.9151482582092283,0.4736154079437256,0.9252808094024658,2.935214007782101,0.0972145497798919,246.072992,< 600,< 20mm,-2.872322103676402,-1.7587900373311869,-4.313854953941905,-3.862189552483165,-1.8522563541035297,-4.690255812105739,-59.99665557292529,-36.73735614811109,-90.10718872090973,-80.67286605534144,-38.689667279193046,-97.96939631096531
2017-11-14,2.0,14900,59.97311476175005,67.49454498291016,49.95231628417969,67.98210144042969,89.4833984375,77.83463035019453,1.2794638872146606,421.92032,< 600,50 - 100mm,-10.02079847757036,7.521430221160109,8.00898667867964,29.510283675749953,17.861515588444483,-58.693650874535386,-16.708817805076677,12.541336648996534,13.354295021187815,49.20585464500698,29.782537824492465,-97.86660424042094
2017-11-15,1.0,15900,74.55559856166803,64.78860473632812,66.8257827758789,76.51443481445312,127.92133331298828,74.2112840466926,4.436203479766846,450.23712,< 600,50 - 100mm,-7.729815785789128,-9.76699382533991,1.9588362527850904,53.36573475132025,-0.3443145149754372,-70.11939508190119,-10.367854238867757,-13.100282223958304,2.627349643185891,71.57844049388086,-0.4618224809645118,-94.0498050242364
2017-11-20,2.0,15100,37.42399038824615,43.615989685058594,54.80044174194336,48.22160339355469,55.42208862304688,50.57101167315175,1.4449611902236938,427.58368,< 600,20 - 50mm,17.376451353697206,6.19199929681244,10.797613005308534,17.99809823480073,13.147021284905598,-35.97902919802246,46.431316311888196,16.545534649231787,28.852115697153895,48.092408233552334,35.129929086970684,-96.13894409646515
2017-11-23,4.0,76900,139.13341681040953,142.18865966796875,116.3491668701172,109.5628662109375,108.81706237792967,171.32159533073923,0.0,2177.56192,> 1700,> 100mm,-22.784249940292327,3.0552428575592216,-29.57055059947203,-30.316354432479855,32.1881785203297,-139.13341681040953,-16.375828656130352,2.195908738245432,-21.25337771282251,-21.789412728784278,23.134757456715803,-100.0
2017-11-25,3.0,55900,96.30717205786704,58.89199066162109,55.66636276245117,67.53729248046875,64.51454162597656,62.53929961089494,1.1523969173431396,1582.90912,1200 - 1700,50 - 100mm,-40.64080929541586,-37.41518139624595,-28.769879577398285,-31.792630431890473,-33.76787244697209,-95.1547751405239,-42.19915134772773,-38.849839110388054,-29.873039528262385,-33.01169554930715,-35.06267677207089,-98.80341526729627
2017-12-03,0.0,29000,41.76300950864077,24.71117210388184,20.3968505859375,31.70509910583496,49.19755935668945,29.010311284046697,5.829734802246094,821.1872,600 - 1200,20 - 50mm,-21.36615892270327,-17.05183740475893,-10.05791040280581,7.4345498480486825,-12.752698224594074,-35.93327470639468,-51.160486694050654,-40.83000149026833,-24.08329888372826,17.801757908539788,-30.53586983944617,-86.04091306916011
2017-12-19,1.0,19800,75.51153150582633,95.62147521972656,73.25223541259766,100.53883361816406,115.91423797607422,116.63735408560316,9.816110610961914,560.67264,< 600,50 - 100mm,-2.25929609322867,20.109943713900236,25.027302112337736,40.40270647024789,41.12582257977684,-65.69542089486441,-2.9919881747522856,26.631619453180594,33.14368231348437,53.50534635511994,54.46296977383335,-87.00051447082024
2017-12-30,1.0,23800,84.93495035148715,73.39617919921875,56.24890899658203,87.70263671875,89.14389038085938,94.30525291828792,5.603918552398682,673.93984,600 - 1200,50 - 100mm,-28.686041354905115,-11.538771152268396,2.767686367262854,4.208940029372229,9.370302566800774,-79.33103179908846,-33.7741309510318,-13.585421672135423,3.2585953789450754,4.955486536407369,11.032328303040808,-93.40210534154912
2018-01-05,1.0,15100,4.779804975481527,20.10713005065918,12.722088813781738,13.74712371826172,11.49183750152588,24.22392996108952,0.9193975329399108,427.58368,< 600,< 20mm,7.942283838300211,15.327325075177653,8.967318742780193,6.712032526044354,19.444124985607992,-3.860407442541616,166.16334513732102,320.6684196070897,187.60846496413396,140.42481985090134,406.7974548197785,-80.76495719687206
2018-01-08,1.0,18600,37.48145505316541,30.72627639770508,35.049842834472656,28.834060668945312,39.86169052124024,32.8365758754864,2.4197371006011963,526.69248,< 600,20 - 50mm,-2.431612218692756,-6.75517865546033,-8.6473943842201,2.3802354680748294,-4.644879177679009,-35.061717952564216,-6.487507529373247,-18.022722559405647,-23.071127766929646,6.3504350743550235,-12.392472947196152,-93.54417512028567
2018-01-15,1.0,24200,27.18643592545285,8.1343355178833,4.403598785400391,11.749958992004396,23.67051315307617,6.284435797665368,2.6354422569274902,685.26656,600 - 1200,20 - 50mm,-22.78283714005246,-19.05210040756955,-15.436476933448455,-3.5159227723766833,-20.902000127787485,-24.55099366852536,-83.80222108747401,-70.07943394938479,-56.78006847155831,-12.932635899820022,-76.88392912223676,-90.30603987902622
2018-01-18,3.0,28300,38.18677624494654,49.98641204833984,67.90507507324219,38.937625885009766,29.68649673461914,56.85661478599224,2.4241151809692383,801.36544,600 - 1200,20 - 50mm,29.718298828295644,11.799635803393294,0.7508496400632225,-8.500279510327402,18.6698385410457,-35.762661063977305,77.82353408852737,30.89979559338896,1.9662556358435372,-22.259746294903042,48.890847505139625,-93.65195122672856
2018-01-20,1.0,23800,58.84998086969552,35.97846221923828,56.78562927246094,46.45001983642578,49.42570495605469,42.67081712062256,2.008094549179077,673.93984,600 - 1200,50 - 100mm,-2.064351597234584,-22.87151865045724,-12.39996103326974,-9.424275913640834,-16.179163749072963,-56.841886320516444,-3.5078203369435768,-38.86410549750035,-21.07045890248544,-16.014067930638554,-27.49221581719211,-96.58777365854144
2018-01-29,2.0,28100,47.80873423096783,71.49348449707031,85.50434875488281,81.48490905761719,102.11227416992188,92.11498054474708,11.227912902832031,795.70208,600 - 1200,20 - 50mm,37.69561452391498,23.684750266102483,33.67617482664936,54.303539938954046,44.306246313779255,-36.5808213281358,78.84671102523745,49.54063446164368,70.43937759146071,113.5849773319856,92.67395806743643,-76.5149337596158
2018-02-04,1.0,44500,75.66002868261211,89.45686340332031,105.96625518798828,73.88986206054688,124.14767456054688,103.57003891050584,1.834549069404602,1260.0976,1200 - 1700,50 - 100mm,30.306226505376173,13.796834720708205,-1.7701666220652328,48.48764587793477,27.910010227893736,-73.8254796132075,40.05579568639661,18.235301996229538,-2.3396325019792727,64.08621133536262,36.888712195674735,-97.57527309816338
2018-02-06,2.0,46700,77.64016450038375,47.92416763305664,93.50833892822266,67.40914916992188,90.16668701171876,53.66692607003894,2.463613271713257,1322.39456,1200 - 1700,50 - 100mm,15.868174427838909,-29.715996867327107,-10.231015330461872,12.526522511335017,-23.973238430344807,-75.17655122867049,20.438099957606966,-38.2740003947058,-13.177477657728693,16.134075181246047,-30.87736686882769,-96.82688298309688
2018-02-18,0.0,20300,63.79255633577562,52.0831184387207,52.73121643066406,57.20887756347656,62.4130973815918,63.54182879377427,0.9056601524353028,574.83104,< 600,50 - 100mm,-11.06133990511156,-11.709437897054919,-6.583678772299059,-1.379458954183825,-0.25072754200134995,-62.88689618334032,-17.339546399253216,-18.355492505146916,-10.32044983061269,-2.162413663003199,-0.39303573395245645,-98.58030434198575
2018-03-27,1.0,12400,23.94108601056536,32.423126220703125,50.43597412109375,40.24964904785156,48.66712188720703,43.09241245136185,0.9678699374198914,351.12832,< 600,20 - 50mm,26.49488811052839,8.482040210137765,16.308563037286202,24.72603587664167,19.151326440796492,-22.97321607314547,110.66702696292063,35.42880304759184,68.11956245464022,103.27867276250504,79.99355765375424,-95.95728474058043
2018-04-06,1.0,14000,25.881172096280626,31.17047119140625,24.7037353515625,30.99648666381836,32.02963638305664,31.118093385214,1.2501258850097656,396.4352,< 600,20 - 50mm,-1.1774367447181255,5.2892990951256245,5.115314567537734,6.148464286776015,5.236921288933374,-24.63104621127086,-4.549394982336733,20.436860724270474,19.764617106629625,23.756514055480544,20.234482694413867,-95.16974779828683
2018-04-08,2.0,22800,41.81111474508993,39.28544616699219,55.12553024291992,59.731475830078125,57.655059814453125,46.63482490272376,1.779826045036316,645.62304,600 - 1200,20 - 50mm,13.314415497829991,-2.5256685780977435,17.920361084988194,15.843945069363194,4.823710157633826,-40.031288700053615,31.844201186703742,-6.040663095198495,42.86028055995006,37.89409865285599,11.53690875510631,-95.743174857003
2018-04-10,1.0,19300,40.527753341122335,18.30855178833008,38.07975006103516,44.87718963623047,39.4932975769043,22.14571984435797,1.3393888473510742,546.51424,< 600,20 - 50mm,-2.448003280087171,-22.219201552792253,4.349436295108134,-1.0344557642180376,-18.382033496764365,-39.18836449377126,-6.0403133119231,-54.82465649100532,10.731994587755466,-2.5524626433422486,-45.356655578814554,-96.6951317629738
2018-04-16,0.0,22800,71.00339573564767,56.04071044921875,56.44977569580078,71.14195251464844,71.5481185913086,69.41828793774319,2.589552640914917,645.62304,600 - 1200,50 - 100mm,-14.55362003984689,-14.962685286428922,0.13855677900076557,0.5447228556609218,-1.5851077979044845,-68.41384309473275,-20.49707607510969,-21.073196755457175,0.19514105989610062,0.767178597610988,-2.2324394227650606,-96.35291718926223
2018-06-07,1.0,17500,0.5279369012196237,0.0456305183470249,0.001962321344763,0.0619305707514286,0.1321429908275604,0.1712062256809339,0.0010217865929007,495.544,< 600,< 20mm,-0.5259745798748606,-0.48230638287259875,-0.46600633046819506,-0.39579391039206324,-0.35673067553868976,-0.5269151146267229,-99.62830381050657,-91.35682346856022,-88.26932335884109,-74.96992717836399,-67.57070299776005,-99.806456682505
2018-06-14,0.0,15800,10.500686423076864,10.469964027404783,6.571603775024414,5.959883213043213,10.361425399780272,9.40408560311284,0.2491262853145599,447.40544,< 600,< 20mm,-3.92908264805245,-0.030722395672080793,-4.540803210033651,-0.1392610232965925,-1.0966008199640243,-10.251560137762304,-37.41738863297251,-0.29257511779957196,-43.24291791110476,-1.3262087608915274,-10.443134627409464,-97.627523808662
2018-07-01,1.0,14100,9.16083558323307,13.035411834716797,3.416989803314209,4.631408214569092,8.918853759765625,9.251167315175094,0.14390429854393,399.26688,< 600,< 20mm,-5.7438457799188605,3.8745762514837274,-4.529427368663978,-0.24198182346744446,0.09033173194202426,-9.01693128468914,-62.70002040459857,42.29500918644695,-49.44338676871481,-2.641482005313357,0.9860643291901995,-98.42913566959639
2018-07-07,1.0,17600,9.023151053299362,7.669412136077881,0.7657806873321533,2.265626907348633,4.038599014282227,9.00389105058366,0.3443312644958496,498.37568,< 600,< 20mm,-8.257370365967208,-1.3537389172214809,-6.757524145950729,-4.984552039017135,-0.019260002715702385,-8.678819788803512,-91.51315673639154,-15.002950845275711,-74.89095667394159,-55.241810866000165,-0.21345096188609042,-96.183913330699
2018-08-13,0.0,9450,7.0262810719832975,7.553050518035889,9.247190475463867,4.71137809753418,6.201251983642578,6.716147859922174,1.0302947759628296,267.59376,< 600,< 20mm,2.2209094034805696,0.5267694460525911,-2.314902974449118,-0.8250290883407194,-0.31013321206112376,-5.995986296020468,31.6086046192524,7.4971302835156965,-32.94634744515983,-11.742045043294,-4.413902730105031,-85.33655620366451
2018-08-27,1.0,7000,8.966156796209896,7.702302932739258,1.6172791719436646,9.495478630065918,6.749176025390625,8.919649805447474,0.1576361656188964,198.2176,< 600,< 20mm,-7.3488776242662315,-1.2638538634706382,0.5293218338560219,-2.216980770819271,-0.04650699076242226,-8.808520630591,-81.96240363956932,-14.095826028883241,5.903553170961418,-24.726098608451906,-0.5186948189672673,-98.24187587612197
2018-09-02,0.0,6310,0.0710210330195789,6.588482847291743e-06,0.092520847916603,0.0483398362994194,0.3382846713066101,0.0544747081712062,0.0493507757782936,178.679008,< 600,< 20mm,0.0214998148970241,-0.07101444453673161,-0.022681196720159502,0.2672636382870312,-0.016546324848372707,-0.021670257241285303,30.27246152713251,-99.99072319485205,-31.935886815257682,376.31617976234253,-23.29778115704295,-30.51245007279928
2018-09-10,1.0,8380,23.58733268831429,28.467872619628903,19.164213180541992,19.11880874633789,21.38471221923828,35.74805447470818,2.3092401027679443,237.294784,< 600,20 - 50mm,-4.423119507772299,4.880539931314612,-4.4685239419764,-2.2026204690760096,12.160721786393886,-21.278092585546347,-18.75209700994981,20.691360043997445,-18.94459200208852,-9.338149837379614,51.55615493742787,-90.20982943140496
2018-09-22,2.0,9710,19.102210297797946,41.04769134521485,26.68163299560547,35.66794967651367,37.3015251159668,46.96945525291828,1.071174383163452,274.956128,< 600,< 20mm,7.579422697807523,21.945481047416905,16.565739378715726,18.19931481816885,27.867244955120334,-18.031035914634494,39.678249687583325,114.8845118198009,86.72158415419278,95.27334551576381,145.88492389455476,-94.39240608042654
2018-10-01,1.0,8500,17.531831715013794,40.227577209472656,23.142066955566406,22.374446868896484,20.65227699279785,43.690856031128405,1.4136412143707275,240.6928,< 600,< 20mm,5.610235240552612,22.695745494458862,4.84261515388269,3.1204452777840572,26.15902431611461,-16.118190500643067,32.0002800149408,129.45450232118546,27.62184369894221,17.798740761992317,149.2087349533062,-91.93671695376746
2018-10-08,2.0,10200,3.300116633240002,12.537931442260742,5.638890743255615,6.617676258087158,6.427836418151856,10.952334630350194,0.2790870666503906,288.83136,< 600,< 20mm,2.3387741100156134,9.23781480902074,3.3175596248471564,3.1277197849118545,7.652217997110192,-3.021029566589611,70.8694379604227,279.9238886278756,100.5285568222487,94.77603771358557,231.8771985218403,-91.54311505722792
2018-10-16,0.0,9740,0.3399445495005504,0.0,0.0,2.07791579498462e-08,0.0,0.3678988326848249,0.0001699346466921,275.805632,< 600,< 20mm,-0.3399445495005504,-0.3399445495005504,-0.33994452872139247,-0.3399445495005504,0.027954283184274453,-0.3397746148538583,-100.0,-100.0,-99.99999388748607,-100.0,8.223189112855357,-99.95001106888115
2018-10-26,2.0,8860,29.144076499461825,41.59390258789063,55.703590393066406,53.66583633422852,58.57139587402344,51.76070038910507,5.63411283493042,250.886848,< 600,20 - 50mm,26.55951389360458,12.449826088428807,24.521759834766698,29.427319374561613,22.616623889643243,-23.509963664531405,91.1317738755422,42.71820412171477,84.13977308637492,100.97187116258432,77.60281541280226,-80.6680687410546
2018-10-28,1.0,13400,79.48152970401551,74.10076904296875,75.25,89.44685363769531,93.53866577148438,86.21770428015571,12.39199447631836,379.44512,< 600,50 - 100mm,-4.231529704015514,-5.380760661046764,9.965323933679798,14.05713606746886,6.7361745761402005,-67.08953522769716,-5.323915782413196,-6.769825242524139,12.537911601336905,17.686041171850615,8.47514460431916,-84.40896328685997
2018-11-02,4.0,44400,92.74914925207828,88.26063537597656,96.58265686035156,72.36503601074219,83.89590454101562,118.11536964980546,10.124656677246094,1257.26592,1200 - 1700,50 - 100mm,3.8335076082732797,-4.48851387610172,-20.384113241336095,-8.853244711062658,25.366220397727176,-82.62449257483219,4.1331997535140514,-4.839412449921899,-21.97768217359615,-9.545364871219322,27.349275548377904,-89.08382798236909
2018-11-04,3.0,38500,123.46013581445068,78.60449981689453,102.2472686767578,86.40660095214844,94.16655731201172,104.24085603112844,14.553199768066406,1090.1968,600 - 1200,> 100mm,-21.212867137692882,-44.85563599755615,-37.05353486230224,-29.29357850243896,-19.219279783322236,-108.90693604638427,-17.181956748835823,-36.33208055511139,-30.01254989544992,-23.727155578756644,-15.567194752002427,-88.21222763764123
2018-11-14,1.0,13900,4.314246650332679,15.77005386352539,13.219264030456545,12.08113956451416,21.61795234680176,18.344747081712068,6.236151695251465,393.60352,< 600,< 20mm,8.905017380123866,11.455807213192712,7.766892914181481,17.30370569646908,14.030500431379389,1.9219050449187858,206.40955656620105,265.5343595691112,180.02894928556213,401.08290273887707,325.2132195616927,44.54787128989448
2018-11-21,1.0,10700,0.3417839391969935,9.958892822265623,2.74009656906128,7.107334136962891,4.319175720214844,12.389105058365754,0.583411693572998,302.98976,< 600,< 20mm,2.3983126298642867,9.61710888306863,6.765550197765897,3.9773917810178503,12.04732111916876,0.24162775437600453,701.7043093069317,2813.7977769416575,1979.4816028106127,1163.7152378671037,3524.835352847011,70.69605287588949
2018-11-27,3.0,47300,87.74233269373875,102.28829956054688,96.84523010253906,95.69947052001952,111.8975067138672,132.03929961089483,0.6493238210678101,1339.38464,1200 - 1700,50 - 100mm,9.102897408800317,14.54596686680813,7.957137826280771,24.155174020128456,44.296966917156084,-87.09300887267094,10.374578757295673,16.578048953382936,9.068755732828366,27.52966929251946,50.485285217767064,-99.25996517173272
2018-12-03,0.0,16000,5.263214152603033,0.5515093207359314,3.338290214538574,1.6918708086013794,1.0261555910110474,0.6285992217898833,0.0029193889349699,453.0688,< 600,< 20mm,-1.9249239380644587,-4.7117048318671015,-3.5713433440016535,-4.237058561591986,-4.63461493081315,-5.260294763668063,-36.57316389287423,-89.5214349113427,-67.85479823646111,-80.50325217142189,-88.05674244740743,-99.94453220313055
2018-12-09,1.0,13100,1.2515583171441984,18.709402084350582,15.003973960876465,5.018882751464844,10.604698181152344,23.85778210116731,0.3481907546520233,370.95008,< 600,< 20mm,13.752415643732267,17.457843767206384,3.7673244343206456,9.353139864008146,22.60622378402311,-0.9033675624921751,1098.823399225414,1394.888558372704,301.01069863982957,747.3195404390032,1806.246139261486,-72.17942225444806
2018-12-11,1.0,15300,37.889615696784105,70.99415588378906,54.03373718261719,67.94380187988281,69.32149505615234,91.1338521400778,7.1656341552734375,433.24703999999997,< 600,20 - 50mm,16.144121485833082,33.10454018700496,30.054186183098707,31.43187935936824,53.2442364432937,-30.723981541510668,42.6083009525043,87.37101070627834,79.32037744486695,82.95644804345702,140.52461463158315,-81.08813187070244
2018-12-14,3.0,22600,93.40422753961204,45.547508239746094,92.878662109375,66.38034057617188,84.04754638671875,52.8441634241245,7.551305294036865,639.9596799999999,600 - 1200,50 - 100mm,-0.5255654302370374,-47.856719299865944,-27.023886963440162,-9.356681152893287,-40.560064115487535,-85.85292224557517,-0.5626784183982989,-51.2361384066586,-28.932188269507964,-10.017406491505097,-43.42422734376377,-91.91545662016806
2018-12-17,2.0,21800,46.2068815129323,58.66314315795898,50.31415939331055,58.715065002441406,52.953800201416016,68.04883268482487,2.647698163986206,617.30624,600 - 1200,20 - 50mm,4.107277880378248,12.456261645026679,12.508183489509108,6.746918688483717,21.841951171892575,-43.55918334894609,8.88888785803195,26.95758994586216,27.069958153329043,14.601545197538169,47.269909711997094,-94.269905093584
2018-12-18,1.0,26000,63.98248760952092,86.33822631835938,99.5078353881836,104.2310028076172,94.24200439453124,100.46361867704276,4.233494758605957,736.2368,600 - 1200,50 - 100mm,35.52534777866267,22.35573870883845,40.24851519809628,30.259516785010312,36.48113106752184,-59.748992850914966,55.523548873983316,34.94040251337743,62.905517903163066,47.29343593153377,57.01736901847695,-93.38335391952471
2018-12-21,2.0,30200,79.73106890027883,41.29528427124024,72.8404312133789,46.23640441894531,73.4503402709961,45.31361867704283,4.177379131317139,855.16736,600 - 1200,50 - 100mm,-6.890637686899922,-38.43578462903859,-33.494664481333515,-6.280728629282734,-34.417450223235996,-75.55368976896169,-8.642349565786173,-48.20678458119125,-42.0095515378402,-7.877391731870749,-43.16692438462422,-94.76066332869327
2018-12-30,2.0,22000,66.22701722007476,56.96173858642578,81.55252075195312,54.13310623168945,77.6795654296875,71.79844357976651,4.1936516761779785,622.9696,600 - 1200,50 - 100mm,15.325503531878368,-9.265278633648975,-12.093910988385304,11.452548209612743,5.571426359691756,-62.03336554389678,23.140863314062855,-13.99017957106557,-18.26129500623107,17.292864287629797,8.41261858612431,-93.66776301846372
2019-01-04,2.0,35800,73.46252396726496,64.32711791992188,106.49647521972656,97.41861724853516,108.34230041503906,93.75428015564204,8.626970291137695,1013.74144,600 - 1200,50 - 100mm,33.033951252461605,-9.135406047343082,23.9560932812702,34.879776447774105,20.29175618837708,-64.83555367612726,44.967079088082514,-12.435464443630927,32.60995128883005,47.479687007917946,27.621915355670495,-88.25663777223079
2019-01-10,2.0,23400,36.77865579185796,37.78556442260742,43.78997039794922,50.72150802612305,42.907936096191406,42.50525291828796,3.00110387802124,662.61312,600 - 1200,20 - 50mm,7.011314606091261,1.0069086307494644,13.94285223426509,6.129280304333449,5.726597126430001,-33.77755191383672,19.063542305000237,2.7377526695045047,37.91017353426971,16.665318980174217,15.570436175913075,-91.84009362657125
2019-01-19,1.0,16700,30.670430247517867,38.10509490966797,56.38988494873047,47.36725616455078,50.82297134399414,44.915953307392975,7.064833641052246,472.89056,< 600,20 - 50mm,25.7194547012126,7.434664662150102,16.696825917032914,20.152541096476273,14.245523059875108,-23.60559660646562,83.85749561923429,24.240496798220764,54.43949035695114,65.70674403273884,46.447092345657545,-76.96532593759751
2019-01-23,1.0,19000,45.12336706118632,44.11432647705078,72.38719177246094,52.33868408203125,45.894142150878906,59.41536964980547,2.116408109664917,538.0192,< 600,20 - 50mm,27.263824711274616,-1.0090405841355405,7.215317020844928,0.7707750896925845,14.292002588619148,-43.006958951521405,60.420634555718,-2.236181938212419,15.99020084441197,1.7081506542883422,31.673174054674373,-95.30972919907525
2019-02-02,1.0,17600,37.61056026395871,36.6014518737793,28.38040542602539,44.210391998291016,32.5240592956543,42.95077821011675,3.3519153594970703,498.37568,< 600,20 - 50mm,-9.23015483793332,-1.0091083901794136,6.599831734332305,-5.086500968304414,5.340217946158042,-34.25864490446164,-24.541391495245428,-2.6830453550738986,17.547815528440196,-13.524129746024242,14.19871947846372,-91.08783454441351
2019-02-13,0.0,12300,47.49544359626779,38.01789855957031,32.549354553222656,44.42306900024414,38.48898315429688,43.925486381322976,6.469213962554932,348.29663999999997,< 600,20 - 50mm,-14.946089043045134,-9.477545036697478,-3.07237459602365,-9.006460441970908,-3.5699572149448144,-41.02622963371286,-31.468469207474893,-19.954640527754176,-6.468777557148826,-18.96278834350889,-7.516420407167948,-86.37929562771095
2019-04-19,2.0,23700,47.99367497203227,53.19953155517578,57.36110305786133,48.31011581420898,55.92694091796875,63.80544747081709,3.557089567184448,671.10816,600 - 1200,20 - 50mm,9.367428085829062,5.205856583143515,0.31644084217671065,7.933265945936483,15.811772498784826,-44.43658540484782,19.518047099514295,10.846963868003783,0.659338636520568,16.52981554456811,32.94553398546568,-92.58842010065432
2019-04-22,1.0,19300,17.14372081544213,5.77276611328125,4.754646301269531,2.425504684448242,6.976118087768555,6.989688715953309,0.5710198879241943,546.51424,< 600,< 20mm,-12.389074514172599,-11.37095470216088,-14.718216130993888,-10.167602727673575,-10.15403209948882,-16.572700927517936,-72.26596050848654,-66.32722747047154,-85.85193546628757,-59.30802791955847,-59.2288699098659,-96.66921846154978
2019-06-28,0.0,13300,28.390804975517952,32.77939224243164,14.55375862121582,15.29556941986084,21.622556686401367,28.24494163424125,1.2053841352462769,376.61343999999997,< 600,20 - 50mm,-13.837046354302132,4.388587266913689,-13.095235555657112,-6.768248289116585,-0.14586334127670142,-27.185420840271675,-48.737773959682144,15.457776807308102,-46.124918144974885,-23.839578676803992,-0.5137696567690939,-95.7543150457139
2019-07-10,1.0,9930,4.744892920940593,15.20282745361328,15.85030746459961,6.90778112411499,12.573293685913086,11.865175097276264,1.7711760997772217,281.18582399999997,< 600,< 20mm,11.105414543659016,10.457934532672686,2.162888203174397,7.828400764972493,7.120282176335671,-2.9737168211633715,234.0498453536768,220.40401557891386,45.583498705080196,164.9858257163925,150.06202025996822,-62.67194793879318
2019-07-18,1.0,11300,26.42357172113892,28.81155776977539,9.623416900634766,16.013303756713867,15.702784538269045,28.9706225680934,3.783731460571289,319.97983999999997,< 600,20 - 50mm,-16.800154820504154,2.3879860486364706,-10.410267964425053,-10.720787182869875,2.5470508469544804,-22.63984026056763,-63.58018135399913,9.037332552306228,-39.39765628314667,-40.57281618099047,9.639313238326649,-85.68046931541699
2019-07-26,0.0,10500,0.1980439757536046,0.3163247108459472,0.5970134139060974,0.3669363558292389,0.5952410697937012,0.207976653696498,0.1384509205818176,297.3264,< 600,< 20mm,0.3989694381524928,0.1182807350923426,0.16889238007563429,0.39719709404009657,0.009932677942893403,-0.05959305517178701,201.45497313630415,59.72448020307417,85.2802411348078,200.56004860974275,5.015390094597522,-30.09081944806511
2019-08-02,3.0,9240,2.311673040670943,9.19455909729004,1.7934919595718384,4.282618522644043,4.017197132110596,9.128210116731516,0.7721133232116699,261.647232,< 600,< 20mm,-0.5181810810991045,6.882886056619098,1.9709454819731,1.7055240914396528,6.816537076060573,-1.539559717459273,-22.41584653116459,297.7447907002194,85.26056441792696,73.7787767315329,294.87461921008224,-66.59937155353204
2019-08-12,0.0,7260,8.930954114678645,7.410650253295898,15.375344276428224,2.0283751487731934,3.6378674507141113,8.378210116731516,1.0700892210006714,205.579968,< 600,< 20mm,6.444390161749579,-1.5203038613827466,-6.902578965905452,-5.293086663964534,-0.5527439979471289,-7.860864893677974,72.15791368984614,-17.022860512562946,-77.28825920805687,-59.26675466023252,-6.189081153587562,-88.01819819853395
2019-08-21,1.0,6610,0.2722982802414059,8.736556053161621,2.20088005065918,0.4378638565540313,7.883648872375488,9.80642023346303,0.0,187.174048,< 600,< 20mm,1.9285817704177743,8.464257772920215,0.16556557631262542,7.611350592134082,9.534121953221623,-0.2722982802414059,708.2607237577818,3108.4506906970664,60.803019455665805,2795.225362931504,3501.3522467968405,-100.0
2019-09-01,0.0,6480,2.0397724654727187,0.552097737789154,0.9801411032676696,0.7056039571762085,7.17149543762207,0.5105058365758757,0.0783922001719474,183.492864,< 600,< 20mm,-1.059631362205049,-1.4876747276835647,-1.3341685082965102,5.131722972149351,-1.529266628896843,-1.9613802653007713,-51.94850799005558,-72.9333664840306,-65.4077124228322,251.58310836204322,-74.97241259909029,-96.15681643423987
2019-09-12,1.0,7070,7.664447424856965,16.680675506591797,8.52839469909668,11.635054588317873,8.169936180114746,17.830933852140063,0.2877668738365173,200.19977599999999,< 600,< 20mm,0.863947274239715,9.016228081734832,3.970607163460908,0.5054887552577814,10.166486427283099,-7.376680551020447,11.272140395115803,117.63702693678657,51.8055241736492,6.595240690390865,132.64474088910364,-96.24543221598408
2019-09-15,3.0,11000,39.32765200944977,41.06964874267578,21.062578201293945,47.138309478759766,44.019073486328125,50.19610894941634,1.153202772140503,311.4848,< 600,20 - 50mm,-18.265073808155826,1.74199673322601,7.810657469309994,4.691421476878354,10.86845693996657,-38.17444923730927,-46.4433366216906,4.429445044945571,19.8604723908593,11.929065777308761,27.6356618934562,-97.06770500343268
2019-09-17,1.0,10900,41.095412953516345,40.188777923583984,30.42664337158203,45.2978515625,52.24544525146485,42.9850194552529,1.7875001430511477,308.65312,< 600,20 - 50mm,-10.668769581934313,-0.9066350299323602,4.202438608983655,11.150032297948506,1.8896065017365586,-39.3079128104652,-25.960974267376073,-2.206170871084491,10.226052756148475,27.132060482177124,4.598095908840049,-95.65036578395497
2019-09-24,4.0,11400,21.562323133931063,19.70232963562012,21.60634994506836,22.68040657043457,29.983299255371094,22.484046692607,1.592326283454895,322.81152,< 600,20 - 50mm,0.04402681113729656,-1.859993498310942,1.1180834365035075,8.420976121440031,0.9217235586759358,-19.969996850476168,0.20418398733675763,-8.626127559437254,5.185357020942056,39.05412264316062,4.2746950453844486,-92.61523782217526
2019-10-08,2.0,18000,44.295074567611664,50.10836791992188,18.40225410461425,31.968074798583984,37.87168502807617,55.21731517509728,1.7202727794647217,509.7024,< 600,20 - 50mm,-25.892820462997413,5.813293352310218,-12.32699976902768,-6.423389539535492,10.92224060748562,-42.57480178814694,-58.455303926568206,13.124017532551733,-27.829278738907732,-14.501362966961212,24.65791222636728,-96.116333934964
2019-10-17,2.0,10400,19.326778195648373,43.709014892578125,58.24355316162109,35.42276382446289,62.49937438964844,54.60505836575875,1.772033929824829,294.49472,< 600,< 20mm,38.916774965972714,24.382236696929752,16.095985628814518,43.172596194000064,35.27828017011038,-17.554744265823544,201.36193716309756,126.15779231335964,83.28333603186225,223.3822717731651,182.53575331067674,-90.83119849627175
2019-10-22,2.0,38700,95.90612040103964,66.94316864013672,55.019229888916016,61.895118713378906,64.81097412109375,85.12976653696496,3.954470634460449,1095.86016,600 - 1200,50 - 100mm,-40.88689051212363,-28.962951760902925,-34.01100168766074,-31.095146279945894,-10.776353864074679,-91.9516497665792,-42.632201512428615,-30.199273664487592,-35.46280627914133,-32.42248372670991,-11.236356782041055,-95.87672755615128
2019-10-25,1.0,16500,3.294323140447452,10.224221229553224,6.822678089141846,3.554353952407837,9.760882377624512,10.153112840466928,1.6212217807769775,467.2272,< 600,< 20mm,3.528354948694394,6.929898089105773,0.26003081196038513,6.46655923717706,6.858789700019477,-1.6731013596704742,107.10409386904148,210.35878369128415,7.8933001067122515,196.29401735916954,208.2002708176309,-50.787408773846785
2019-11-10,0.0,7910,1.5478623301533352,2.534297466278076,16.690780639648438,3.0545454025268555,12.81159496307373,1.5206225680933845,0.0804042071104049,223.985888,< 600,< 20mm,15.142918309495101,0.986435136124741,1.5066830723735203,11.263732632920394,-0.027239762059950712,-1.4674581230429302,978.3117021779971,63.728867671779454,97.33960462906701,727.6960239612899,-1.7598310605086094,-94.80546780265401
2019-11-17,2.0,11700,41.57619881242724,58.5190658569336,84.69320678710938,49.93842315673828,62.4887924194336,80.78968871595333,5.963477611541748,331.30656,< 600,20 - 50mm,43.11700797468213,16.942867044506357,8.362224344311038,20.912593607006357,39.21348990352609,-35.612721200885495,103.70598853735117,40.75136142422449,20.11300836336088,50.29943622637172,94.3171598741852,-85.65651073960314
2019-11-24,1.0,10400,15.629166392020275,21.70413589477539,23.30577850341797,16.62938690185547,22.264068603515625,26.88988326848249,2.368347883224488,294.49472,< 600,< 20mm,7.676612111397693,6.074969502755115,1.0002205098351933,6.6349022114953495,11.260716876462213,-13.260818508795786,49.11722045084319,38.869440316770756,6.3997047874918795,42.45205435193848,72.04937610883428,-84.8466141838909
2019-12-13,0.0,13700,45.70043397423331,44.64220428466797,46.13256072998047,57.60506820678711,54.359710693359375,54.34124513618678,3.664032459259033,387.94016,< 600,20 - 50mm,0.43212675574715576,-1.0582296895653442,11.904634232553796,8.659276719126062,8.640811161953465,-42.03640151497428,0.9455637904681523,-2.315579082163623,26.04928049319145,18.94790916867072,18.907503519168554,-91.98249963813281
2019-12-20,2.0,21000,67.98980695175864,133.30166625976562,86.3004150390625,98.01990509033205,97.28414916992188,155.77023346303503,20.08869171142578,594.6528,< 600,50 - 100mm,18.310608087303862,65.31185930800699,30.030098138573408,29.294342218163237,87.78042651127639,-47.90111524033286,26.93140179129489,96.06125129072399,44.168529791356676,43.086373577952195,129.1082155499573,-70.45337733392967
2020-01-03,2.0,21800,94.9281395172298,50.96407318115234,122.37540435791016,74.43999481201172,87.09846496582031,96.81031128404668,2.325337648391724,617.30624,600 - 1200,50 - 100mm,27.44726484068036,-43.96406633607746,-20.488144705218076,-7.829674551409482,1.8821717668168816,-92.60280186883807,28.91372882716045,-46.312996925529994,-21.58279390011579,-8.24800168972907,1.982733229987364,-97.55042323570487
2020-01-07,1.0,37700,111.25780674276686,108.18523406982422,137.807861328125,133.43028259277344,131.1570281982422,143.803112840467,10.322946548461914,1067.54336,600 - 1200,> 100mm,26.55005458535814,-3.0725726729426412,22.172475850006578,19.899221455475328,32.54530609770015,-100.93486019430495,23.863543029158468,-2.761669282270295,19.928916899530797,17.885685542483536,29.252155017711594,-90.72159801574281
2020-01-19,1.0,12100,30.380965570849767,23.16121482849121,32.142784118652344,29.334163665771484,37.99238586425781,28.814396887159525,1.7118221521377563,342.63328,< 600,20 - 50mm,1.7618185478025765,-7.219750742358556,-1.0468019050782829,7.611420293408045,-1.5665686836902424,-28.66914341871201,5.799086746252146,-23.764059524447227,-3.4455847120365353,25.053253411771504,-5.156415058754253,-94.36547812101064
2020-01-24,2.0,44700,94.6468642626392,73.8722915649414,97.30729675292967,128.26083374023438,111.0177993774414,99.729766536965,4.471643447875977,1265.76096,1200 - 1700,50 - 100mm,2.660432490290475,-20.774572697697792,33.61396947759518,16.370935114802208,5.082902274325804,-90.17522081476322,2.810903996679636,-21.949562576156392,35.51514330608829,17.296859481127523,5.3703863449940235,-95.27544469358494
2020-01-29,1.0,26400,41.60309176884919,40.0996208190918,59.174591064453125,67.32879638671875,48.55458831787109,47.38054474708171,0.0099204713478684,747.56352,600 - 1200,20 - 50mm,17.571499295603935,-1.5034709497573928,25.72570461786956,6.951496549021897,5.7774529782325175,-41.59317129750132,42.23604195869117,-3.613844274148718,61.83604036162521,16.70908640070571,13.887076014284242,-99.97615448533732
2020-02-01,3.0,56400,111.89292352012647,105.2535400390625,150.62570190429688,117.4622573852539,119.49012756347656,138.42996108949416,17.640193939208984,1597.06752,1200 - 1700,> 100mm,38.7327783841704,-6.639383481063973,5.569333865127433,7.597204043350089,26.537037569367683,-94.25272958091749,34.61593205865556,-5.933693813862796,4.977378094983516,6.789709129356656,23.716457426009068,-84.23475463483086
2020-02-07,3.0,32600,72.90644357218113,75.59895324707031,92.14806365966795,97.80074310302734,126.9171905517578,93.02081712062255,3.324281454086304,923.1276799999999,600 - 1200,50 - 100mm,19.241620087486822,2.6925096748891804,24.89429953084621,54.010746979576666,20.11437354844142,-69.58216211809483,26.39220780044857,3.693102478964643,34.145540930411144,74.08226808663797,27.589294667112867,-95.44034615980809
2020-02-25,0.0,14600,46.89325418651111,38.88433074951172,37.71823120117188,43.94887161254883,42.70314407348633,46.000389105058375,1.511149525642395,413.42528,< 600,20 - 50mm,-9.175022985339226,-8.008923436999389,-2.9443825739622795,-4.1901101130247795,-0.892865081452733,-45.38210466086871,-19.565763017526795,-17.07905236251052,-6.27890434357877,-8.935421918809954,-1.90403736516449,-96.77746927173786
2020-03-03,1.0,15400,39.76808986140693,31.45886993408203,23.585487365722656,19.74258041381836,32.37440490722656,44.53365758754863,0.5569198131561279,436.07872,< 600,20 - 50mm,-16.18260249568427,-8.309219927324897,-20.02550944758857,-7.393684954180365,4.765567726141704,-39.2111700482508,-40.692430921578485,-20.894189176002154,-50.35572369047171,-18.59200424246574,11.98339609156452,-98.5995811840674
2020-03-31,0.0,13700,71.18812040620293,40.15089416503906,58.48514938354492,70.51529693603516,63.954620361328125,58.27159533073931,1.2920804023742676,387.94016,< 600,50 - 100mm,-12.702971022658005,-31.037226241163864,-0.6728234701677707,-7.233500044874802,-12.916525075463618,-69.89604000382866,-17.84422871424927,-43.598884285838594,-0.9451344779558819,-10.161105537834253,-18.14421423372508,-98.18497750045711
2020-05-17,1.0,19400,18.40035946987192,21.67696189880371,11.141073226928713,14.300548553466797,6.730997085571289,25.06089494163423,1.214040994644165,549.34592,< 600,< 20mm,-7.259286242943206,3.276602428931792,-4.099810916405122,-11.66936238430063,6.660535471762312,-17.186318475227754,-39.451871876901635,17.807274006232223,-22.28114577390732,-63.41920875734858,36.19785517053637,-93.40208001570844
2020-06-01,0.0,38300,39.76051817983158,34.35639190673828,11.561284065246582,16.127822875976562,15.851825714111328,41.78832684824908,1.3187885284423828,1084.53344,600 - 1200,20 - 50mm,-28.199234114584996,-5.404126273093297,-23.632695303855016,-23.90869246572025,2.0278086684174994,-38.441729651389196,-70.92270273501865,-13.591689747732028,-59.437593838610084,-60.13174264375627,5.100055938018685,-96.68317067077025
2020-06-22,2.0,25400,7.222183564147177,5.391643524169922,7.831619262695312,5.618921756744385,11.618104934692385,6.560116731517505,0.9166535139083862,719.24672,600 - 1200,< 20mm,0.6094356985481344,-1.8305400399772553,-1.6032618074027924,4.395921370545207,-0.6620668326296721,-6.305530050238791,8.438385609215665,-25.34607468390223,-22.199128465272008,60.86692939193238,-9.167128289515466,-87.30780648585427
2020-06-26,1.0,31500,6.632313571479011,4.4928154945373535,0.1166837513446807,2.2892279624938965,0.85307776927948,5.57470817120623,0.7759581804275513,891.9792,600 - 1200,< 20mm,-6.51562982013433,-2.139498076941657,-4.343085608985114,-5.779235802199531,-1.0576054002727808,-5.856355391051459,-98.24067800644323,-32.25869907813402,-65.48371940165373,-87.13755373467296,-15.946251468278122,-88.30033936024361
2020-07-03,0.0,25800,22.717321229744908,17.928937911987305,6.624758243560791,28.53193664550781,22.60082054138184,18.846498054474704,3.8953161239624015,730.57344,600 - 1200,20 - 50mm,-16.092562986184117,-4.788383317757603,5.814615415762901,-0.11650068836306815,-3.8708231752702034,-18.822005105782505,-70.8382948123009,-21.078115986175064,25.595515232445358,-0.512827578502205,-17.03908280436667,-82.85310101235848
2020-07-15,1.0,16500,1.8935583203819084,0.0,0.0077315396629273,0.0045091398060321,0.0185179412364959,0.0011673151750972,0.066830076277256,467.2272,< 600,< 20mm,-1.885826780718981,-1.8935583203819084,-1.8890491805758762,-1.8750403791454124,-1.8923910052068111,-1.8267282441046524,-99.59169255154666,-100.0,-99.76186950475744,-99.02205593367934,-99.93835335502833,-96.47066184558936
2020-08-09,0.0,9950,10.17947227611112,3.3960201740264893,1.1875325441360474,1.1011013984680176,1.5965235233306885,1.8673151750972763,0.578376829624176,281.75216,< 600,< 20mm,-8.991939731975073,-6.783452102084631,-9.078370877643103,-8.582948752780432,-8.312157101013844,-9.601095446486944,-88.33404608878485,-66.63854390569767,-89.1831190399521,-84.3162446929851,-81.65607091951676,-94.31820418646365
2020-08-22,3.0,10200,17.45850287755928,15.895118713378906,12.123316764831545,19.92293930053711,29.62114715576172,17.65719844357975,2.3790857791900635,288.83136,< 600,< 20mm,-5.335186112727735,-1.5633841641803734,2.4644364229778297,12.162644278202439,0.19869556602047211,-15.079417098369216,-30.5592418212758,-8.954858129272402,14.115966530816076,69.66602098417039,1.1381019748026069,-86.37291069070945
2020-09-01,2.0,6810,1.808655831524541,2.8177762031555176,0.1779322773218155,1.8547062873840328,3.753002643585205,1.6013618677042816,0.0040958602912724,192.837408,< 600,< 20mm,-1.6307235542027254,1.0091203716309767,0.04605045585949186,1.9443468120606642,-0.20729396382025933,-1.8045599712332685,-90.16218153722293,55.79394122652816,2.546114913453451,107.50231073104426,-11.46121667855008,-99.77354120005131
2020-09-02,1.0,6840,1.7479942633448091,0.0,0.1857233196496963,1.86328125,3.939625024795532,0.0416342412451361,0.017840951681137,193.686912,< 600,< 20mm,-1.5622709436951128,-1.7479942633448091,0.11528698665519088,2.191630761450723,-1.706360022099673,-1.730153311663672,-89.37506126053798,-100.0,6.595387014290754,125.37974565528663,-97.61817060168903,-98.97934724070558
2020-09-17,3.0,8630,3.684099429402541,2.5116207599639893,0.0207743570208549,0.0285590644925832,19.344762802124023,1.9966926070038924,0.0041111106984317,244.373984,< 600,< 20mm,-3.663325072381686,-1.1724786694385516,-3.6555403649099576,15.660663372721483,-1.6874068223986485,-3.679988318704109,-99.4361075910423,-31.82538071804146,-99.22480201634475,425.08796716328607,-45.802423488670584,-99.88840934461157
2020-09-24,3.0,19300,65.64048546726636,95.68126678466795,44.68730926513672,89.08501434326172,86.06900787353516,96.91575875486382,15.660892486572266,546.51424,< 600,50 - 100mm,-20.95317620212964,30.040781317401596,23.44452887599536,20.428522406268797,31.275273287597457,-49.97959298069409,-31.92111705599524,45.765629403186466,35.71656837865206,31.121833211389195,47.64631624059793,-76.1414127651721
2020-09-25,2.0,22100,89.56263267620686,120.18050384521484,78.63938903808594,125.23614501953124,132.23590087890625,130.82704280155644,19.57625198364257,625.80128,600 - 1200,50 - 100mm,-10.923243638120923,30.617871169007984,35.673512343324376,42.67326820269939,41.264410125349585,-69.9863806925643,-12.196206511270614,34.185988345943194,39.830799159615786,47.64628609899711,46.073243820926514,-78.14238885270825
2020-10-03,0.0,11900,0.1035525804377974,0.604932963848114,6.657453923253343e-05,6.692619535897393e-06,0.0010186020517721,0.3406614785992217,0.0023747275117784,336.96992,< 600,< 20mm,-0.10348600589856487,0.5013803834103167,-0.1035458878182615,-0.1025339783860253,0.23710889816142428,-0.101177852926019,-99.93570943480977,484.179516619085,-99.9935369842957,-99.01634314908844,228.97439847368392,-97.70674231222574
2020-10-10,2.0,13600,23.773713226908463,49.22715759277344,49.46604537963867,47.00909805297852,51.619590759277344,60.35486381322956,8.221304893493652,385.10848,< 600,20 - 50mm,25.69233215273021,25.453444365864975,23.23538482607006,27.84587753236888,36.581150586321094,-15.55240833341481,108.07033763514124,107.06549760621868,97.73561498071285,117.12885263902027,153.8722631890606,-65.41850734453925
2020-10-12,1.0,27300,95.46915304729175,74.17389678955078,94.95832061767578,99.85528564453124,111.05130767822266,89.06692607003889,12.7853422164917,773.04864,600 - 1200,50 - 100mm,-0.5108324296159736,-21.295256257740974,4.386132597239481,15.582154630930901,-6.402226977252866,-82.68381083080006,-0.5350758997127867,-22.30590256435199,4.594292980756579,16.32166425862404,-6.706068685957074,-86.60788138535351
2020-10-14,3.0,33500,87.68270362358021,62.54184341430664,62.19727325439453,74.2502212524414,85.31424713134766,60.87996108949418,6.0199055671691895,948.6128,600 - 1200,50 - 100mm,-25.48543036918568,-25.14086020927357,-13.432482371138804,-2.3684564922325535,-26.80274253408603,-81.66279805641102,-29.065516134851443,-28.67254221220492,-15.319420839033585,-2.7011672705717213,-30.567878756510037,-93.13444348954783
2020-10-24,1.0,18500,27.890298291339885,21.46092987060547,18.143075942993164,25.17997169494629,25.359813690185547,21.69182879377432,2.000561475753784,523.8608,< 600,20 - 50mm,-9.747222348346721,-6.429368420734416,-2.710326596393596,-2.5304846011543383,-6.198469497565565,-25.8897368155861,-34.9484334894091,-23.052347284255386,-9.717811434218937,-9.072992245264262,-22.224464696708637,-92.82703449473335
2020-10-30,1.0,20200,9.558411099785944,22.93344116210937,14.716691970825195,13.608171463012695,27.5044174194336,20.501361867704272,0.1979236304759979,571.99936,< 600,< 20mm,5.158280871039251,13.375030062323427,4.049760363226751,17.94600631964766,10.942950767918328,-9.360487469309946,53.965882165862986,139.92942888408467,42.36855185395241,187.7509361367555,114.48503996823686,-97.92932498498176
2020-11-05,4.0,46100,83.11877822165042,97.5795440673828,63.634521484375,74.54981231689453,75.39356994628906,118.07373540856032,20.184818267822266,1305.40448,1200 - 1700,50 - 100mm,-19.484256737275416,14.460765845732382,-8.568965904755885,-7.725208275361354,34.95495718690991,-62.93395995382815,-23.441461910469037,17.39771223197035,-10.309302047132206,-9.29417929455215,42.054224009039864,-75.71569421533604
2020-11-16,3.0,20000,73.51615681269884,65.27596282958984,45.09705352783203,51.23555755615234,60.90857696533203,65.84727626459136,6.034934997558594,566.336,< 600,50 - 100mm,-28.419103284866807,-8.240193983108995,-22.280599256546502,-12.607579847366807,-7.668880548107481,-67.48122181514024,-38.6569490530792,-11.20868437682752,-30.307078365524482,-17.14940006927706,-10.43155801471765,-91.7910085902149
2020-11-27,1.0,18000,29.895045900336747,13.04854965209961,22.11023330688477,15.6337890625,26.94050025939941,17.05194552529182,0.2459452152252197,509.7024,< 600,20 - 50mm,-7.784812593451978,-16.846496248237138,-14.261256837836747,-2.9545456409373365,-12.843100375044926,-29.649100685111527,-26.04047713927172,-56.35213374282652,-47.70441525790099,-9.883061062314862,-42.960631061952164,-99.17730444019004
2020-11-30,1.0,17300,11.626240930843869,22.86260032653809,29.06136131286621,23.714221954345703,31.83155059814453,25.69805447470817,0.0001775599375832,489.88063999999997,< 600,< 20mm,17.43512038202234,11.23635939569422,12.087981023501834,20.20530966730066,14.0718135438643,-11.626063370906285,149.9635220509476,96.64653831389894,103.97153383801803,173.79056384163627,121.03493835683761,-99.99847276571474
2020-12-08,3.0,15700,10.377544930208089,34.48722839355469,38.699440002441406,28.36845016479492,48.0328254699707,36.57996108949414,2.5939149856567383,444.57376,< 600,< 20mm,28.321895072233318,24.1096834633466,17.99090523458683,37.655280539762614,26.202416159286052,-7.78362994455135,272.9151765924025,232.3255030500085,173.36379033365534,362.8534570845511,252.49147399991693,-75.00454102486141
2020-12-20,1.0,23000,57.20783363519162,51.72441101074219,71.33392333984375,76.78146362304688,79.77940368652344,56.54319066147859,8.462077140808105,651.2864,600 - 1200,50 - 100mm,14.12608970465213,-5.483422624449432,19.573629987855256,22.57157005133182,-0.664642973713029,-48.745756494383514,24.692579332286428,-9.585090495502147,34.214947051961886,39.4553833226204,-1.161804129748013,-85.20818460847532
2020-12-31,1.0,20700,43.19070356998621,,58.653564453125,66.74049377441406,54.825782775878906,57.96614785992219,5.111048698425293,586.1577599999999,< 600,20 - 50mm,15.462860883138788,,23.54979020442785,11.635079205892694,14.775444289935976,-38.07965487156092,35.80136373116212,,54.525136795393415,26.938850827098044,34.2097791159939,-88.16632220370444
2021-01-02,2.0,29600,80.61596061896184,,,95.54005432128906,96.78389739990234,,,838.17728,600 - 1200,50 - 100mm,,,14.924093702327227,16.167936780940508,,,,,18.512579379742455,20.055503472022902,,
2021-01-03,1.0,40800,98.43016705503884,82.99517822265625,,107.43449401855467,109.6068344116211,167.8132295719844,7.105544090270996,1155.32544,600 - 1200,50 - 100mm,,-15.434988832382587,9.004326963515837,11.176667356582257,69.38306251694557,-91.32462296476784,,-15.681156797947787,9.147934249142258,11.354920641689697,70.48963198259015,-92.78113173749078
2021-01-13,3.0,49000,95.50682279239828,91.2430419921875,,113.29338073730467,143.4740447998047,104.11245136186773,5.06984281539917,1387.5232,1200 - 1700,50 - 100mm,,-4.263780800210782,17.78655794490639,47.967222007406406,8.605628569469445,-90.43697997699911,,-4.464372989853193,18.623337500786473,50.22386946288855,9.010485657318293,-94.69164331178787
2021-01-19,0.0,21200,13.386120882656346,6.041398525238037,,6.017037868499756,8.539027214050293,6.590272373540852,0.5174446702003479,600.31616,600 - 1200,< 20mm,,-7.344722357418309,-7.36908301415659,-4.847093668606053,-6.795848509115494,-12.868676212455998,,-54.86819088070882,-55.05017531781221,-36.209845339781474,-50.767870458427566,-96.13446886714753
2021-02-05,2.0,20100,51.585816098729694,46.92478561401367,,42.075469970703125,53.84800720214844,52.554669260700365,2.848498821258545,569.16768,< 600,50 - 100mm,,-4.661030484716022,-9.510346128026569,2.2621911034187434,0.9688531619706708,-48.73731727747115,,-9.03548850675409,-18.435971061938407,4.385296723985433,1.8781386730732148,-94.47813558710241
2021-02-15,0.0,17200,13.376487622297518,24.286243438720703,,28.40449905395508,26.39291000366211,24.513424124513623,0.9942380785942078,487.04895999999997,< 600,< 20mm,,10.909755816423186,15.028011431657564,13.016422381364592,11.136936502216106,-12.38224954370331,,81.55919643836481,112.34646834051631,97.30822282276308,83.25755472349661,-92.56727097076745
2021-02-22,2.0,22300,65.10477217695681,81.71572875976562,,86.56427001953125,93.10494995117188,101.10661478599224,7.340681552886963,631.46464,600 - 1200,50 - 100mm,,16.61095658280881,21.459497842574436,28.00017777421506,36.00184260903542,-57.76409062406985,,25.514192012929115,32.96148212337929,43.007873060533406,55.29831593785672,-88.72481800115241
2021-03-05,2.0,14900,5.442157424940731,12.127157211303713,,11.961220741271973,14.204524040222168,10.819455252918283,7.625272701261565e-06,421.92032,< 600,< 20mm,,6.684999786362981,6.519063316331241,8.762366615281437,5.377297827977552,-5.44214979966803,,122.8373099926595,119.78821646090545,161.0090618680856,98.8082006473033,-99.99985988511347
2021-03-22,0.0,12700,32.75042649944015,21.613725662231445,,38.07307434082031,33.29474639892578,29.674902723735418,4.646841049194336,359.62336,< 600,20 - 50mm,,-11.136700837208707,5.32264784138016,0.5443198994856289,-3.0755237757047347,-28.103585450245816,,-34.00475055614644,16.252148171173122,1.6620238502693503,-9.390789997062509,-85.81135714591757
2021-05-26,1.0,17600,10.701986160016675,11.724908828735352,,8.027915954589844,6.196862697601318,10.697276264591446,1.1086314916610718,498.37568,< 600,< 20mm,,1.0229226687186763,-2.6740702054268315,-4.505123462415357,-0.004709895425229149,-9.593354668355603,,9.558250715557667,-24.986672244235688,-42.09614360413579,-0.044009545095709694,-89.64088090673307
2021-06-06,0.0,26200,12.519331806694913,17.540237426757812,,10.518062591552734,11.62069034576416,17.714396887159534,1.725345015525818,741.90016,600 - 1200,< 20mm,,5.0209056200629,-2.0012692151421785,-0.8986414609307527,5.195065080464621,-10.793986791169095,,40.105220450966,-15.985431539341164,-7.178030543532602,41.4963446985763,-86.21855349657591
2021-06-14,2.0,22300,19.969597607965,22.49149703979492,,21.714767456054688,35.86927032470703,19.157392996108943,2.433023452758789,631.46464,600 - 1200,< 20mm,,2.521899431829919,1.745169848089688,15.899672716742032,-0.8122046118560569,-17.53657415520621,,12.628694284876543,8.739133768993002,79.61939458609996,-4.0672056983867515,-87.81636214948887
2021-06-20,1.0,26800,0.0233799231066822,0.0,,0.0281351245939731,0.0315259024500846,0.0233463035019455,5.228758163866587e-05,758.89024,600 - 1200,< 20mm,,-0.0233799231066822,0.004755201487290899,0.008145979343402401,-3.361960473670031e-05,-0.023327635525043536,,-100.0,20.33882432201763,34.84177131906051,-0.143796900371719,-99.7763569135789
2021-06-25,1.0,31600,0.0,0.0,,0.0042953030206263,0.0129648707807064,0.0,0.0,894.81088,600 - 1200,< 20mm,,0.0,0.0042953030206263,0.0129648707807064,0.0,0.0,,,inf,inf,,
2021-07-09,0.0,18400,2.184215049958302,2.030238151550293,,1.5878496170043943,0.1730362027883529,1.8391050583657589,0.4335100054740906,521.02912,< 600,< 20mm,,-0.153976898408009,-0.5963654329539076,-2.011178847169949,-0.3451099915925431,-1.7507050444842114,,-7.049530146353882,-27.303421106144864,-92.07787700246566,-15.80018375933869,-80.15259507151704
2021-08-08,2.0,10900,27.481110047693026,24.40652084350586,,14.11773681640625,18.203144073486328,28.221984435797648,0.6320613622665405,308.65312,< 600,20 - 50mm,,-3.0745892041871663,-13.363373231286776,-9.277965974206698,0.740874388104622,-26.849048685426485,,-11.188009504897241,-48.62748705599903,-33.76124893828865,2.695940545410452,-97.70001516980352
2021-08-09,1.0,10300,27.49260278194221,19.147878646850582,,12.137046813964844,15.140192985534668,23.67509727626457,0.5525015592575073,291.66304,< 600,20 - 50mm,,-8.344724135091628,-15.355555967977367,-12.352409796407542,-3.817505505677641,-26.940101222684703,,-30.352615942833317,-55.85340933257602,-44.92993949820166,-13.885573279315222,-97.9903628490919
2021-08-16,1.0,10600,0.0400917773706176,4.602511405944824,,0.1440121680498123,0.8113846778869629,4.711478599221792,0.0189215671271085,300.15808,< 600,< 20mm,,4.562419628574206,0.10392039067919469,0.7712929005163452,4.671386821851174,-0.0211702102435091,,11379.938550486677,259.20624500762517,1923.8181769452037,11651.732919365986,-52.804369454132235
2021-08-18,1.0,8320,7.250465793370619,6.675454139709473,,3.3301777839660645,9.740464210510254,7.564007782101166,0.8764804601669312,235.595776,< 600,< 20mm,,-0.5750116536611465,-3.9202880094045547,2.4899984171396348,0.31354198873054706,-6.373985333203688,,-7.930685697281708,-54.06946424033923,34.342599332257194,4.324439252126817,-87.91139100375688
2021-08-29,0.0,6890,6.677079945422168,1.5804460048675537,,3.5623795986175537,5.595469951629639,1.5548638132295716,0.01145641785115,195.102752,< 600,< 20mm,,-5.096633940554614,-3.1147003468046144,-1.0816099937925294,-5.122216132192596,-6.665623527571018,,-76.33028183298728,-46.647641967205516,-16.198847439801668,-76.71341625472685,-99.82842173607635
2021-09-05,1.0,6510,0.73542196919383,0.9742580652236938,,0.4273583590984344,0.5021665096282959,0.6712062256809337,0.0012254919856786,184.342368,< 600,< 20mm,,0.2388360960298639,-0.30806361009539557,-0.23325545956553406,-0.06421574351289627,-0.7341964772081514,,32.47606218395626,-41.88936732922122,-31.717227569531115,-8.731822844956564,-99.8333620646359
2021-09-09,1.0,8440,0.2801759008650514,0.3730356097221374,,1.32291579246521,15.694865226745604,0.2285992217898833,0.0042461873963475,238.99379199999998,< 600,< 20mm,,0.092859708857086,1.0427398916001587,15.414689325880552,-0.05157667907516811,-0.2759297134687039,,33.143360499735664,372.1732984102731,5501.789867824906,-18.408677875550175,-98.4844565920062
2021-09-18,4.0,19800,68.68836970154162,78.86604309082031,,67.48332214355469,80.55032348632812,82.71303501945525,8.25319766998291,560.67264,< 600,50 - 100mm,,10.177673389278695,-1.20504755798693,11.861953784786508,14.02466531791363,-60.43517203155871,,14.817171281691188,-1.754369135885728,17.26923180201827,20.417816551553507,-87.9845777300525
2021-09-27,3.0,14900,36.34610040812573,49.50301361083984,,22.57685089111328,23.12195205688477,51.66128404669259,1.9546458721160889,421.92032,< 600,20 - 50mm,,13.156913202714108,-13.769249517012447,-13.22414835124096,15.315183638566864,-34.39145453600964,,36.19896785343354,-37.883705163413126,-36.38395371923998,42.13707513762032,-94.62213043444106
2021-09-29,3.0,19500,71.63356796277412,45.65464019775391,,38.61186599731445,34.76941680908203,46.8636186770428,4.032134532928467,552.1776,< 600,50 - 100mm,,-25.97892776502021,-33.02170196545967,-36.86415115369209,-24.76994928573132,-67.60143342984566,,-36.266416016748884,-46.09808348876337,-51.46211783398715,-34.57868983798705,-94.37116613397806
2021-10-02,1.0,20100,45.17499795013201,28.6142520904541,,48.583980560302734,47.56616973876953,29.599027237354104,0.0278889033943414,569.16768,< 600,20 - 50mm,,-16.56074585967791,3.4089826101707246,2.3911717886375214,-15.575970712777906,-45.14710904673767,,-36.65909598481679,7.546171034548466,5.293130928920239,-34.47918410526987,-99.93826473788637
2021-10-05,1.0,13000,1.5954401119039874,9.509191513061523,,4.703101634979248,5.554545402526856,14.842801556420234,0.0001514161413069,368.1184,< 600,< 20mm,,7.913751401157536,3.1076615230752607,3.959105290622869,13.247361444516248,-1.5952886957626804,,496.02309369753266,194.78396587174925,248.15129449754772,830.3264626277282,-99.99050944374676
2021-10-10,1.0,13500,18.23860757602316,18.32899475097656,,17.095523834228516,15.021395683288574,29.11342412451362,6.019438743591309,382.2768,< 600,< 20mm,,0.0903871749533991,-1.1430837417946442,-3.2172118927345856,10.874816548490461,-12.219168832431851,,0.49558155454928415,-6.267384925247063,-17.639569683839227,59.62525649593291,-66.9961716183609
2021-10-17,4.0,17100,34.9880786925983,17.870376586914062,,23.49373245239257,20.199413299560547,25.526459143968868,0.5410130023956299,484.21728,< 600,20 - 50mm,,-17.117702105684238,-11.49434624020573,-14.788665393037753,-9.461619548629432,-34.44706569020267,,-48.92438437697202,-32.85217899843511,-42.26772645325701,-27.042409592587973,-98.45372188867839
2021-10-22,3.0,14300,21.503697359799723,27.23583030700684,,28.282001495361328,31.36112594604492,35.05953307392994,1.9458485841751096,404.93023999999997,< 600,20 - 50mm,,5.732132947207116,6.778304135561605,9.857428586245195,13.555835714130218,-19.557848775624613,,26.656499351237628,31.521575207030978,45.840621830333475,63.03955774355481,-90.95109761071697
2021-10-26,2.0,23700,43.14128251090276,56.630638122558594,,59.118896484375,53.89632415771485,79.74046692607001,7.173760414123535,671.10816,600 - 1200,20 - 50mm,,13.489355611655832,15.977613973472238,10.755041646812089,36.59918441516725,-35.96752209677923,,31.267859522365317,37.03555630140188,24.929814370015656,84.83564299674639,-83.37147160075602
2021-10-29,3.0,64500,137.70926076914566,103.95745086669922,,120.0817413330078,113.15695190429688,132.41595330739307,7.143974781036377,1826.4336,> 1700,> 100mm,,-33.75180990244644,-17.62751943613786,-24.552308864848783,-5.29330746175259,-130.56528598810928,,-24.509469961521045,-12.800533048890914,-17.82909059834982,-3.8438282452377943,-94.81227715468428
2021-11-01,1.0,25200,7.90907494870913,4.377625942230225,,0.0542659759521484,0.0213845893740654,6.014980544747088,0.0,713.58336,600 - 1200,< 20mm,,-3.5314490064789057,-7.854808972756982,-7.887690359335065,-1.8940944039620424,-7.90907494870913,,-44.65059478359459,-99.31387708039098,-99.72961958872882,-23.948368377406574,-100.0
2021-11-04,3.0,22800,32.39982730731454,59.53621673583984,,41.625144958496094,38.23413848876953,64.52354085603113,7.23320198059082,645.62304,600 - 1200,20 - 50mm,,27.1363894285253,9.225317651181555,5.834311181454993,32.123713548716594,-25.166625326723718,,83.75473477415426,28.473354390684857,18.00722925500855,99.14779249908035,-77.67518353729662
2021-11-09,1.0,21200,35.139673918428656,40.76166534423828,,46.52361679077149,37.28435516357422,44.04396887159531,3.3510336875915527,600.31616,600 - 1200,20 - 50mm,,5.621991425809625,11.383942872342836,2.144681245145563,8.904294953166655,-31.788640230837103,,15.998985758548054,32.39626781616957,6.103304345180067,25.33971992408525,-90.463674491202
2021-11-12,2.0,44600,74.47784294863277,79.27201080322266,,77.45306396484375,94.21414184570312,91.36342412451364,7.67116117477417,1262.92928,1200 - 1700,50 - 100mm,,4.794167854589887,2.9752210162109805,19.736298897070355,16.885581175880873,-66.8066817738586,,6.437039077375556,3.9947733425402574,26.49955760759941,22.67195249938539,-89.70007606146038
2021-11-15,4.0,94100,164.08843503262756,140.42477416992188,,123.6326141357422,111.11570739746094,173.29007782101172,11.678915023803713,2664.61088,> 1700,> 100mm,,-23.663660862705683,-40.455820896885356,-52.97272763516662,9.201642788384163,-152.40952000882385,,-14.421284996715563,-24.654888620786146,-32.2830354403913,5.607733894563926,-92.88254835175833
2021-11-26,2.0,38700,69.46599650177856,63.07456970214844,,46.64656829833984,42.803184509277344,72.04007782101166,1.2722480297088623,1095.86016,600 - 1200,50 - 100mm,,-6.391426799630125,-22.819428203438726,-26.66281199250122,2.574081319233102,-68.1937484720697,,-9.200799126903021,-32.84978169550115,-38.382537263132136,3.7055270907503592,-98.16853123286545
2021-11-28,3.0,55800,120.31290185930168,87.51345825195312,,110.1890640258789,83.58430480957031,109.65214007782106,5.27597713470459,1580.07744,1200 - 1700,> 100mm,,-32.79944360734855,-10.123837833422769,-36.72859704973136,-10.660761781480616,-115.03692472459709,,-27.261784148224955,-8.41459035312934,-30.52756311428938,-8.860863312853764,-95.6147868988527
2021-11-30,4.0,62200,106.563466853439,80.93954467773438,,93.3654327392578,69.43798828125,97.2589494163424,6.055671215057373,1761.30496,> 1700,> 100mm,,-25.62392217570462,-13.198034114181198,-37.125478572188996,-9.304517437096592,-100.50779563838162,,-24.045691203859036,-12.38513958290507,-34.838842680718294,-8.731432743168414,-94.31731024349463
2021-12-11,1.0,21300,44.79074917514284,62.2652587890625,,77.15000915527344,67.35331726074219,80.87587548638132,6.520998001098633,603.14784,600 - 1200,20 - 50mm,,17.474509613919658,32.359259980130595,22.562568085599345,36.085126311238476,-38.26975117404421,,39.013657810433195,72.24540909909307,50.37327685092776,80.56379269330093,-85.44119461900507
2021-12-18,1.0,16500,15.377764059607255,52.0801887512207,,60.47761917114258,41.35780334472656,61.26984435797662,9.369657516479492,467.2272,< 600,< 20mm,,36.702424691613444,45.09985511153532,25.980039285119307,45.892080298369365,-6.008106543127763,,238.67204978140896,293.27966625524596,168.9454928845022,298.43142423360496,-39.07009185366061
2021-12-24,0.0,19400,65.96197193758438,66.79240417480469,,72.4881591796875,55.707481384277344,70.73463035019456,5.026698589324951,549.34592,< 600,50 - 100mm,,0.8304322372203075,6.52618724210312,-10.254490553307036,4.772658412610184,-60.93527334825943,,1.2589560512322049,9.89386316145678,-15.546064273230353,7.235469578026333,-92.3793991573184
2022-01-03,1.0,13900,26.96179036195464,49.18115234375,,49.42649459838867,45.92990112304688,,4.823074817657471,393.60352,< 600,20 - 50mm,,22.21936198179536,22.46470423643403,18.96811076109224,,-22.13871554429717,,82.41055836243261,83.32052113324649,70.35182199123484,,-82.11144455576202
2022-01-07,3.0,23900,93.6113008864751,101.08712768554688,,96.36434173583984,84.90245056152344,,6.191164493560791,676.77152,600 - 1200,50 - 100mm,,7.475826799071768,2.753040849364737,-8.708850324951669,,-87.42013639291432,,7.986030242372019,2.940927882952318,-9.303204038915261,,-93.38630653037396
2022-01-10,1.0,16900,35.47126313214078,22.016616821289062,,6.209738731384277,5.605978012084961,,1.3019766807556152,478.55392,< 600,20 - 50mm,,-13.454646310851714,-29.2615244007565,-29.865285120055816,,-34.16928645138516,,-37.931116974124215,-82.49360698475498,-84.19571924687017,,-96.32948881491653
2022-01-13,2.0,46800,91.07479370893986,63.98009490966797,,76.26468658447266,74.2437515258789,,10.277905464172363,1325.22624,1200 - 1700,50 - 100mm,,-27.094698799271896,-14.810107124467208,-16.83104218306096,,-80.7968882447675,,-29.749942542677744,-16.261477540973505,-18.48046149503255,,-88.71487373661381
2022-01-20,1.0,26500,27.265296828849365,37.87699890136719,,36.205657958984375,37.10391998291016,,0.000452178530395,750.3952,600 - 1200,20 - 50mm,,10.611702072517822,8.94036113013501,9.838623154060798,,-27.26484465031897,,38.9201780531859,32.7902578367503,36.08478284986271,,-99.99834156021394
2022-01-30,2.0,19400,2.1232154335482507,23.438343048095703,,8.693004608154297,10.798832893371582,,0.4616174101829529,549.34592,< 600,< 20mm,,21.315127614547453,6.569789174606046,8.675617459823332,,-1.6615980233652978,,1003.907906741535,309.4264044429454,408.6074979836084,,-78.25856939012955
2022-02-05,0.0,16500,25.83354811401713,18.63394927978516,,34.49167251586914,32.37340545654297,,1.276534080505371,467.2272,< 600,20 - 50mm,,-7.199598834231971,8.65812440185201,6.539857342525838,,-24.55701403351176,,-27.86918313526399,33.51504161812819,25.31536633551839,,-95.05861883597503
2022-02-26,1.0,14100,2.1671062536906813,12.547877311706545,,1.859999775886536,0.3216322362422943,,0.1245391890406608,399.26688,< 600,< 20mm,,10.380771058015863,-0.30710647780414524,-1.845474017448387,,-2.0425670646500205,,479.01532471409445,-14.17126997262496,-85.15844639853076,,-94.25320337530452
2022-03-01,2.0,43700,120.8524739515485,110.54537963867188,,125.82068634033205,133.76016235351562,,2.3349051475524902,1237.44416,1200 - 1700,> 100mm,,-10.307094312876629,4.968212388783542,12.907688401967121,,-118.51756880399601,,-8.528658103440142,4.110972846758081,10.680533033309686,,-98.06797074879196
2022-03-08,0.0,19500,1.1226798962473594,3.798374176025391,,4.554774284362793,0.4613714516162872,,0.0127625204622745,552.1776,< 600,< 20mm,,2.675694279778032,3.4320943881154333,-0.6613084446310722,,-1.1099173757850849,,238.33100501057675,305.7055176268376,-58.904452359175984,,-98.86320931683784
2022-03-15,1.0,18000,35.33202512518001,45.11890411376953,,51.77690124511719,59.32193374633789,,9.234241485595703,509.7024,< 600,20 - 50mm,,9.786878988589521,16.444876119937177,23.98990862115788,,-26.097783639584307,,27.69973969483771,46.543825500161994,67.89848172065585,,-73.86438662126176
2022-03-22,0.0,15600,35.91453748536839,20.73240852355957,,24.309541702270508,17.888309478759766,,1.1603394746780396,441.74208,< 600,20 - 50mm,,-15.182128961808822,-11.604995783097884,-18.026228006608626,,-34.75419801069035,,-42.272934652142,-32.312808672047545,-50.192009333135715,,-96.76916492339414
2022-04-04,1.0,16600,35.97653070257453,64.29830169677734,,59.34300231933594,55.76655578613281,,5.448862075805664,470.05888,< 600,20 - 50mm,,28.321770994202815,23.36647161676141,19.790025083558284,,-30.527668626768865,,78.72290752086352,64.9492076096411,55.00815308503908,,-84.85439821629123
2022-04-07,1.0,16000,65.14094516313425,30.274991989135746,,38.04243087768555,29.65618896484375,,6.05394172668457,453.0688,< 600,50 - 100mm,,-34.865953173998506,-27.0985142854487,-35.4847561982905,,-59.08700343644968,,-53.52386749483408,-41.59981746900532,-54.47381229950694,,-90.70639562947157
2022-04-21,0.0,12100,22.417302663350767,12.880982398986816,,25.0297966003418,24.850147247314453,,0.4844730496406555,342.63328,< 600,20 - 50mm,,-9.536320264363951,2.612493936991033,2.4328445839636856,,-21.932829613710112,,-42.539998712487986,11.653917405781849,10.852530389131315,,-97.83884325016183
2022-05-05,1.0,14300,12.107367375452226,24.93034172058105,,12.363489151000977,12.016290664672852,,0.0464303269982337,404.93023999999997,< 600,< 20mm,,12.822974345128825,0.2561217755487508,-0.09107671077937418,,-12.060937048453992,,105.9105084324731,2.115420864060337,-0.7522420684453077,,-99.6165117852757
2022-05-11,0.0,13500,7.557330978264918,5.929099082946777,,7.974232196807861,21.90521049499512,,0.082063116133213,382.2768,< 600,< 20mm,,-1.628231895318141,0.41690121854294304,14.347879516730202,,-7.475267862131705,,-21.545065314738476,5.516513961634892,189.85379306523797,,-98.91412568313828
2022-05-18,1.0,19500,33.905567640360324,28.701828002929688,,27.64185905456543,25.82941055297852,,1.068732738494873,552.1776,< 600,20 - 50mm,,-5.203739637430637,-6.263708585794895,-8.076157087381805,,-32.83683490186545,,-15.347743747066007,-18.473982362527195,-23.81956017680162,,-96.8479137413919
2022-05-29,0.0,21300,28.774484398609864,26.381237030029297,,20.078094482421875,20.68661499023437,,1.2599934339523315,603.14784,600 - 1200,20 - 50mm,,-2.3932473685805675,-8.69638991618799,-8.087869408375493,,-27.514490964657533,,-8.31725543862808,-30.22257426307915,-28.10778221543469,,-95.62114331399383
2022-06-05,1.0,32000,28.15496581654647,34.75307083129883,,26.003604888916016,20.96152877807617,,1.418489694595337,906.1376,600 - 1200,20 - 50mm,,6.59810501475236,-2.151360927630453,-7.1934370384703,,-26.73647612195113,,23.434960133656784,-7.6411420338720974,-25.549443339202245,,-94.96184899019944
2022-06-10,2.0,46500,44.175929058293256,46.156768798828125,,39.1509017944336,39.75179672241211,,5.913449287414551,1316.7312,1200 - 1700,20 - 50mm,,1.9808397405348686,-5.025027263859656,-4.424132335881147,,-38.262479770878706,,4.483979811541735,-11.375034710031287,-10.014803152285019,,-86.61386548404826
2022-06-21,1.0,23900,4.575652271603994,3.495988845825196,,1.6243826150894165,2.400476217269897,,0.0355315878987312,676.77152,600 - 1200,< 20mm,,-1.079663425778798,-2.9512696565145777,-2.175176054334097,,-4.540120683705263,,-23.59583643361785,-64.4994304927811,-47.538054144389555,,-99.22346398306453
2022-07-05,0.0,33800,17.915842009395043,17.846839904785156,,16.020421981811523,37.3210563659668,,1.4810032844543457,957.10784,600 - 1200,< 20mm,,-0.06900210460988632,-1.8954200275835191,19.405214356571754,,-16.434838724940697,,-0.3851457529805281,-10.579575476215762,108.31315852414689,,-91.73355467369208
2022-08-28,1.0,7900,0.3304659562788852,0.15022674202919,,0.915268898010254,0.4092303216457367,,0.0411710254848003,223.70272,< 600,< 20mm,,-0.1802392142496952,0.5848029417313688,0.0787643653668515,,-0.2892949307940849,,-54.54093253030536,176.9631426838548,23.83433569186808,,-87.5415229004541
2022-09-04,1.0,6880,0.9517257896524762,4.785675048828125,,0.0251357108354568,28.981876373291016,,0.002494553104043,194.819584,< 600,< 20mm,,3.8339492591756485,-0.9265900788170194,28.03015058363854,,-0.9492312365484332,,402.8417954898143,-97.35893351753816,2945.1918702207054,,-99.73789161424807
2022-09-15,0.0,8210,5.975464488693289,5.421223640441895,,2.21515154838562,13.584304809570312,,0.0339302867650985,232.480928,< 600,< 20mm,,-0.5542408482513936,-3.760312940307669,7.6088403208770234,,-5.9415342019281905,,-9.275276412404798,-62.929215752564396,127.33470904687645,,-99.4321732339084
2022-10-24,1.0,6650,15.481555240774568,30.926898956298828,,24.05827713012696,17.836992263793945,,0.2237394452095031,188.30671999999998,< 600,< 20mm,,15.44534371552426,8.576721889352392,2.355437023019377,,-15.257815795565065,,99.76609891779518,55.39961428916029,15.214472876831788,,-98.55479994270712
2022-10-31,2.0,15900,66.16189483008624,64.05664825439453,,69.74964141845703,53.64404678344727,,2.795119285583496,450.23712,< 600,50 - 100mm,,-2.1052465756917087,3.5877465883707913,-12.517848046638967,,-63.366775544502744,,-3.1819623381378372,5.422678110390683,-18.92002651796279,,-95.77533368298809
2022-11-05,3.0,40000,120.67822598002029,107.513916015625,,107.06495666503906,99.71379089355467,,21.10808753967285,1132.672,600 - 1200,> 100mm,,-13.164309964395287,-13.613269314981224,-20.964435086465613,,-99.57013844034743,,-10.908604147507765,-11.280634268882162,-17.372177056975072,,-82.50878535190968
2022-11-13,0.0,8830,0.9046604000986308,0.258878618478775,,0.0814194455742836,0.0007553100585937,,9.477124694967642e-05,250.037344,< 600,< 20mm,,-0.6457817816198558,-0.8232409545243472,-0.903905090040037,,-0.9045656288516811,,-71.38388963963155,-90.99999894265221,-99.91650899514211,,-99.9895241079482
2022-11-24,1.0,11000,38.218934551492616,32.80607604980469,,27.69105529785156,25.89246368408203,,3.318987846374512,311.4848,< 600,20 - 50mm,,-5.4128585016879285,-10.527879253641057,-12.326470867410585,,-34.899946705118104,,-14.162766610867056,-27.54623952024821,-32.252261901239166,,-91.31585460106739
2022-12-11,0.0,8540,45.08027281154866,35.19499969482422,,43.50458908081055,26.60167121887207,,1.440673589706421,241.825472,< 600,20 - 50mm,,-9.885273116724441,-1.5756837307381133,-18.47860159267659,,-43.63959922184224,,-21.928157263041303,-3.495284372667893,-40.990438700146335,,-96.80420392367867
2022-12-25,4.0,35900,109.48779051310702,108.11318969726562,,80.04995727539062,82.29622650146484,,7.556133270263672,1016.57312,600 - 1200,> 100mm,,-1.37460081584139,-29.43783323771639,-27.19156401164217,,-101.93165724284334,,-1.2554831999069647,-26.886863914010874,-24.835247733295898,,-93.09865215577703
2022-12-26,3.0,40500,130.0861718093916,115.08865356445312,,87.41647338867188,107.57587432861328,,7.598299026489258,1146.8304,600 - 1200,> 100mm,,-14.997518244938476,-42.669698420719726,-22.51029748077832,,-122.48787278290234,,-11.528910441698253,-32.80110239791004,-17.304143221126893,,-94.15902634322836
2022-12-27,2.0,52300,134.16898490548363,91.73323059082033,,85.12265014648438,96.37437438964844,,4.199542045593262,1480.96864,1200 - 1700,> 100mm,,-42.4357543146633,-49.04633475899925,-37.79461051583519,,-129.96944285989036,,-31.628587146692276,-36.5556427169441,-28.16940930309631,,-96.86996063318831
2023-01-06,2.0,17200,7.466853922864811,12.71369171142578,,14.711751937866213,14.875924110412598,,0.3330328166484833,487.04895999999997,< 600,< 20mm,,5.246837788560969,7.244898015001402,7.409070187547787,,-7.1338211062163275,,70.26838669622603,97.02745078240059,99.22613009556702,,-95.53985091862212
2023-01-07,1.0,16700,10.686620562382023,16.912353515625,,27.111068725585938,26.430381774902344,,0.3330328166484833,472.89056,< 600,< 20mm,,6.225732953242977,16.424448163203913,15.74376121252032,,-10.35358774573354,,58.25726586717397,153.69169390199573,147.32216906755292,,-96.88364703598823
2023-01-14,3.0,25900,67.1965458217873,55.83624267578125,,90.42495727539062,67.80255126953125,,6.369269847869873,733.40512,600 - 1200,50 - 100mm,,-11.360303146006046,23.22841145360333,0.6060054477439536,,-60.82727597391742,,-16.90608201221359,34.56786531142189,0.9018401769506834,,-90.52143265702692
2023-02-08,0.0,13100,52.744363320033365,44.015098571777344,,58.12032318115234,54.07933044433594,,7.334858894348144,370.95008,< 600,50 - 100mm,,-8.729264748256021,5.375959861118972,1.3349671243025725,,-45.40950442568522,,-16.550137680665628,10.192482234546329,2.531013818865314,,-86.09356823620578
2023-02-21,1.0,14700,72.8256816914159,58.512813568115234,,77.85456848144531,66.9890365600586,,6.615240097045898,416.25696,< 600,50 - 100mm,,-14.31286812330066,5.028886790029418,-5.836645131357301,,-66.21044159437,,-19.653599926394847,6.905375512086944,-8.014542391911833,,-90.9163361833307
2023-03-14,0.0,11800,50.55365947467172,53.15193939208984,,42.82291412353516,30.064924240112305,,3.056286096572876,334.13824,< 600,50 - 100mm,,2.598279917418118,-7.730745351136555,-20.488735234559414,,-47.49737337809884,,5.139647543655871,-15.29215774183429,-40.52868862010797,,-93.9543721892099
2023-04-07,1.0,11200,10.80924943033843,17.01049041748047,,24.281036376953125,13.695478439331056,,0.0501655265688896,317.14816,< 600,< 20mm,,6.2012409871420395,13.471786946614696,2.8862290089926272,,-10.75908390376954,,57.36976491389822,124.6320295727777,26.70147476560046,,-99.5359018506124
2023-04-10,1.0,18200,50.83885800485173,47.260379791259766,,49.46260070800781,52.8452377319336,,6.489254951477051,515.36576,< 600,50 - 100mm,,-3.578478213591964,-1.3762572968439173,2.006379727081871,,-44.34960305337468,,-7.03886427435183,-2.707097190720878,3.9465475933593854,,-87.23563981146516
2023-04-24,0.0,14500,30.79910206008991,25.044893264770508,,19.33429718017578,13.626181602478027,,1.2129411697387695,410.5936,< 600,20 - 50mm,,-5.754208795319403,-11.46480487991413,-17.172920457611884,,-29.58616089035114,,-18.683040772074396,-37.22447770570056,-55.75786081070492,,-96.06176450413298
2023-07-25,2.0,8110,16.12242600451763,14.774773597717283,,10.582982063293455,6.278547763824463,,0.3805025517940521,229.649248,< 600,< 20mm,,-1.3476524068003481,-5.539443941224176,-9.843878240693169,,-15.74192345272358,,-8.35886861209799,-34.35862530658835,-61.05705331154775,,-97.63991751807431
2023-08-06,0.0,6930,0.0158468448771982,0.4271576702594757,,0.1211320534348487,3.8397085666656494,,0.0263475012034177,196.235424,< 600,< 20mm,,0.41131082538227753,0.1052852085576505,3.823861721788451,,0.010500656326219503,,2595.537651624942,664.3922457343159,24130.11392122953,,66.26338812294901
2023-08-12,1.0,6680,1.9177848507452533,0.0,,0.7803962230682373,0.3651945292949676,,5.228758163866587e-05,189.156224,< 600,< 20mm,,-1.9177848507452533,-1.137388627677016,-1.5525903214502856,,-1.9177325631636146,,-100.0,-59.30741538786405,-80.95748179713421,,-99.99727354287847
2023-08-31,0.0,6650,20.08341919680204,17.470943450927734,,21.127805709838867,33.5057373046875,,2.2413620948791504,188.30671999999998,< 600,20 - 50mm,,-2.612475745874306,1.0443865130368266,13.42231810788546,,-17.84205710192289,,-13.008122373357125,5.200242562297999,66.83283347500283,,-88.83973852800897
2023-09-26,4.0,7310,49.50169661192376,50.00926971435547,,32.349998474121094,33.95186233520508,,4.937315940856934,206.995808,< 600,20 - 50mm,,0.5075731024317065,-17.15169813780267,-15.549834276718684,,-44.56438067106683,,1.0253650625571578,-34.648707643833035,-31.412729948680397,,-90.02596622179682
2023-10-03,1.0,5920,4.153159160671037,4.177041530609131,,8.31952953338623,6.20527982711792,,0.3605871200561523,167.635456,< 600,< 20mm,,0.023882369938093895,4.1663703727151935,2.052120666446883,,-3.7925720406148846,,0.5750410474092006,100.31810030709303,49.41107689490321,,-91.31776303035082
2023-10-08,2.0,5650,0.0868590801850096,0.0,,3.667736746137962e-05,0.0,,0.0,159.98991999999998,< 600,< 20mm,,-0.0868590801850096,-0.08682240281754822,-0.0868590801850096,,-0.0868590801850096,,-100.0,-99.95777370957273,-100.0,,-100.0
2023-10-16,3.0,6190,9.894550220234953,40.59428024291992,,20.903461456298828,16.937063217163086,,0.7731156945228577,175.280992,< 600,< 20mm,,30.699730022684967,11.008911236063875,7.042512996928133,,-9.121434525712095,,310.26908085121613,111.26237161897453,71.17567590415347,,-92.18644933509165
2023-10-18,4.0,9680,38.45849827222569,37.092166900634766,,23.244346618652344,31.00194931030273,,0.2439532130956649,274.106624,< 600,20 - 50mm,,-1.366331371590924,-15.214151653573346,-7.456548961922959,,-38.214545059130025,,-3.5527423923821635,-39.55992131019022,-19.388559868204727,,-99.36567150550482
2023-10-20,3.0,8630,7.50430247692819,3.2427027225494385,,1.5837042331695557,9.203563690185549,,0.0761579498648643,244.373984,< 600,< 20mm,,-4.261599754378752,-5.920598243758635,1.6992612132573583,,-7.428144527063326,,-56.788752418775026,-78.89605012539647,22.643826238104058,,-98.98514285506201
2023-10-26,0.0,6890,22.32277132761738,22.390300750732425,,17.056865692138672,9.510838508605955,,0.0768920630216598,195.102752,< 600,20 - 50mm,,0.06752942311504384,-5.26590563547871,-12.811932819011426,,-22.24587926459572,,0.30251361770434615,-23.589838188969907,-57.39400646532048,,-99.65554427856128
2023-11-02,2.0,9240,21.15753256811966,62.780853271484375,,47.10418701171875,44.39643859863281,,9.803921784623526e-06,261.647232,< 600,20 - 50mm,,41.62332070336471,25.94665444359909,23.238906030513153,,-21.157522764197875,,196.73050517281524,122.63554060503121,109.8375056528554,,-99.99995366226307
2023-11-05,3.0,26600,107.64047171326484,63.134525299072266,,60.59578704833984,69.49874877929688,,3.2583320140838623,753.2268799999999,600 - 1200,> 100mm,,-44.50594641419258,-47.04468466492501,-38.14172293396797,,-104.38213969918098,,-41.34685189112561,-43.705386938700634,-35.43436992321138,,-96.972948964063
2023-11-11,1.0,14200,23.25741451514969,55.85182189941406,,58.75397872924805,71.77132415771484,,9.357291221618652,402.09856,< 600,20 - 50mm,,32.59440738426437,35.496564214098356,48.51390964256515,,-13.900123293531038,,140.1463063017286,152.6247218536531,208.59545505784226,,-59.76641678926353
2023-11-22,1.0,9060,16.378504555219376,9.104570388793944,,8.981107711791992,11.017181396484377,,0.6111955642700195,256.550208,< 600,< 20mm,,-7.273934166425432,-7.397396843427384,-5.361323158734999,,-15.767308990949356,,-44.41146712693883,-45.16527634429261,-32.73389912161726,,-96.26830665638977
2023-11-28,0.0,7920,6.883365026876388e-06,0.0,,3.0331084417412058e-05,0.0,,0.0,224.269056,< 600,< 20mm,,-6.883365026876388e-06,2.3447719390535668e-05,-6.883365026876388e-06,,-6.883365026876388e-06,,-100.0,340.6432653067659,-100.0,,-100.0
2023-12-05,3.0,41300,105.2209846396747,127.4143524169922,,145.82460021972656,124.40811920166016,,17.80622673034668,1169.4838399999999,600 - 1200,> 100mm,,22.193367777317505,40.603615580051866,19.18713456198546,,-87.41475790932802,,21.092149872307182,38.588895284621614,18.235083645806093,,-83.07730459724985
2023-12-10,1.0,21300,54.50110504207829,51.703407287597656,,51.75894546508789,54.52290725708008,,9.951333999633787,603.14784,600 - 1200,50 - 100mm,,-2.7976977544806303,-2.742159576990396,0.02180221500179158,,-44.5497710424445,,-5.133286292673573,-5.03138344602972,0.04000325311745311,,-81.7410417789681
2023-12-16,0.0,13200,7.111818353373052,5.312390327453613,,4.448854923248291,4.26175594329834,,1.3027828931808472,373.78176,< 600,< 20mm,,-1.7994280259194388,-2.662963430124761,-2.8500624100747123,,-5.809035460192205,,-25.301940186169002,-37.44419918798613,-40.075016943071404,,-81.68143745455826
2023-12-28,3.0,12800,31.85874949056605,20.74839782714844,,30.228116989135746,37.957916259765625,,1.8505282402038568,362.45504,< 600,20 - 50mm,,-11.11035166341761,-1.6306325014303056,6.099166769199574,,-30.008221250362194,,-34.87378456805904,-5.118319229426017,19.144401041245033,,-94.19145989784742
2024-01-09,1.0,12400,40.68418925596013,66.10269165039062,,75.26976013183594,84.08523559570312,,,351.12832,< 600,20 - 50mm,,25.418502394430497,34.58557087587581,43.401046339743,,,,62.47759353028462,85.00985642920023,106.67791870372557,,
2024-01-20,1.0,10900,41.03690823599212,24.17253494262696,,12.402771949768066,28.23146629333496,,,308.65312,< 600,20 - 50mm,,-16.864373293365162,-28.634136286224056,-12.805441942657161,,,,-41.095623472369624,-69.77654388960521,-31.204694732401723,,
2024-01-27,2.0,17000,38.44763863206366,52.04810333251953,,48.72724151611328,48.542293548583984,,,481.3856,< 600,20 - 50mm,,13.600464700455873,10.279602884049623,10.094654916520327,,,,35.373992225139354,26.73662999806933,26.25559143729005,,
2024-01-29,3.0,48300,72.40741103180963,57.88333511352539,,67.28499603271484,51.77409744262695,,,1367.70144,1200 - 1700,50 - 100mm,,-14.52407591828424,-5.1224149990947865,-20.633313589182677,,,,-20.0588250723446,-7.074434682997345,-28.496134988334497,,
2024-01-30,4.0,40200,60.43036321648904,31.66994285583496,,45.37529373168945,29.78365707397461,,,1138.33536,600 - 1200,50 - 100mm,,-28.76042036065408,-15.055069484799589,-30.646706142514432,,,,-47.59266506080921,-24.913087864233884,-50.71408562070692,,
2024-02-13,0.0,12800,26.21188672882172,19.423301696777344,,37.49171829223633,33.24074935913086,,3.020111322402954,362.45504,< 600,20 - 50mm,,-6.788585032044377,11.279831563414607,7.028862630309138,,-23.191775406418767,,-25.89887978029401,43.03326837976786,26.815553962319065,,-88.47808494806999
2024-02-29,1.0,19500,83.03055249049149,82.21961975097656,,91.42266845703124,89.6683349609375,,8.163849830627441,552.1776,< 600,50 - 100mm,,-0.8109327395149251,8.392115966539748,6.637782470446012,,-74.86670265986405,,-0.9766678833165559,10.107262585661825,7.994385525985943,,-90.16765565716024
2024-03-09,1.0,9370,4.194492056238622,13.286059379577637,,8.228690147399902,11.38061809539795,,0.0313278958201408,265.328416,< 600,< 20mm,,9.091567323339014,4.03419809116128,7.186126039159327,,-4.163164160418481,,216.75013807254183,96.17846540348239,171.3229144985777,,-99.2531182464979
2024-04-10,0.0,13000,32.91705159913173,21.063745498657227,,30.283897399902344,30.3028564453125,,13.10484218597412,368.1184,< 600,20 - 50mm,,-11.853306100474505,-2.633154199229388,-2.6141951538192316,,-19.81220941315761,,-36.009622747582796,-7.999362249378507,-7.941765822939583,,-60.188286771346824
2024-06-02,1.0,12700,3.638828019487721,29.3331241607666,,17.299970626831055,11.466863632202148,,2.170426368713379,359.62336,< 600,< 20mm,,25.69429614127888,13.661142607343333,7.8280356127144275,,-1.468401650774342,,706.1146062323703,375.4269928169501,215.1251878569537,,-40.353697479252276
2024-06-04,2.0,26700,54.92246610239633,54.55078506469727,,71.19754028320312,59.81916046142578,,5.800698280334473,756.0585599999999,600 - 1200,50 - 100mm,,-0.37168103769905514,16.275074180806797,4.896694359029453,,-49.121767822061855,,-0.676737706945097,29.63281756224107,8.915649107780697,,-89.43838707184094
2024-06-29,0.0,15000,23.07670704097402,9.622756958007812,,14.799957275390623,18.09271049499512,,0.9079666137695312,424.752,< 600,20 - 50mm,,-13.453950082966209,-8.276749765583398,-4.983996545978901,,-22.16874042720449,,-58.30099614766503,-35.866251414846815,-21.597520552345394,,-96.06544117339885
2024-08-20,1.0,7120,15.060348379384022,7.309079170227051,,11.16059684753418,11.01179313659668,,0.3999938070774078,201.615616,< 600,< 20mm,,-7.7512692091569715,-3.8997515318498426,-4.048555242787343,,-14.660354572306614,,-51.46806045846599,-25.894165484167537,-26.882215077636413,,-97.34406006420838
2024-08-26,1.0,7960,44.8007995319322,25.418460845947266,,26.862939834594727,42.55336380004883,,4.338754177093506,225.401728,< 600,20 - 50mm,,-19.382338685984934,-17.937859697337473,-2.247435731883371,,-40.46204535483869,,-43.263376744359185,-40.03915082933306,-5.016508087721715,,-90.31545369184535
2024-09-15,0.0,6830,7.311487956208611,6.596418380737305,,10.916706085205078,3.0650877952575684,,0.1032592058181762,193.403744,< 600,< 20mm,,-0.7150695754713059,3.6052181289964675,-4.246400160951042,,-7.208228750390434,,-9.780082792369214,49.308952576952095,-58.07846756206685,,-98.58771283715933
2024-09-27,2.0,7860,39.77449306720568,42.32642364501953,,21.322019577026367,21.7200870513916,,4.547557830810547,222.57004799999999,< 600,20 - 50mm,,2.551930577813849,-18.452473490179315,-18.05440601581408,,-35.226935236395136,,6.415997743835311,-46.392730786036076,-45.391919855039085,,-88.56664791898999
2024-10-02,1.0,8160,2.6785764179645346,1.6744463443756104,,,4.782523155212402,,0.0193148236721754,231.065088,< 600,< 20mm,,-1.0041300735889243,,2.1039467372478677,,-2.659261594292359,,-37.48745291918789,,78.54719854685605,,-99.27891459274278
2024-10-14,2.0,8120,0.0962208386245281,5.001501083374023,,,2.6134190559387207,,0.0007069716812111,229.932416,< 600,< 20mm,,4.905280244749496,,2.5171982173141925,,-0.095513866943317,,5097.939609413327,,2616.06347782602,,-99.26526135989124
2024-10-20,4.0,30200,85.71691444188261,86.34120178222656,,,124.83300018310548,,11.304898262023926,855.16736,600 - 1200,50 - 100mm,,0.6242873403439546,,39.116085741222875,,-74.41201617985868,,0.7283128941455669,,45.6340338379121,,-86.81135650340188
2024-10-26,2.0,11000,5.087932763438353,42.17617034912109,,,18.84175491333008,,0.5747228860855103,311.4848,< 600,< 20mm,,37.088237585682734,,13.753822149891729,,-4.513209877352843,,728.9451199551432,,270.3224038007352,,-88.70419652131723
2024-10-27,1.0,19300,37.57546672725618,71.13831329345703,,,47.5034065246582,,10.450281143188477,546.51424,< 600,20 - 50mm,,33.562846566200854,,9.927939797402026,,-27.1251855840677,,89.32117013959888,,26.421334615653834,,-72.18855265579937
2024-11-05,1.0,19100,44.676127110453,36.05942535400391,,,43.99418258666992,,3.3833911418914795,540.85088,< 600,20 - 50mm,,-8.616701756449089,,-0.6819445237830806,,-41.29273596856152,,-19.28703832171033,,-1.5264181742905016,,-92.42684771326148
2024-11-11,1.0,16200,19.47158515499059,45.513031005859375,,,37.27842712402344,,7.728209972381592,458.73216,< 600,< 20mm,,26.041445850868786,,17.80684196903285,,-11.743375182608997,,133.7407593864762,,91.4503972187849,,-60.31031931470231
2024-11-13,2.0,23700,68.16248834292702,87.55487060546875,,,84.19503784179688,,14.978249549865724,671.10816,600 - 1200,50 - 100mm,,19.39238226254173,,16.032549498869855,,-53.1842387930613,,28.450226413358354,,23.521074257456295,,-78.02567084330929
2024-11-16,1.0,22000,67.87804951896088,39.41763687133789,,,37.55229187011719,,5.559813022613525,622.9696,600 - 1200,50 - 100mm,,-28.460412647622988,,-30.32575764884369,,-62.31823649634735,,-41.92874257483331,,-44.676825371024506,,-91.80911493183011
2024-11-19,2.0,20900,70.84601816666057,47.80654144287109,,,63.56381988525391,,8.16055679321289,591.82112,< 600,50 - 100mm,,-23.039476723789484,,-7.282198281406657,,-62.68546137344768,,-32.52049631016755,,-10.278909767766718,,-88.481276711959
2024-11-23,1.0,17300,22.344261381825,20.994855880737305,,,26.492197036743164,,6.617375373840332,489.88063999999997,< 600,20 - 50mm,,-1.3494055010876949,,4.1479356549181645,,-15.726886007984668,,-6.039159129177177,,18.563762677302588,,-70.38445236223848
2024-11-29,0.0,13200,2.052265723704961,0.5115205645561218,,,2.532690048217773,,0.0054912851192057,373.78176,< 600,< 20mm,,-1.5407451591488392,,0.4804243245128119,,-2.0467744385857554,,-75.07532486423482,,23.409460040364586,,-99.73242816191987
2024-12-07,3.0,14300,12.220839376887218,65.95403289794922,,,43.66817855834961,,6.857761383056641,404.93023999999997,< 600,< 20mm,,53.733193521062,,31.44733918146239,,-5.3630779938305775,,439.68496650635495,,257.3255257812935,,-43.884694237726016
2024-12-14,1.0,13200,13.096497117675286,29.64413070678711,,,35.10425567626953,,1.5463645458221436,373.78176,< 600,< 20mm,,16.547633589111825,,22.007758558594247,,-11.550132571853142,,126.35159951876611,,168.0430909185033,,-88.19253322527639
2024-12-18,2.0,28000,61.01419690291239,78.36768341064453,,,70.65074920654297,,13.25270938873291,792.8704,600 - 1200,50 - 100mm,,17.353486507732143,,9.63655230363058,,-47.76148751417948,,28.44171912210125,,15.793950904515796,,-78.27930209452562
2024-12-20,1.0,23500,78.3772236719642,40.16264343261719,,,79.07949829101562,,13.396808624267578,665.4448,600 - 1200,50 - 100mm,,-38.214580239347015,,0.7022746190514226,,-64.98041504769662,,-48.757251723138666,,0.8960187490063246,,-82.90726821309995
2024-12-26,2.0,21600,41.65539195102214,57.15559005737305,,,87.78068542480469,,3.84369707107544,611.64288,600 - 1200,20 - 50mm,,15.500198106350908,,46.12529347378255,,-37.8116948799467,,37.21054437460542,,110.73066729996457,,-90.77263016611437
