date,discharge_cfs,gage_height_ft,ar_scale_47.5N_124.5W,ar_scale_48.0N_124.5W,ar_scale_48.5N_124.5W,ar_scale,prism_3d_tot,prism_3d_max,pnnl_3d_tot,pnnl_3d_max,daymet_3d_tot,daymet_3d_max,conus_3d_tot,conus_3d_max,ucla_3d_tot,ucla_3d_max,gridmet_3d_tot,gridmet_3d_max,hrrr_3d_tot,hrrr_3d_max,ornl_mean_3d_tot,ornl_mean_3d_max,ornl_median_3d_tot,ornl_median_3d_max
1981-01-03,26800,,0.0,0.0,0.0,0.0,0.5191701718362984,0.48924282962682497,0.891582190990448,0.7433966398239136,0.012323112227022648,0.012323112227022648,6.188101542647928e-05,2.032493648584932e-05,0.01644212380051613,0.01610705256462097,0.23132295719844365,0.10058365758754861,,,31.7378861105,16.1684145,11.0179083455,5.924777980499999
1981-01-09,17600,,1.0,1.0,0.0,1.0,1.8792256211760021,1.8044397703177841,8.991935729980469,8.370833396911621,2.748241901397705,1.8969229459762573,2.43099308013916,2.4309186935424805,9.246622085571289,9.151442527770996,3.156809338521402,2.7891050583657577,,,28.62128360366666,11.041959666666665,24.5725103,10.245786500000001
1981-01-13,13200,,0.0,0.0,0.0,0.0,0.0,0.0,0.0011605804320424795,0.0009314405615441501,0.0,0.0,1.1086535245397044e-08,1.1086535245397044e-08,0.003929293714463711,0.003929293714463711,0.10875486381322937,0.10875486381322937,,,33.04755424333334,16.592347093333334,20.579758899999998,7.4997643
1981-01-21,12300,,3.0,2.0,1.0,3.0,14.616831714551171,9.149193098814445,28.581405639648438,14.974190711975098,16.42096519470215,7.687715530395508,14.401647567749023,10.94775676727295,12.541755676269531,8.34594440460205,19.023346303501953,16.38229571984436,,,21.688283770833333,8.604779616666667,10.6283522,5.4361517
1981-01-22,14500,,2.0,2.0,1.0,2.0,16.7739082032507,9.149193098814445,22.891014099121094,9.723273277282715,21.83319854736328,7.687715530395508,28.168869018554688,15.07817554473877,27.41371726989746,18.64692497253418,29.884435797665375,16.38229571984436,,,21.896250062500002,8.604779616666667,6.32897571,5.4361517
1981-01-29,12200,,0.0,0.0,0.0,0.0,24.634135758899596,17.1827112785033,21.47988510131836,7.993821144104004,15.238115310668945,6.7541913986206055,21.294635772705078,9.478150367736816,31.345829010009766,10.827213287353516,11.288715953307399,5.683852140077823,,,32.403451718999996,12.828674833333332,28.21921915,10.959935
1981-02-13,12700,,1.0,1.0,0.0,1.0,53.2721395495808,28.586391959545946,65.80339050292969,42.0046272277832,71.44988250732422,24.285417556762695,44.04479217529297,24.443008422851562,36.57292175292969,29.55375862121582,76.42529182879379,38.475291828793765,,,31.69992405,14.470674483333333,29.45425745,11.414495800000001
1981-02-17,43700,,3.0,3.0,3.0,3.0,132.03294484610768,61.337774570311915,170.57778930664062,64.10701751708984,100.78719329833984,39.33409118652344,139.84957885742188,59.945098876953125,147.93295288085938,61.65949249267578,130.92937743190657,58.5881322957198,,,23.406224316666666,10.644808766666667,17.75534915,9.717288
1981-02-18,38900,,2.0,0.0,0.0,2.0,133.96922969407834,61.337774570311915,146.63841247558594,64.10701751708984,91.41129302978516,38.26824951171875,127.65185546875,59.945098876953125,129.6432342529297,61.65949249267578,123.32159533073937,58.5881322957198,,,18.556839883333332,7.80969735,15.991023900000002,7.95296275
1981-04-10,16500,,0.0,0.0,0.0,0.0,57.66507839085267,33.051497128451985,56.955482482910156,26.680967330932617,41.56830596923828,21.45064353942871,52.966434478759766,27.33353614807129,54.59730529785156,24.816322326660156,60.51809338521403,39.01750972762649,,,11.372315996366666,4.192692208533333,5.3138224,2.2028677500000002
1981-04-24,30200,,3.0,3.0,2.0,3.0,58.39638242228081,22.59804396123321,60.81867599487305,33.53338623046875,28.209613800048828,13.938790321350098,54.420265197753906,33.35084915161133,49.50882339477539,30.215147018432617,51.38735408560308,30.020622568093362,,,6.611322028616667,2.8070693450000004,4.03093489,2.33013065
1981-04-29,32400,,3.0,3.0,3.0,3.0,62.70862722279857,42.78598282122931,45.469749450683594,39.20988845825195,48.01335525512695,27.079988479614258,50.56010437011719,41.919219970703125,74.48588562011719,57.290679931640625,58.38132295719846,32.17529182879379,,,16.397569012833333,7.722746011166667,13.460292514999999,6.8626985
1981-05-26,23600,,0.0,0.0,0.0,0.0,23.427676882464382,15.377600403634357,27.549592971801758,16.350276947021484,16.937410354614258,9.93531322479248,17.921329498291016,11.48797607421875,16.615800857543945,9.602949142456055,25.77178988326846,14.474319066147846,,,7.796563757666666,3.4497903809999997,5.359077555000001,3.31879085
1981-06-05,17300,,1.0,1.0,0.0,1.0,17.78971511255558,12.50353728471249,31.199954986572266,14.477150917053223,33.837135314941406,21.024747848510742,27.371688842773438,14.35586929321289,34.50646209716797,20.790578842163086,52.0274319066148,23.76867704280155,,,15.091130803646665,6.091126998646666,9.55308755,4.8847735
1981-06-11,22900,,0.0,0.0,0.0,0.0,49.10188521914911,31.670382346523425,36.420684814453125,21.584957122802734,18.00667953491211,8.239741325378418,33.07246398925781,16.752866744995117,35.6302490234375,16.595733642578125,15.206809338521404,7.785797665369648,,,13.388733288833334,5.1302865833333335,13.701167264999999,5.8596810999999995
1981-06-19,28400,,2.0,1.0,0.0,2.0,48.40596371957494,27.48043407764763,58.23676681518555,29.241397857666016,37.79615020751953,21.67188262939453,39.98277282714844,15.579122543334961,34.83646011352539,14.537302017211914,51.908560311284035,29.664785992217887,,,2.490451032666667,1.014303241,0.3323029475,0.217499435
1981-06-21,29300,,2.0,1.0,0.0,2.0,44.09418169262304,27.48043407764763,45.145263671875,29.241397857666016,23.020418167114258,9.119243621826172,27.988525390625,15.579122543334961,23.087902069091797,14.086678504943848,21.944357976653713,9.324708171206234,,,3.2689008445,1.3247862178333334,0.5720402585000001,0.5248447900000001
1981-07-14,18200,,0.0,0.0,0.0,0.0,20.546288725761315,11.005588908040501,9.585686683654785,8.128751754760742,18.995641708374023,11.36670970916748,18.499027252197266,14.61642074584961,13.285721778869629,5.871830463409424,18.570233463035017,18.493190661478597,,,1.9762082656666664,1.5834695666666665,0.452283357,0.4180739
1981-09-01,11000,,1.0,2.0,2.0,2.0,37.42299614974607,35.0626749290335,26.754667282104492,22.66689109802246,35.829132080078125,24.866573333740234,23.40536880493164,19.658620834350586,36.75456237792969,27.203414916992188,34.79027237354085,19.263618677042793,,,13.391509073166667,5.4662746198333325,7.291369385,4.07877604
1981-09-05,9750,,0.0,0.0,0.0,0.0,2.7670152952026905,2.0972485647812382,2.3252596855163574,2.089879035949707,2.4773902893066406,1.9081944227218628,1.962483286857605,1.8551623821258545,2.8703951835632324,2.642606496810913,2.009143968871598,1.1756809338521415,,,16.41197634266667,7.742444883333334,5.195737072,3.57409465
1981-09-17,7700,,2.0,2.0,0.0,2.0,0.05269407187535091,0.05269407187535091,0.00338007602840662,0.001991773722693324,0.0,0.0,0.0,0.0,0.026934321969747543,0.026934321969747543,1.136575875486381,0.8531128404669258,,,5.240317741066668,3.489972013733334,0.253972237,0.22415509
1981-09-21,7810,,0.0,1.0,1.0,1.0,25.840514332188263,14.824634790420532,41.05651092529297,26.167552947998047,22.986156463623047,10.002228736877441,33.68549346923828,27.342153549194336,32.768985748291016,26.365333557128906,42.758171206225654,18.53171206225681,,,6.133969288866666,2.2925431745833333,3.071897925,1.12154659
1981-09-27,6760,,1.0,1.0,0.0,1.0,8.265986607686472,5.5744875612495965,28.115615844726562,24.78900718688965,26.699222564697266,17.648710250854492,14.239336967468262,13.061126708984375,13.353759765625,11.866316795349121,49.70739299610892,38.738132295719815,,,10.686323051499999,6.285688740166666,6.0534704975,4.19716835
1981-09-30,13200,,2.0,2.0,2.0,2.0,51.810728495170395,27.0250554458589,26.337432861328125,18.294919967651367,24.959205627441406,14.821914672851562,34.477210998535156,21.94722557067871,30.05624008178711,15.080123901367188,19.29221789883269,10.746108949416351,,,8.067649959333334,3.4297123476666673,2.577202318,1.6607025499999999
1981-10-07,32900,,2.0,2.0,0.0,2.0,70.62935562810753,44.113952210026994,99.85237121582031,61.367347717285156,59.64521789550781,27.26326560974121,81.44534301757812,48.15675735473633,78.06880950927734,41.80490493774414,82.5239299610895,49.93365758754865,,,15.391049090028332,7.489095133333333,5.849852185,2.6242710849999997
1981-10-11,15000,,0.0,0.0,0.0,0.0,17.082739957783684,15.313913955971115,18.807010650634766,17.09444808959961,2.5089633464813232,2.4438586235046387,18.594850540161133,17.13667869567871,23.751073837280273,20.5386962890625,4.619455252918291,4.339299610894944,,,12.961431099999999,4.921819383333333,5.064665659999999,2.6003913499999998
1981-10-28,19300,,2.0,2.0,2.0,2.0,64.39417403822375,30.75783943127036,48.49394226074219,25.635238647460938,56.57339096069336,24.5173397064209,66.6282730102539,35.78068923950195,59.789649963378906,24.84346580505371,65.42976653696495,27.116147859922147,,,28.55955051966667,14.273170100000002,22.277419925,10.5685798
1981-10-31,18200,,3.0,4.0,4.0,4.0,40.61621036127421,27.418990474813985,65.42373657226562,46.470516204833984,44.15880584716797,22.768169403076172,45.63847732543945,21.54242706298828,55.10226821899414,34.248477935791016,31.090272373540856,18.202140077820996,,,19.670167876666667,9.251775870000001,12.877610575,7.33024745
1981-11-03,13400,,1.0,1.0,1.0,1.0,3.773063089790706,2.0151606066371484,8.17568588256836,4.618008136749268,6.255123138427734,3.1984641551971436,6.050263404846191,3.763371467590332,3.9525234699249268,3.8325612545013428,3.3892996108949425,3.0342412451361875,,,18.819386871433334,7.1162930904333335,4.8333613013,3.1447092713
1981-11-12,16700,,4.0,3.0,3.0,4.0,50.59818352276618,45.89720073028914,53.80734634399414,30.07206916809082,48.72264099121094,32.2861442565918,52.5811767578125,28.86309814453125,81.55029296875,55.30845260620117,55.65856031128403,36.43463035019454,,,23.165818068333333,9.488073913333332,8.704952455,4.849586185000001
1981-11-14,15300,,1.0,1.0,0.0,1.0,60.98153914588487,45.89720073028914,59.81909942626953,27.320293426513672,38.245689392089844,19.649614334106445,59.626487731933594,30.400484085083008,61.888389587402344,27.647077560424805,48.83618677042804,27.111673151751,,,13.623521221333336,6.249755926666668,3.6545834050000003,2.0910792000000002
1981-11-20,16700,,1.0,1.0,0.0,1.0,37.37936904517948,24.832680685342385,24.385231018066406,11.1953763961792,23.02977752685547,12.91409969329834,39.05583190917969,23.079856872558594,30.45355987548828,13.199380874633789,16.78054474708171,6.804085603112841,,,41.69995962516667,16.624363828499998,38.659482,13.353255
1981-11-25,16000,,0.0,0.0,0.0,0.0,18.540043982613945,11.484820272509957,14.58793830871582,5.5346198081970215,14.91901683807373,8.504324913024902,6.578714370727539,3.662745714187622,32.999847412109375,23.22031021118164,12.608949416342398,9.06284046692606,,,37.5933956645,14.174531516666669,20.4588202,9.251953
1981-12-02,21300,,1.0,1.0,1.0,1.0,103.3382677703697,49.765460898725756,71.12393951416016,34.700927734375,88.73285675048828,42.390411376953125,74.03463745117188,34.937374114990234,68.41190338134766,30.466453552246094,87.29727626459145,34.65836575875487,,,51.37334996366667,20.368502333333335,41.131405,17.03172
1981-12-04,17700,,3.0,3.0,2.0,3.0,58.81407083214099,49.765460898725756,44.28070068359375,28.595922470092773,63.06086730957031,29.89698028564453,42.720916748046875,30.70194435119629,45.92149353027344,25.794069290161133,57.36070038910505,30.008171206225686,,,63.78314078333334,27.12726458333333,51.8779665,26.850082999999998
1981-12-08,22000,,3.0,0.0,0.0,3.0,63.041523949821865,32.29541878946425,36.029029846191406,19.488643646240234,28.79576873779297,14.182649612426758,30.040302276611328,18.341716766357422,35.635215759277344,25.759082794189453,32.912451361867696,15.734241245136182,,,38.07801325,13.986628500000002,33.478480250000004,19.259854500000003
1981-12-19,19100,,3.0,3.0,2.0,3.0,33.81247038544417,31.205284920978727,72.4447021484375,43.730770111083984,55.40272521972656,28.22730827331543,38.52663803100586,35.34263610839844,50.00782012939453,38.15201187133789,45.217120622568075,29.433463035019443,,,40.37964766666667,18.918060426666667,34.89246585,15.9101735
1981-12-27,12800,,0.0,0.0,0.0,0.0,29.290543027131335,14.556154868342908,28.070053100585938,12.785576820373535,30.75159454345703,11.47527027130127,21.376548767089844,11.927206993103027,33.25700759887695,16.744455337524414,22.455836575875505,11.017509727626472,,,29.699047238166667,13.808215858333334,22.7284289,11.186432
1982-01-16,15500,,2.0,1.0,0.0,2.0,61.96315675894115,26.88478585456571,102.46150970458984,58.856201171875,75.78228759765625,39.815120697021484,87.85359954833984,52.319068908691406,98.40984344482422,52.815757751464844,99.12937743190662,49.96556420233465,,,25.071975966666667,8.553683883333333,15.0326304,7.632334650000001
1982-01-24,36900,,3.0,3.0,3.0,3.0,143.45411833340077,79.76254863629606,110.29814910888672,64.19615173339844,120.28987121582031,63.0745735168457,134.6549530029297,78.1638412475586,126.55717468261719,74.1458740234375,166.88813229571988,89.47529182879376,,,15.115839162333337,7.9841171000000015,7.172139035000001,3.779028185
1982-01-25,28000,,2.0,2.0,2.0,2.0,144.13291757449775,79.76254863629606,111.79315948486328,64.19615173339844,96.93919372558594,63.0745735168457,140.76199340820312,78.1638412475586,135.7167205810547,74.1458740234375,128.5632295719844,89.47529182879376,,,17.411295346833334,10.279573284500001,8.754674585,3.779028185
1982-02-01,19700,,0.0,0.0,1.0,1.0,73.26611667472592,34.05622180150982,79.35169219970703,37.00955581665039,43.39240264892578,22.709239959716797,73.18373107910156,37.55160903930664,87.06510925292969,41.57986068725586,45.83035019455254,21.329961089494166,,,22.41721189245,9.351446783333332,10.764211997,4.8123535
1982-02-08,15900,,0.0,0.0,0.0,0.0,0.6214971332581549,0.27931548807241136,0.13450872898101807,0.11419118940830231,0.0014916325453668833,0.0014916325453668833,0.11743263900279999,0.11640406399965286,0.2606232464313507,0.26016485691070557,0.0,0.0,,,27.513764242133334,10.563048533333333,19.64540555,7.652106
1982-02-15,53900,,3.0,1.0,0.0,3.0,175.38761963450082,70.91577641321186,207.29641723632812,76.23333740234375,120.70625305175781,54.21046447753906,189.71173095703125,72.30269622802734,167.34786987304688,72.72826385498047,189.18307392996115,107.91186770428016,,,19.46310689116167,7.928580421161667,11.199238350000002,6.502327
1982-02-18,38300,,2.0,1.0,1.0,2.0,69.97795802479999,41.894776412679406,90.1978988647461,43.6672248840332,52.72022247314453,26.35716438293457,84.71356201171875,39.3734245300293,90.73573303222656,34.7603645324707,82.77023346303503,29.975875486381337,,,13.448169000000002,4.9266365500000004,8.655952500000001,3.6655545500000004
1982-02-20,35000,,1.0,0.0,0.0,1.0,69.07930402893993,36.03836137888308,98.28875732421875,53.86357498168945,65.45292663574219,26.35716438293457,71.77449035644531,34.69441223144531,90.02864074707031,37.84314727783203,76.38035019455252,27.199027237354088,,,24.634318681666667,14.063502481666667,17.73619185,8.688339000000001
1982-02-24,24300,,0.0,0.0,0.0,0.0,12.77268258738643,5.933376667604391,20.02056884765625,9.07306957244873,20.994415283203125,9.026447296142578,15.64248275756836,6.0106401443481445,23.098834991455078,10.054698944091797,9.753696498054463,6.68618677042801,,,27.792415254999995,15.777914058333332,18.119817875000003,9.70672815
1982-03-01,18200,,2.0,2.0,1.0,2.0,42.45882214754566,24.982196915212725,61.89247131347656,49.60681915283203,35.14422607421875,18.732131958007812,52.69712448120117,36.42517852783203,59.41016387939453,46.11881637573242,42.149610894941645,28.019649805447493,,,39.10031307833333,13.732836888333333,22.182089599999998,7.8792497
1982-03-13,18500,,0.0,0.0,0.0,0.0,67.74941114480136,29.250357602340085,73.28235626220703,39.507320404052734,49.6802864074707,23.99321937561035,52.17689514160156,21.63687515258789,57.93647766113281,22.326026916503906,59.22412451361866,35.457782101167304,,,30.533793496999998,16.11997476366667,21.842154450000002,13.224072249999999
1982-06-26,34100,,2.0,1.0,1.0,2.0,3.195793498560776,2.8224646274501684,9.05455207824707,4.963159561157227,9.30955696105957,7.91306209564209,1.495274305343628,1.3635739088058472,3.069380760192871,1.809370517730713,8.34805447470817,7.798249027237353,,,9.906670010238333,4.355178221666666,3.3016059505,1.513355219
1982-06-28,31500,,1.0,0.0,0.0,1.0,13.786047798084152,7.685621415793782,18.71588897705078,12.94013786315918,15.581194877624512,7.91306209564209,4.232945919036865,2.7372336387634277,11.493346214294434,9.409308433532715,12.114396887159531,7.798249027237353,,,4.390426661483333,2.385669673983333,1.502916619,0.9838260664999999
1982-07-04,31100,,0.0,0.0,0.0,0.0,43.77248756518034,19.578145301610324,53.3962287902832,33.91242218017578,35.453330993652344,16.464235305786133,21.693344116210938,16.145580291748047,30.555828094482422,17.34638214111328,45.199221789883254,39.62451361867702,,,3.2191194727099997,2.1330511233333334,0.70383830813,0.42699917
1982-07-20,22600,,0.0,1.0,1.0,1.0,3.306713196174749,2.757145318463997,0.18118517100811005,0.1605193018913269,12.832645416259766,9.939676284790039,0.3441387712955475,0.3192257583141327,0.5481704473495483,0.4706738591194153,8.256031128404677,6.641050583657594,,,4.428014328333333,3.8607196666666668,4.86024568,4.57213725
1982-08-03,17000,,0.0,0.0,0.0,0.0,6.470810692512963,3.740430200826172,9.721745491027832,4.728141784667969,5.002631187438965,2.4384958744049072,2.5177738666534424,2.040782928466797,2.6194920539855957,1.7344506978988647,4.119455252918284,1.5145914396887128,,,0.6233010367499999,0.3290969400833333,0.092850553,0.048971711
1982-08-13,20000,,2.0,2.0,2.0,2.0,44.967741875397756,32.99535946362789,16.09063148498535,11.674077033996582,39.44609069824219,23.843313217163086,25.893285751342773,20.615232467651367,19.949430465698242,13.225778579711914,57.19766536964978,29.08443579766538,,,0.44537305833333335,0.239935325,0.056080175,0.0416074155
1982-08-31,11500,,0.0,0.0,0.0,0.0,19.536902512613786,17.90823329520727,1.9656784534454346,1.835706353187561,14.273079872131348,11.119277954101562,4.06695556640625,3.6079773902893066,2.4868297576904297,2.40273118019104,22.76867704280158,12.542217898832703,,,12.653410573166667,8.242870279833333,9.06097748,7.7365863500000005
1982-09-09,11300,,1.0,1.0,1.0,1.0,17.69242255074857,16.937407253805127,11.437437057495117,11.431233406066895,20.01845932006836,11.165842056274414,16.94422149658203,16.791236877441406,23.67696189880371,21.414560317993164,24.755058365758728,21.201361867704257,,,4.205084634683333,2.42601966135,0.868049935,0.48654488500000004
1982-09-11,14500,,2.0,0.0,0.0,2.0,37.37163673953846,16.937407253805127,30.905670166015625,15.960623741149902,29.32297134399414,11.059192657470703,38.82660675048828,16.791236877441406,44.41996765136719,21.414560317993164,49.7669260700389,21.201361867704257,,,6.1937629995000005,2.8155071916666667,1.945187605,1.123897425
1982-09-27,8040,,0.0,0.0,0.0,0.0,12.340554505408774,5.991518170952113,7.211331844329834,6.479296684265137,12.822860717773438,8.006484031677246,7.531799793243408,3.802926778793335,5.146363735198975,3.348658323287964,11.709727626459145,4.968677042801557,,,10.253728710599619,5.478485161666668,8.44260961879885,5.4678912
1982-10-05,7500,,2.0,2.0,1.0,2.0,10.145621439586723,7.1667514506540035,4.203786373138428,3.28852915763855,4.691839218139648,4.460840225219727,4.116664409637451,3.2503747940063477,3.5437326431274414,2.6601390838623047,1.7274319066147863,1.5986381322957202,,,7.163904799166667,4.567477122333334,2.3919088504999997,1.25111623
1982-10-17,10200,,0.0,0.0,0.0,0.0,21.428904440054087,21.152317440760523,22.769420623779297,12.218826293945312,26.27780532836914,17.365535736083984,20.190189361572266,11.164222717285156,22.339725494384766,11.840977668762207,27.489688715953314,21.83929961089495,,,40.03948346466667,16.373577499166664,25.558472000000002,11.4058451
1982-10-27,18900,,0.0,3.0,3.0,3.0,53.20503061717237,32.29406309218981,28.958667755126953,12.892509460449219,44.34125518798828,22.084447860717773,43.85358428955078,22.320022583007812,37.692222595214844,18.200057983398438,49.958754863813276,29.60661478599225,,,28.943841231333334,18.572678858333333,28.383954375,21.15924
1982-11-03,12000,,1.0,1.0,1.0,1.0,17.85782027055454,17.820290633870812,10.424662590026855,9.262413024902344,10.854559898376465,10.728721618652344,8.686002731323242,8.607260704040527,9.800311088562012,8.954023361206055,12.712256809338523,6.652334630350199,,,41.0830050147,21.493853269699997,20.886165535000004,11.958329500000001
1982-11-18,13800,,0.0,0.0,0.0,0.0,60.942168245807885,23.51169213738086,54.75843811035156,30.70709991455078,56.0869140625,19.63173484802246,40.99989700317383,23.98895263671875,57.747825622558594,36.48111343383789,73.365953307393,33.51848249027237,,,35.08162713,14.168116966666666,16.630569979999997,6.7169855
1982-12-03,25000,,3.0,3.0,3.0,3.0,71.88173037858584,62.340676855630676,131.558349609375,113.2362289428711,108.61351013183594,56.43836975097656,116.4637451171875,101.89588165283203,100.65315246582031,87.10093688964844,136.5562256809338,72.87859922178984,,,26.440583232,13.735377654333334,14.0357825,6.8935749
1982-12-07,22000,,0.0,0.0,0.0,0.0,7.237537290550364,6.643833655763834,0.5874680876731873,0.5751993656158447,6.679433345794678,6.5798749923706055,0.7594732046127319,0.7593715786933899,0.48385992646217346,0.4399920105934143,7.568287937743191,3.8177042801556427,,,35.876734482833335,15.742599772833332,33.242902799999996,14.4877757
1982-12-14,15000,,1.0,1.0,1.0,1.0,29.387644330442065,17.07361182143082,38.16604995727539,16.713693618774414,40.02025604248047,17.58443832397461,34.48041915893555,20.251310348510742,48.0927619934082,23.574974060058594,51.03910505836576,24.059533073929966,,,25.647857905,13.444905383333333,16.951455449999997,6.61227975
1982-12-16,22900,,2.0,1.0,1.0,2.0,62.20152211143683,35.46497140377475,85.29681396484375,46.48423385620117,59.65544509887695,28.043800354003906,92.54702758789062,52.53702163696289,89.4617919921875,45.062950134277344,78.00194552529182,38.27879377431905,,,30.078926323166666,16.3461979065,25.48033322,16.0230925
1982-12-20,17800,,0.0,0.0,0.0,0.0,52.7172198436625,30.962181612820743,54.3183479309082,25.160442352294922,32.129154205322266,13.849902153015137,48.42119216918945,25.170618057250977,48.40632247924805,26.162084579467773,33.14688715953306,15.759727626459139,,,22.511587315,8.024784141666666,14.389021249999999,6.274322
1983-01-10,46600,,1.0,2.0,2.0,2.0,170.1904243237658,96.07808208739097,198.34771728515625,99.08688354492188,138.1754150390625,79.28440856933594,181.7601776123047,89.19176483154297,212.81271362304688,97.27177429199219,138.67529182879375,59.38112840466922,,,20.748958166666668,11.491388500000001,12.440432900000001,8.048159
1983-01-19,16300,,2.0,2.0,1.0,2.0,9.42317973663581,4.539527721776063,10.452360153198242,5.762193202972412,11.630599021911621,5.298391819000244,12.096921920776367,9.058341026306152,18.23627281188965,10.324246406555176,16.339883268482488,9.579961089494166,,,53.06829666666666,20.893131666666665,28.561025899999997,15.6632555
1983-01-25,13600,,2.0,2.0,0.0,2.0,32.8175372856297,20.64547228038197,54.37076950073242,23.05537986755371,26.218454360961914,11.135903358459473,35.99557876586914,16.546417236328125,35.332130432128906,18.095815658569336,33.60836575875486,15.67957198443579,,,33.200585583166664,12.70911785,33.91885175,15.706264
1983-01-27,16700,,1.0,1.0,0.0,1.0,33.597414920252554,15.233087979128895,63.53904724121094,30.646806716918945,42.603126525878906,17.143230438232422,46.334598541259766,23.8813419342041,66.34391784667969,30.120859146118164,48.320428015564225,28.76206225680937,,,19.357897798666666,10.709255233166665,11.917855455000002,8.028751750000001
1983-01-31,14900,,0.0,0.0,0.0,0.0,2.6917590811950145,2.377569789413931,2.5764009952545166,1.6348025798797607,1.6127794981002808,1.5482637882232666,4.981263160705566,4.966519832611084,4.173868179321289,4.116148471832275,0.6480544747081713,0.6480544747081713,,,11.724988089166665,5.788233899999999,7.5375770074999995,7.006091
1983-02-13,22400,,4.0,3.0,0.0,4.0,57.568873809127005,30.86434031991612,77.82489013671875,36.814308166503906,43.66997146606445,15.790265083312988,85.06671905517578,37.80296325683594,91.6876220703125,41.9575080871582,51.103501945525295,26.10700389105058,,,10.587193592999999,4.938279780499999,2.4380001685,2.3281963415
1983-02-18,23900,,2.0,2.0,1.0,2.0,43.80939769607356,20.686139588944087,69.76992797851562,39.75654602050781,37.10417938232422,20.08987045288086,57.798683166503906,34.55161666870117,63.556495666503906,30.383859634399414,51.09649805447471,28.702723735408554,,,5.782125184416667,3.4115642061666662,3.1220856015000003,2.6478902765
1983-02-20,20500,,1.0,1.0,0.0,1.0,39.46222947337033,20.686139588944087,59.043487548828125,51.51929473876953,24.06314468383789,10.569802284240723,49.43977355957031,39.30172348022461,57.05192184448242,40.19520950317383,25.40797665369649,9.928988326848245,,,9.767772155,4.944227371666666,1.135594315,0.482930285
1983-02-22,19200,,2.0,2.0,1.0,2.0,37.43360231301069,14.689189307776282,80.6962890625,51.51929473876953,32.061363220214844,12.560060501098633,59.09547424316406,39.30172348022461,63.054344177246094,40.19520950317383,30.36614785992218,12.415369649805456,,,17.390900116333334,7.006461446666666,13.202959265,6.8953245
1983-03-02,18700,,0.0,0.0,0.0,0.0,27.194261971679488,10.055841293891119,16.054054260253906,6.663234233856201,31.874608993530273,17.507705688476562,5.882939338684082,3.3932228088378906,6.869365692138672,2.7488186359405518,20.507003891050573,11.587354085603105,,,22.36103274,9.152398533333333,25.45690815,10.878118
1983-03-09,24300,,3.0,3.0,3.0,3.0,61.044288737254206,39.987950308145116,106.38899230957031,72.25572204589844,51.56208801269531,24.957265853881836,71.5001220703125,42.511714935302734,85.65196228027344,47.863739013671875,74.8678988326848,31.77334630350193,,,36.8556907905,12.7886296905,9.547461205000001,4.916411675
1983-03-31,21600,,0.0,0.0,0.0,0.0,72.70378963908549,34.81550095505286,76.25652313232422,34.336448669433594,43.06856918334961,26.57445526123047,76.50566864013672,38.72536849975586,80.52189636230469,37.154335021972656,60.77976653696502,37.99435797665372,,,3.936910097166667,1.4353319666666666,1.68721298,0.73727472
1983-06-10,22100,,2.0,2.0,1.0,2.0,25.376298302755405,22.202487598185787,39.48666763305664,37.81201934814453,31.835176467895508,19.66148567199707,28.144916534423828,27.73369789123535,23.18454360961914,21.6550235748291,31.141634241245136,28.26108949416342,,,10.586896940666668,5.180967001666667,5.603151315,2.087295775
1983-06-17,20100,,1.0,1.0,0.0,1.0,26.390608035000604,16.34804590163222,29.635740280151367,15.600504875183105,36.428123474121094,17.6028995513916,34.87795639038086,22.790800094604492,19.841205596923828,11.921463966369629,33.95486381322954,25.365758754863787,,,14.985641115333333,7.771330942000001,13.58060375,5.7151102
1983-07-02,19000,,0.0,0.0,0.0,0.0,23.909139558728107,14.738095587343832,31.605321884155273,12.323127746582031,16.982038497924805,9.315225601196289,34.504615783691406,16.091259002685547,25.72187042236328,11.399662971496582,22.925291828793775,14.745525291828793,,,3.1859440601666664,2.2736275226666667,0.217754313,0.198019245
1983-07-13,48500,,5.0,4.0,1.0,5.0,101.73669796563813,58.08143787584615,56.350738525390625,35.82969284057617,90.02033233642578,39.60436248779297,90.14414978027344,49.99922561645508,75.73335266113281,42.0186882019043,111.15622568093384,50.6099221789883,,,3.4667022244999997,1.472286098333333,0.41505317350000004,0.2833633735
1983-08-12,20500,,0.0,0.0,0.0,0.0,32.119630960904075,14.558487543868289,1.072459101676941,0.6555837988853455,32.63927459716797,18.295637130737305,8.122533798217773,6.239622592926025,5.404727935791016,2.8902151584625244,28.349610894941627,17.249610894941625,,,0.29266049721000004,0.23381077187666668,0.15646934913,0.09466894063
1983-08-29,8300,,0.0,1.0,1.0,1.0,11.92848949561169,7.456217984111541,18.812711715698242,11.432538032531738,20.241004943847656,7.913918972015381,10.277353286743164,7.570969581604004,8.988706588745117,7.583495616912842,12.285019455252915,7.406420233463034,,,2.5615689311666667,2.4399883333333334,0.0438523035,0.0438523035
1983-09-02,20600,,0.0,0.0,0.0,0.0,43.656198858880224,23.4016290581705,41.61437225341797,22.339439392089844,39.63983154296875,19.615690231323242,24.602001190185547,13.928962707519531,40.6551513671875,23.5087890625,54.10875486381324,49.01867704280156,,,11.048281561166666,5.5866503695,2.78168076,1.25914828
1983-09-06,10900,,0.0,1.0,1.0,1.0,2.255772464067709,1.5148546822248008,6.01862907409668,4.686965465545654,7.669433116912842,5.9953460693359375,1.9629698991775513,1.1512082815170288,3.3663535118103027,2.0473949909210205,3.4570038910505816,2.547859922178987,,,12.473038223666666,8.616029683333334,10.2289029185,8.4393085
1983-09-10,10900,,1.0,1.0,0.0,1.0,22.21929255555082,13.180833667641137,28.33411979675293,27.278358459472656,39.23569107055664,21.96643829345703,28.554977416992188,23.604732513427734,22.991762161254883,17.236827850341797,54.61108949416344,49.67704280155643,,,9.0471775532,4.950732674533333,1.779961346,1.54804531
1983-09-18,9700,,0.0,0.0,0.0,0.0,13.440913946810756,6.458640526253623,2.1867613792419434,0.999271810054779,11.77763843536377,5.0152435302734375,5.752229690551758,3.0954997539520264,14.895469665527344,10.592853546142578,14.966536964980547,7.934630350194558,,,15.228472117316667,9.184401166666667,7.98402456195,4.93289985
1983-10-04,8660,,1.0,1.0,1.0,1.0,11.338428302496862,8.205418741269959,5.316051483154297,4.190098285675049,12.314485549926758,7.949151992797852,8.244501113891602,4.955712795257568,18.320480346679688,11.728494644165039,10.865564202334628,9.295330739299608,,,8.85209886975,5.607109528333333,0.7715880292499999,0.376515585
1983-10-17,4470,,0.0,0.0,0.0,0.0,7.8429196957406635,7.257848949949782,5.40763521194458,5.267059803009033,9.996395111083984,5.533537864685059,7.958113193511963,7.873383522033691,10.41603946685791,10.30949592590332,10.887548638132303,10.26303501945526,,,31.301103498333333,11.365491166666667,32.1073765,13.079509999999999
1983-10-22,10500,,2.0,2.0,2.0,2.0,58.46764431712191,40.19727720311677,36.056339263916016,30.268157958984375,44.83277893066406,26.797103881835938,41.1154670715332,33.32796096801758,45.726707458496094,38.03055191040039,53.84357976653696,29.087548638132304,,,38.77394956,15.520515443333332,34.39715905,14.61893775
1983-10-24,10600,,1.0,2.0,2.0,2.0,52.32565194497153,40.19727720311677,36.7907829284668,30.268157958984375,21.461734771728516,12.08564281463623,37.205421447753906,33.32796096801758,42.01872634887695,38.03055191040039,33.31556420233464,29.087548638132304,,,25.05998986195,11.510383099999999,12.421965645,6.0031228
1983-10-30,7740,,1.0,1.0,1.0,1.0,3.887474186517909,3.6351567877182314,12.812088012695312,11.24797248840332,20.626625061035156,15.443272590637207,12.377965927124023,12.377764701843262,8.217264175415039,8.188199043273926,25.465369649805478,23.62042801556423,,,47.920549236666666,23.9415715,40.5830483,23.862233500000002
1983-11-02,13800,,2.0,2.0,1.0,2.0,55.61048945509847,32.385825965874055,30.324012756347656,16.390235900878906,61.390052795410156,35.4343376159668,48.38848114013672,23.912752151489258,32.40928649902344,13.721322059631348,69.45233463035021,36.98015564202333,,,43.605594671666665,16.3408486,41.17991185,16.92234235
1983-11-03,22700,,1.0,1.0,1.0,1.0,75.2067035735673,42.29690437426303,86.1025390625,65.10687255859375,92.9770278930664,35.4343376159668,91.3639144897461,57.68448257446289,67.0783462524414,47.63102722167969,123.23696498054478,62.580350194552565,,,36.09832740666667,16.3408486,32.66882435,16.92234235
1983-11-05,28000,,1.0,1.0,0.0,1.0,109.53395025862335,42.29690437426303,97.4892349243164,65.10687255859375,70.53421020507812,34.76323318481445,89.31230926513672,57.68448257446289,77.48445129394531,47.63102722167969,92.80583657587552,62.580350194552565,,,15.129591885,5.8742074833333335,13.0288735,5.4537893
1983-11-11,21800,,3.0,2.0,2.0,3.0,36.40575338437099,24.53608988895015,36.943939208984375,18.516223907470703,34.795021057128906,20.7365665435791,39.88764190673828,16.70290184020996,44.82312774658203,21.58665657043457,51.02276264591439,20.29591439688716,,,30.062291512716666,12.35203,25.029604749999997,12.5571465
1983-11-16,57900,,3.0,2.0,2.0,3.0,126.40399054313936,60.162650205892994,123.14627838134766,69.01318359375,98.65965270996094,38.58108139038086,151.34341430664062,87.12561798095703,132.30274963378906,86.3132095336914,123.48404669260702,54.614396887159536,,,18.430162414566666,7.784584155,6.1923444587,3.824673165
1983-11-27,20700,,0.0,0.0,0.0,0.0,60.17811276488733,27.859414851916224,30.40198516845703,21.18638038635254,34.67591857910156,17.83976936340332,42.54444885253906,17.43221092224121,38.92548370361328,15.717325210571289,37.30291828793775,20.283268482490268,,,45.965219350666665,19.678039333333334,39.45701749999999,17.457345
1984-01-01,14900,,2.0,1.0,1.0,2.0,45.516478022473,29.606032543204883,,,,,36.03108596801758,20.47600555419922,58.13833236694336,35.53449630737305,,,,,18.240171818500002,8.133683683333333,3.268591017,1.8083567999999999
1984-01-05,81300,,4.0,4.0,4.0,4.0,131.3949102069862,61.342571721706065,119.83429718017578,85.80844116210938,103.39525604248047,55.20246887207031,77.31718444824219,39.34314727783203,95.87503051757812,54.87164306640625,116.84066147859917,75.08988326848244,,,40.78216741083333,14.297950316666666,26.11717445,13.2038065
1984-01-11,24200,,0.0,0.0,0.0,0.0,17.259191187960276,8.86870553616584,21.783281326293945,19.073802947998047,21.706790924072266,10.0346097946167,13.573517799377441,9.309937477111816,31.292266845703125,22.6567325592041,15.830350194552532,14.260311284046693,,,26.439818428333332,15.222197916666666,9.955160175,5.56116835
1984-01-22,13600,,1.0,1.0,0.0,1.0,32.03479349897906,25.92701529909502,51.282012939453125,35.012176513671875,40.93626403808594,18.99565315246582,44.57289123535156,33.4855842590332,42.40283203125,33.6522331237793,59.236381322957214,37.09338521400778,,,21.317726141666668,10.427927341666667,5.956221775,5.37059125
1984-01-25,45200,,3.0,3.0,3.0,3.0,123.5135240171881,79.36532900575014,163.02093505859375,65.80289459228516,103.96026611328125,59.26832962036133,131.02212524414062,60.80413055419922,147.24639892578125,58.285308837890625,149.04202334630344,69.90447470817116,,,19.345184296333336,8.610414357666668,11.172432039,7.50757635
1984-01-26,39100,,0.0,1.0,1.0,1.0,131.22784149008544,79.36532900575014,135.83912658691406,65.80289459228516,91.793212890625,59.26832962036133,107.34960174560547,60.80413055419922,120.21955871582031,58.285308837890625,113.70700389105052,69.90447470817116,,,15.917495327000003,8.610414357666668,3.9941589309999994,3.6498980729999997
1984-02-01,21700,,0.0,0.0,0.0,0.0,3.1754168239395435,2.832606115713885,3.8343665599823,3.8343665599823,2.499359130859375,2.1027605533599854,1.0554940700531006,1.055475115776062,1.823878288269043,1.8225106000900269,1.9980544747081714,1.1815175097276267,,,21.567405110116667,10.661337833333334,13.678483565,7.66856
1984-02-10,17200,,1.0,1.0,0.0,1.0,20.501374757900102,9.02754110428389,45.215763092041016,22.063945770263672,27.667388916015625,9.905190467834473,42.26966094970703,23.443410873413086,32.968544006347656,18.842267990112305,34.022568093385225,11.841050583657593,,,19.517225592,9.665264783333333,12.447768126,7.23750635
1984-02-12,19400,,1.0,1.0,0.0,1.0,32.84419120667924,16.001936924951437,76.90354919433594,38.241729736328125,46.673194885253906,23.677396774291992,78.63865661621094,36.57097244262695,76.4343032836914,39.637046813964844,66.0398832684825,27.36731517509726,,,35.5419120515,19.05644173,17.761533466000003,9.5961195
1984-02-20,18100,,2.0,2.0,2.0,2.0,15.038040152344902,14.235732313323886,60.41926193237305,49.04767990112305,38.18471145629883,23.5634822845459,20.929092407226562,14.31281852722168,35.26496505737305,26.167356491088867,44.50428015564202,28.51089494163424,,,17.923210879166668,6.763293966666667,6.0667215875,5.2380392
1984-03-14,17600,,0.0,0.0,0.0,0.0,55.4955315639053,28.01792733208855,53.067115783691406,28.56302261352539,33.813499450683594,20.246732711791992,50.47737121582031,33.67356872558594,46.653194427490234,27.473356246948242,63.31634241245136,49.66770428015564,,,21.544949933333335,8.139852583333335,17.760234099999998,8.57104625
1984-03-21,24000,,1.0,1.0,1.0,1.0,48.37603245038774,27.284913903668553,64.23176574707031,28.051986694335938,50.452537536621094,24.92045021057129,47.28374481201172,24.50492286682129,45.36542510986328,20.317413330078125,60.02723735408557,30.03463035019454,,,37.370474073333334,16.5836962,35.554075999999995,19.401944
1984-04-08,14900,,0.0,0.0,0.0,0.0,37.734225608478795,18.486879537028063,30.8104190826416,23.68431854248047,26.226747512817383,13.053044319152832,21.608606338500977,9.452459335327148,29.32613754272461,14.328248023986816,31.024513618677055,20.306420233463047,,,17.495127745666668,6.625086651666667,15.04254835,6.06923335
1984-04-13,15800,,2.0,2.0,2.0,2.0,29.966263831003676,11.367160586508465,46.034690856933594,21.24114227294922,27.24163055419922,11.040802001953125,44.213871002197266,27.107784271240234,43.18623733520508,27.326194763183594,27.721400778210118,17.77334630350195,,,31.062882305166667,12.832996878333335,13.020009250000001,5.8805518
1984-05-03,15900,,0.0,0.0,0.0,0.0,46.34975145355465,24.806665410503147,27.652095794677734,11.10595417022705,35.795799255371094,16.175413131713867,58.256473541259766,35.147705078125,50.316253662109375,28.195207595825195,45.68754863813226,25.057003891050574,,,3.1697364746666663,1.1775735149999997,1.5653846,0.878622945
1984-05-08,10800,,1.0,1.0,0.0,1.0,10.01004780359975,4.533577440103541,16.93071174621582,14.617415428161621,15.196663856506348,7.399721145629883,8.419124603271484,5.087116241455078,24.36910629272461,14.049864768981934,14.260505836575874,12.134435797665368,,,9.083221226983333,4.497501883333333,8.703578400000001,4.4679756
1984-05-12,18700,,0.0,0.0,0.0,0.0,57.23224100120429,34.70495801582847,21.354434967041016,11.191770553588867,42.40596389770508,23.195453643798828,34.82530212402344,17.72297477722168,30.914819717407227,13.959700584411621,43.824902723735406,27.289105058365763,,,2.4954347453333336,1.8214765106666668,1.347722615,1.2156387
1984-05-19,16100,,2.0,2.0,1.0,2.0,16.910145318481973,15.464564057882612,21.448945999145508,21.04769515991211,37.859519958496094,24.04509735107422,33.740440368652344,33.13740921020508,30.45222282409668,29.688486099243164,51.948249027237324,41.586186770427986,,,10.1590514538,6.4643434288,3.89868155,2.53082035
1984-05-24,22300,,0.0,0.0,0.0,0.0,38.65231356862687,29.556908209966657,27.95468521118164,20.776691436767578,29.59166717529297,19.379257202148438,24.769397735595703,14.620182991027832,28.68297576904297,13.00015926361084,34.60291828793771,22.81381322957196,,,11.433354565666665,7.329283659999999,3.2419923450000003,2.01390875
1984-06-26,28700,,1.0,1.0,1.0,1.0,5.363632873741528,4.671491385533485,4.868551731109619,4.822800636291504,6.597158908843994,5.4514479637146,9.762615203857422,9.671634674072266,12.254712104797363,12.053413391113281,9.035992217898832,9.031128404669259,,,5.527722431,3.4964209086666664,1.2732349520000001,0.693366335
1984-06-30,32600,,2.0,2.0,2.0,2.0,30.012223755054436,13.070053561239808,19.239288330078125,11.256237983703613,22.279603958129883,10.653515815734863,24.14498519897461,18.50991439819336,13.073068618774414,8.955794334411621,27.299221789883262,21.081128404669254,,,5.638189393333333,2.6627407281666664,3.6629456950000003,2.5477897
1984-07-03,25300,,1.0,1.0,1.0,1.0,7.232770567759204,5.883070760321969,3.677743434906006,2.560422897338867,1.2379002571105957,1.1691166162490845,3.6857967376708984,3.616178512573242,4.611384868621826,4.158317565917969,2.0939688715953286,2.0640077821011653,,,2.1092984285,1.073571235,0.9995303355,0.831183405
1984-07-21,19100,,0.0,0.0,0.0,0.0,1.1966003819498328,0.8860994266075871,2.455205202102661,2.451364040374756,0.9911953806877136,0.9911953806877136,0.6285563111305237,0.41095420718193054,0.12189066410064697,0.06684672832489014,0.45136186770428033,0.401945525291829,,,2.2982631122,0.9824446925000001,0.16835682675000002,0.09706306695
1984-07-26,24800,,1.0,1.0,0.0,1.0,0.02217973249472044,0.016640535513710152,0.8824613690376282,0.8587785363197327,0.000527078693266958,0.000527078693266958,0.009276816621422768,0.007495258003473282,0.20936326682567596,0.1007285788655281,0.69455252918288,0.6756809338521407,,,3.560142803333333,1.8198836716666664,0.18383733,0.12456234499999999
1984-08-06,18900,,0.0,0.0,0.0,0.0,5.482889098455385,4.1969751399972015,5.281158447265625,2.670743703842163,5.885165214538574,5.7736592292785645,4.372884750366211,3.610657215118408,1.5952759981155396,1.0416983366012573,5.358560311284046,3.6414396887159532,,,3.915269839929999,2.9536777338199993,1.8434489401,1.3026110761
1984-08-15,12200,,1.0,1.0,0.0,1.0,1.1930152950142858,1.1930152950142858,1.5824042558670044,1.5823798179626465,0.0,0.0,1.2423909902572632,1.242289423942566,3.4929404258728027,3.4667153358459473,1.1266536964980534,1.1266536964980534,,,3.203654160676667,2.777797884,0.10486279253,0.087757515
1984-08-21,9270,,0.0,0.0,0.0,0.0,0.0,0.0,0.05847467482089996,0.05844436585903168,0.0,0.0,0.008497052825987339,0.008497003465890884,0.06456149369478226,0.05784139782190323,0.0,0.0,,,2.0169545235,1.6675515166666666,1.133376158,0.74318905
1984-08-27,8740,,1.0,1.0,1.0,1.0,29.35435758093256,19.594468443656258,40.513240814208984,40.437744140625,31.371978759765625,18.49319076538086,24.81035614013672,24.79678726196289,30.135560989379883,30.128814697265625,37.712062256809325,32.03482490272372,,,1.9565756395000002,1.157473966666667,1.5047667925000001,1.3467090000000002
1984-08-31,9140,,0.0,0.0,0.0,0.0,5.877401525099062,5.276648177294974,0.6985309720039368,0.6983190774917603,6.107791900634766,6.107791900634766,0.5600659251213074,0.5599945187568665,0.9765899181365967,0.9635470509529114,6.628793774319069,6.348054474708174,,,1.1541553209000002,0.8314304826666667,0.119597437,0.103775089
1984-09-05,9340,,1.0,1.0,1.0,1.0,14.876548776482535,13.28676866130266,27.350061416625977,25.82442283630371,29.69963264465332,20.144338607788086,19.948509216308594,19.92986488342285,22.892175674438477,22.87061882019043,39.35155642023345,29.764980544747058,,,3.9097787658500005,2.2618684613333335,0.7427450225500001,0.42083110355000003
1984-09-07,14300,,1.0,0.0,0.0,1.0,45.21535754114025,26.22797129395815,42.43846893310547,25.82442283630371,35.269901275634766,20.144338607788086,34.13640213012695,19.92986488342285,26.667043685913086,22.87061882019043,43.69591439688712,29.764980544747058,,,13.12058131785,8.061387066666667,6.3486457535500005,4.029815
1984-09-15,9120,,0.0,2.0,3.0,3.0,1.223982792477663,0.6307017201109011,0.24975302815437317,0.14224755764007568,0.003340360941365361,0.003340360941365361,2.4765493869781494,2.408802032470703,0.11619509011507034,0.11109200119972229,0.07237354085603111,0.07237354085603111,,,10.4129548505,6.373541708000001,3.14462055,2.08678725
1984-09-23,9760,,0.0,0.0,0.0,0.0,35.65681261626913,15.84167304116499,11.937148094177246,9.192724227905273,23.561634063720703,13.139097213745117,13.155059814453125,8.8998441696167,17.676279067993164,15.324758529663086,22.408754863813222,19.91264591439688,,,25.048309153333335,10.578695671666667,15.37262125,6.1399231
1984-10-04,6790,,1.0,1.0,1.0,1.0,5.49677054842455,5.28721796616513,11.211091041564941,11.191143035888672,13.322918891906738,8.881776809692383,8.887441635131836,8.887441635131836,7.434636116027832,7.410755157470703,10.236575875486379,7.671984435797665,,,15.379955369333336,10.267413536666668,5.72730668,2.57666465
1984-10-09,10300,,5.0,5.0,5.0,5.0,19.49695415696041,15.208768689609622,8.296626091003418,7.818643569946289,27.056930541992188,12.537500381469727,20.775327682495117,10.909830093383789,46.772117614746094,28.313251495361328,26.860311284046688,14.366926070038907,,,10.681452040983334,4.745873941666667,4.04376521945,2.40823192445
1984-10-10,13300,,3.0,3.0,2.0,3.0,31.403283035787076,15.208768689609622,42.823974609375,34.67910385131836,46.002593994140625,21.248239517211914,46.30622100830078,30.87515640258789,45.54182052612305,27.082956314086914,52.77412451361869,27.19105058365761,,,16.974070466483333,7.666613550000001,13.49137474945,9.9726885
1984-10-13,18300,,1.0,1.0,0.0,1.0,62.59664053488416,29.541871890511157,61.323265075683594,43.75552749633789,49.8579216003418,24.609235763549805,60.090904235839844,28.082307815551758,63.715980529785156,28.696685791015625,65.01439688715956,28.879961089494177,,,18.591704129,6.751961371666667,8.385823188,8.1649295
1984-10-17,13800,,0.0,0.0,0.0,0.0,2.0919254265198517,1.9865984667148655,0.20649272203445435,0.18372322618961334,0.12735934555530548,0.12735934555530548,0.3597564399242401,0.3535734713077545,0.6822438836097717,0.28487706184387207,0.18599221789883275,0.18054474708171211,,,15.849748604833334,5.8682294,11.05124616,6.0408412
1984-10-25,13600,,1.0,2.0,2.0,2.0,42.81171509525498,26.293560226378432,37.13991928100586,35.543190002441406,52.85773849487305,25.727123260498047,31.381338119506836,30.182586669921875,33.42864227294922,30.908100128173828,65.17587548638133,53.508171206225676,,,11.94494163325,5.821667466666667,3.9590377497499993,2.01490425
1984-11-03,27400,,2.0,2.0,2.0,2.0,126.11948183589516,55.89403443765002,171.6400146484375,95.78270721435547,113.55819702148438,43.045143127441406,122.39486694335938,61.73582077026367,114.93397521972656,62.54307174682617,156.20739299610904,65.92315175097282,,,32.441053649333334,14.127907572666667,18.23519216,7.6213196000000005
1984-11-12,18900,,0.0,0.0,0.0,0.0,45.15391204652134,23.99539579898404,69.88275146484375,33.98707962036133,37.2401237487793,19.3728084564209,44.60006332397461,16.510690689086914,53.487674713134766,26.442909240722656,60.65077821011674,32.28579766536964,,,54.37724891566667,21.078653499999998,46.2337515,16.2802325
1984-11-18,12200,,1.0,1.0,0.0,1.0,9.538732327540657,8.6058107206516,13.642062187194824,13.587889671325684,21.794734954833984,11.929082870483398,10.327301979064941,10.323347091674805,13.67822551727295,13.40905475616455,27.254085603112834,18.915953307392993,,,48.9846037,21.95577833333333,52.202654349999996,23.02186
1984-11-22,13300,,2.0,2.0,3.0,3.0,21.277305931803802,14.372028688171854,7.259588241577148,6.973474979400635,13.962976455688477,8.1259765625,9.73004150390625,9.483930587768555,8.967137336730957,8.507173538208008,5.5665369649805445,4.95875486381323,,,33.52303211499999,17.42803933333333,24.165179100000003,13.565925
1984-11-27,13800,,1.0,1.0,0.0,1.0,38.54485289854341,24.15395613097324,53.77520751953125,51.7529411315918,52.19804000854492,22.13058090209961,34.79742431640625,30.643280029296875,30.233837127685547,26.82387924194336,50.68268482490275,45.420038910505866,,,53.66788952833333,30.0719855,53.099343,29.338064000000003
1984-12-01,15200,,0.0,0.0,0.0,0.0,36.96718354223485,17.918042062573406,23.253028869628906,15.001664161682129,25.00605583190918,15.277277946472168,25.173660278320312,14.861023902893066,29.8902587890625,18.16099739074707,20.594552529182874,14.95350194552528,,,54.46094624999999,23.488255999999996,53.13570985,23.542088999999997
1984-12-08,22700,,2.0,2.0,2.0,2.0,60.822921582983795,27.015915881686784,66.80750274658203,35.44709014892578,45.57261276245117,17.127477645874023,58.050106048583984,35.39063262939453,53.48719024658203,28.500450134277344,67.43190661478603,51.30758754863817,,,39.156936654999996,21.094782005,17.833649574999995,6.572988649999999
1984-12-14,14700,,1.0,1.0,1.0,1.0,44.20677049608321,25.20154297989339,70.66699981689453,44.11389923095703,55.148841857910156,22.000017166137695,71.29657745361328,56.35163497924805,84.10993957519531,62.410030364990234,77.23968871595329,47.117120622568095,,,50.597190024999996,22.611703375,40.1089786,22.13004
1984-12-23,12700,,0.0,0.0,0.0,0.0,55.34605734434912,23.118521949301257,36.19316864013672,17.99468994140625,67.71452331542969,27.128023147583008,45.97356414794922,19.58068084716797,51.673736572265625,21.56259536743164,49.451945525291826,24.362062256809345,,,21.549105230666665,9.596089638333334,12.376128409999998,9.574084249999999
1985-02-11,9570,,1.0,1.0,1.0,1.0,42.16035951897889,24.095130038762868,63.66828155517578,42.85103225708008,62.18254852294922,24.376211166381836,69.61045837402344,48.57979202270508,77.21012878417969,50.36334228515625,83.54610894941638,32.25058365758756,,,35.6768364,18.501044266666668,31.9145794,18.7864615
1985-02-14,9520,,1.0,1.0,1.0,1.0,28.106630985682074,26.82702869028708,21.913043975830078,14.40359878540039,17.048112869262695,12.386131286621094,16.577709197998047,12.034980773925781,18.81870460510254,13.228170394897461,12.638521400778204,8.23579766536965,,,12.112063258333333,8.787119166666667,8.035340975,6.480152
1985-02-24,13100,,0.0,0.0,0.0,0.0,32.37560608362588,17.095560209700984,45.475311279296875,29.963735580444336,30.182575225830078,13.936827659606934,23.855545043945312,14.438227653503418,30.713924407958984,18.038095474243164,26.675680933852135,16.707198443579767,,,27.21658572,11.308000499999999,18.632164850000002,8.0386792
1985-03-23,9910,,1.0,1.0,0.0,1.0,25.114499071303108,14.441466567279276,53.66058349609375,32.94169235229492,37.90117645263672,19.40143585205078,57.94438934326172,30.094648361206055,61.851829528808594,27.143186569213867,50.15680933852141,26.059533073929977,,,8.090537331666667,3.6427768733333337,5.328887625,2.39681115
1985-04-01,12000,,0.0,0.0,0.0,0.0,52.59582977079525,23.371032474145835,83.1317367553711,33.126747131347656,35.895240783691406,18.567792892456055,51.25444793701172,37.86606979370117,58.06816864013672,40.66157150268555,46.169649805447456,37.864202334630335,,,10.375811458833333,5.782954121666665,5.765113575,3.1476661000000004
1985-04-27,18100,,2.0,2.0,2.0,2.0,63.96116831759058,50.77509754975941,53.91407012939453,33.212921142578125,60.06674575805664,35.990440368652344,64.88714599609375,42.33979034423828,67.12045288085938,45.634456634521484,87.27392996108955,62.5071984435798,,,7.783425665821667,3.1200987233333333,3.97541815,2.02770975
1985-06-08,41500,,0.0,0.0,0.0,0.0,68.8567992077275,43.16823516794646,62.80980682373047,40.353431701660156,50.545677185058594,31.01272964477539,59.760597229003906,48.33470916748047,56.425376892089844,45.70146179199219,67.01809338521404,34.80000000000002,,,11.063465558383333,7.2055289,5.46207376,3.23476885
1985-09-06,16400,,2.0,2.0,2.0,2.0,51.661378601582875,42.882173990428335,38.29100036621094,19.556758880615234,58.87489318847656,36.356056213378906,46.915443420410156,33.960731506347656,53.497291564941406,30.19428062438965,74.89105058365756,36.48307392996109,,,4.419129849333334,2.745295279333334,2.30886813,2.16474365
1985-09-12,8850,,1.0,0.0,0.0,1.0,9.459663478816088,5.649273421376744,10.708943367004395,6.956521034240723,12.272089958190918,7.878045082092285,13.900174140930176,5.561067581176758,9.937347412109375,5.468613147735596,11.512840466926066,4.187548638132296,,,8.974001426166666,4.050339691166666,3.9776430219999996,2.08898235
1985-09-17,9450,,0.0,0.0,0.0,0.0,20.56450094750759,14.301349895178246,25.282840728759766,12.442007064819336,23.336009979248047,13.11727523803711,15.726900100708008,9.740469932556152,25.3521728515625,13.8796968460083,18.967509727626453,7.928599221789879,,,6.976970723733333,4.042649525,1.7528823180000002,0.780728425
1985-10-03,5850,,1.0,1.0,1.0,1.0,5.869391962931042,4.360110893190249,0.5587566494941711,0.41684529185295105,6.486049652099609,4.020842552185059,1.423960566520691,0.7010286450386047,6.465365409851074,5.252610683441162,6.260894941634239,3.0922178988326854,,,14.789483615333333,10.8725065,9.024829511,6.115330500000001
1985-10-11,6020,,1.0,1.0,1.0,1.0,27.941105114934025,27.05377242191344,43.13752746582031,31.799100875854492,32.66930389404297,19.306907653808594,34.59160614013672,33.95622634887695,44.202510833740234,37.63393783569336,38.74105058365759,30.104474708171203,,,17.580832617916663,7.907465045749999,0.97382335375,0.7658244635
1985-10-15,18700,,1.0,2.0,2.0,2.0,42.44022942444819,22.300762889490073,36.726097106933594,22.693960189819336,43.36604309082031,17.579397201538086,33.196937561035156,20.94303321838379,66.06011199951172,33.60007858276367,37.770622568093394,31.33618677042802,,,19.824324002116665,6.8379911621166665,7.20254497,2.65312355
1985-10-16,20900,,1.0,1.0,1.0,1.0,57.05651813939242,22.300762889490073,52.59837341308594,22.693960189819336,37.10031509399414,17.579397201538086,46.75666809082031,20.94303321838379,73.12083435058594,33.60007858276367,52.61712062256808,31.33618677042802,,,23.475564445449997,9.801299716666668,14.085634919999999,9.405429999999999
1985-10-18,14600,,2.0,2.0,2.0,2.0,30.844757148671455,16.157992348616254,21.140380859375,17.79128646850586,22.234233856201172,8.790987968444824,22.561031341552734,16.60197639465332,28.096542358398438,18.634572982788086,28.567315175097256,17.367120622568077,,,27.165237382166666,9.801299716666668,25.0943595,9.405429999999999
1985-10-20,17300,,1.0,1.0,0.0,1.0,44.07447802083367,27.887609968221895,40.446250915527344,28.734445571899414,38.5596923828125,20.332687377929688,44.13032531738281,25.469526290893555,43.78996276855469,24.946481704711914,37.13852140077823,22.770233463035044,,,28.042615732833333,10.927696479500002,25.89759075,12.3719345
1985-10-25,40000,,1.0,0.0,0.0,1.0,118.09720274504011,67.32640543585754,85.86788940429688,43.24523162841797,83.05854034423828,49.64872741699219,76.06217956542969,32.52804183959961,83.29788970947266,32.02705001831055,138.79260700389108,62.82256809338523,,,35.771703595,12.791843333333333,31.0330115,12.382987
1985-10-27,51700,,2.0,2.0,2.0,2.0,134.09805556692996,67.32640543585754,87.01214599609375,43.89063262939453,92.83870697021484,46.21971130371094,108.57814025878906,43.12812423706055,119.82538604736328,48.609947204589844,119.56070038910504,46.170817120622594,,,26.816886347666667,12.353390099999999,21.281548299999997,11.023014499999999
1985-11-03,56200,,3.0,0.0,0.0,3.0,150.28015684169748,65.73852398290688,112.04624938964844,55.655303955078125,89.26811981201172,43.54661178588867,102.42854309082031,65.65327453613281,96.79867553710938,56.68886947631836,140.14922178988323,91.5803501945525,,,36.25068422333334,12.65096498166667,20.46754295,10.62711245
1985-11-05,35000,,1.0,0.0,0.0,1.0,65.66618358929344,42.026348006429,42.1921272277832,23.27420997619629,41.095848083496094,16.997846603393555,40.87825012207031,21.228206634521484,53.88627624511719,31.33180046081543,64.50933852140076,24.749027237354078,,,23.982727348000004,12.65096498166667,8.596745774,7.488567199999999
1985-11-17,17500,,0.0,0.0,0.0,0.0,43.42673803088086,26.22644166599952,41.702484130859375,19.901630401611328,31.87486457824707,18.74079704284668,32.151878356933594,14.422591209411621,28.74648666381836,11.690987586975098,50.51887159533072,32.88093385214007,,,30.317061606,20.031306855166665,11.686534425000001,5.0471335
1985-12-04,9340,,1.0,1.0,1.0,1.0,36.90718350668854,24.087883316536022,44.252323150634766,37.60140609741211,35.134368896484375,18.886741638183594,39.864681243896484,27.88945960998535,51.012542724609375,32.43419647216797,40.11575875486384,22.5581712062257,,,28.958431435499996,10.0458890905,21.184193049999998,7.7699555
1986-01-03,11600,,0.0,0.0,0.0,0.0,37.23414143663519,18.832279124405826,44.188514709472656,30.782438278198242,17.820064544677734,10.783979415893555,36.55736541748047,23.623435974121094,48.961708068847656,37.98301315307617,80.14708171206232,25.269455252918306,,,29.567080113499998,14.595621021333331,16.477456414,7.5481625
1986-01-08,12900,,3.0,3.0,3.0,3.0,39.858013379345266,29.379762902998333,62.31897735595703,29.614259719848633,18.870468139648438,9.827256202697754,48.94234085083008,34.533042907714844,51.25912094116211,26.50347328186035,20.824513618677027,12.90739299610893,,,28.033846676283332,11.568325100000001,12.3279646,5.60299635
1986-01-11,16100,,2.0,2.0,2.0,2.0,23.29341109578514,11.809204594810879,64.32652282714844,33.42623519897461,19.744569778442383,10.856897354125977,27.408966064453125,14.519004821777344,34.66305923461914,15.718323707580566,21.99922178988326,12.798054474708165,,,25.6926326,9.1514466,20.2728094,8.91846815
1986-01-13,13700,,1.0,1.0,0.0,1.0,13.19347418816364,11.809204594810879,21.81186866760254,21.063823699951172,4.328333377838135,3.423724889755249,14.544754981994629,14.519004821777344,15.877901077270508,15.718323707580566,3.5315175097276272,2.538132295719845,,,36.119905073333335,16.94224325,23.673763450000003,10.8576582
1986-01-19,63400,,4.0,4.0,3.0,4.0,170.77800769058285,71.65515500683173,140.60385131835938,67.3740005493164,112.33902740478516,57.11687469482422,139.8868408203125,79.83952331542969,143.99261474609375,80.25019073486328,153.2970817120622,105.08638132295717,,,15.976198195000002,7.459190751666667,16.24617343,10.308869
1986-01-23,24900,,0.0,0.0,0.0,0.0,33.44037857655962,27.168181644570986,40.004127502441406,22.59376335144043,44.052799224853516,21.2204647064209,35.079017639160156,17.90205955505371,39.4047966003418,19.617176055908203,46.29571984435796,28.064202334630345,,,22.725023807,11.135835578333333,13.93174018,9.773193000000001
1986-01-27,20200,,1.0,1.0,0.0,1.0,9.964120437563832,9.022890993160681,14.14869499206543,14.146303176879883,17.082447052001953,8.59561824798584,9.252175331115723,9.250212669372559,8.629764556884766,8.629454612731934,15.511673151750966,15.50661478599221,,,16.7322193246,8.523913356666666,12.152970960000001,6.2292743
1986-02-17,15400,,0.0,0.0,0.0,0.0,67.13058504025162,36.55967872502927,67.03831481933594,34.892608642578125,56.49653244018555,33.31382751464844,84.42893981933594,43.786075592041016,78.64219665527344,36.61665344238281,77.30447470817116,63.93210116731512,,,32.150970477,18.397650244999998,14.28759255,8.93912525
1986-02-25,60900,,4.0,4.0,4.0,4.0,156.04534611396534,93.35133657583087,200.78399658203125,91.72383117675781,112.39710998535156,65.07765197753906,144.92626953125,66.7235107421875,144.03305053710938,67.8185043334961,161.21789883268497,91.54844357976661,,,12.656860556666668,5.16385293,5.26551312,2.79282145
1986-03-01,25700,,0.0,0.0,0.0,0.0,2.099063096386131,1.3832868098036029,10.438308715820312,7.503610610961914,0.002767162164673209,0.002767162164673209,0.031266435980796814,0.026566939428448677,0.5944616794586182,0.4675515592098236,0.0,0.0,,,24.134887961666667,8.771216366666666,15.642068550000001,7.5012828
1986-03-07,19600,,1.0,2.0,0.0,2.0,10.577237083323311,10.428992341171032,45.779945373535156,39.572601318359375,28.23464584350586,18.649520874023438,39.820068359375,39.47880172729492,45.91826248168945,35.88214111328125,40.13949416342412,29.109338521400765,,,24.4702283,8.82688795,11.5754496,5.3576926
1986-03-14,14600,,0.0,0.0,0.0,0.0,12.523682595951836,6.799871894956547,15.541406631469727,6.857318878173828,12.429374694824219,7.76647424697876,20.740428924560547,11.060262680053711,19.084747314453125,10.413856506347656,8.883852140077815,3.8317120622568055,,,10.150951355,5.3619788455,2.679250165,1.56609275
1986-03-26,16700,,2.0,2.0,2.0,2.0,39.0001968820339,18.368401503699687,65.65446472167969,32.9684944152832,26.897768020629883,11.779376029968262,38.32844543457031,27.232419967651367,38.71503448486328,23.478384017944336,26.150389105058355,11.01789883268481,,,12.149991192233333,7.976558901833335,6.1369240537,2.9048826
1986-04-01,17500,,0.0,0.0,0.0,0.0,22.290061196699394,17.861401545613948,5.66134786605835,3.940577507019043,8.430137634277344,5.691056728363037,13.911896705627441,11.571722030639648,14.687189102172852,12.515824317932129,14.699416342412464,11.338132295719857,,,27.1405502,13.552906416666668,23.8768782,8.7686392
1986-04-22,15900,,2.0,0.0,0.0,2.0,26.78530590881524,14.951277245071148,32.57197570800781,15.790961265563965,21.85604476928711,12.093974113464355,24.319644927978516,10.461081504821777,34.85197448730469,18.077234268188477,23.757976653696495,11.048832684824898,,,12.342175646166666,7.2445489499999995,8.9197401185,5.61321815
1986-04-27,12500,,0.0,0.0,0.0,0.0,26.897239004220832,13.005762908016518,44.94721221923828,22.775598526000977,28.42443084716797,11.642343521118164,44.13542175292969,19.831113815307617,36.722564697265625,18.722023010253906,36.96303501945525,16.123540856031124,,,4.179460258,1.976167445,1.424351419,0.783002185
1986-05-01,12900,,1.0,0.0,0.0,1.0,9.169934994155803,7.303372851578273,10.820693016052246,7.415312767028809,7.265182971954346,3.690816640853882,11.254165649414062,10.637757301330566,12.839923858642578,11.995378494262695,7.601361867704284,6.456420233463038,,,8.990756587333333,5.960831185,1.469442332,1.207934
1986-05-06,11900,,0.0,0.0,0.0,0.0,4.873608042201095,2.7502447525431077,5.097218036651611,3.7665717601776123,1.0306862592697144,0.8779730796813965,5.450155258178711,2.9397380352020264,8.659089088439941,4.753718376159668,1.8599221789883265,0.6815175097276264,,,6.46280873462,3.0392689033333333,1.77129014386,1.23070955
1986-05-13,20000,,1.0,1.0,1.0,1.0,52.73588907777222,41.88687378407436,49.271915435791016,30.387189865112305,51.078792572021484,30.497480392456055,64.33343505859375,40.676612854003906,46.964744567871094,30.61458396911621,75.87626459143962,39.34474708171202,,,8.827057933833334,3.1859503933333335,5.122408500000001,1.82791623
1986-05-19,19200,,1.0,1.0,1.0,1.0,20.106311659836816,12.97449904326955,30.477685928344727,14.838730812072754,33.92934799194336,14.161835670471191,13.003931045532227,7.544384002685547,25.51249885559082,12.532630920410156,28.29007782101167,18.417509727626452,,,8.311388382483333,4.410196143333333,3.76172730745,2.9458685
1986-05-23,18700,,4.0,4.0,3.0,4.0,5.524726585169852,2.7346787822110503,5.146711349487305,3.1658730506896973,3.643339157104492,2.743802785873413,3.3754615783691406,2.674443244934082,2.0593316555023193,1.357585072517395,2.9418287937743197,2.492801556420233,,,12.858562464666665,6.083515889833333,3.133035575,1.4575659
1986-06-09,19000,,0.0,0.0,0.0,0.0,1.7115621465749336,0.7290745701161827,0.9582197070121765,0.5988786220550537,0.3361905515193939,0.17474371194839478,0.49365341663360596,0.2571529746055603,4.010106086730957,2.1761841773986816,1.2180933852140075,0.6976653696498049,,,4.632158915463333,3.2239502156666666,3.9299857423900004,3.41708215
1986-06-18,18400,,1.0,1.0,0.0,1.0,12.355590827549838,11.241466548657097,30.027151107788086,15.772310256958008,26.249624252319336,11.685270309448242,12.044353485107422,7.793336391448975,9.904261589050293,7.561894416809082,21.11517509727628,11.922762645914409,,,9.805164370083332,5.545241376666667,4.8216340925,3.13829377
1986-06-22,16300,,0.0,0.0,0.0,0.0,7.303783940165802,4.850007645251144,1.2812511920928955,1.2305201292037964,2.665656805038452,2.665656805038452,2.9277851581573486,2.5789144039154053,1.7729889154434204,1.6892883777618408,3.941439688715954,3.941439688715954,,,7.5647503983333335,4.725251713333333,3.114670965,1.98555714
1986-07-02,18200,,2.0,2.0,2.0,2.0,23.86598853605985,21.733814536613444,2.968799591064453,1.586282730102539,20.156753540039062,12.2875337600708,7.614266395568848,5.797670841217041,10.078805923461914,5.291031837463379,18.863035019455246,9.682879377431904,,,5.614535212154999,2.72713249055,0.6258814939999999,0.417691795
1986-07-06,16000,,0.0,0.0,0.0,0.0,8.312577432780312,7.880539192866185,8.352849960327148,7.00422477722168,2.9565603733062744,2.951521396636963,7.149894714355469,7.029955863952637,10.927000045776367,9.80485725402832,1.6902723735408571,1.6902723735408571,,,1.87524523,1.0467587433333334,0.7961487655,0.610529475
1986-07-10,11500,,1.0,0.0,0.0,1.0,3.76765200822217,2.5242141490364998,12.94610595703125,12.503917694091797,10.003582000732422,8.109063148498535,16.420557022094727,15.592385292053223,12.815372467041016,11.410383224487305,15.461478599221783,14.842412451361861,,,8.289553396166667,3.4170834591666672,3.095713886,1.595450425
1986-07-17,15800,,0.0,0.0,0.0,0.0,34.731929283418836,17.664994289952528,25.88900375366211,13.234313011169434,29.303598403930664,14.931394577026367,38.05199432373047,19.076446533203125,44.5113525390625,27.095762252807617,33.90330739299614,28.91459143968875,,,2.9785933867166667,1.3689762216666665,0.5902565051499999,0.43018036000000004
1986-09-01,7220,,2.0,1.0,1.0,2.0,2.093453152873375,1.4689368995516,1.5288642644882202,1.270557165145874,1.3704272508621216,0.9703418016433716,1.4194633960723877,1.2049258947372437,22.292478561401367,21.285531997680664,3.9385214007782117,3.516536964980547,,,1.4813125138400003,0.9915614045000001,0.01048144552,0.0093519335
1986-09-16,5500,,0.0,0.0,0.0,0.0,10.155701721613973,6.4021548764732525,14.42475414276123,11.422613143920898,5.632552623748779,4.80510950088501,29.60883331298828,22.0700740814209,16.20145606994629,8.991185188293457,8.059338521400775,7.118871595330736,,,10.946142080066666,5.254604425066666,4.01154284,3.58634305
1986-09-23,6000,,1.0,1.0,1.0,1.0,11.288030585518506,10.474170164669905,22.220314025878906,22.175657272338867,32.3306770324707,23.116714477539062,30.989917755126953,30.989126205444336,25.442487716674805,25.4119930267334,52.08949416342408,50.940466926069995,,,11.621549339416665,5.548107808333332,6.1281771782500005,4.6142822500000005
1986-09-28,7630,,0.0,0.0,0.0,0.0,18.190787774703445,10.198912059599765,18.798015594482422,9.066091537475586,26.8538818359375,12.201411247253418,14.070173263549805,8.990654945373535,32.460304260253906,15.595052719116211,21.314591439688716,8.647859922178988,,,4.979820161016666,3.165390981516666,1.2727414995,1.1032642609999999
1986-10-02,8830,,1.0,1.0,0.0,1.0,6.188401540213115,5.263965593319721,2.9750068187713623,2.869506359100342,2.403655767440796,2.0899887084960938,1.2241601943969727,0.884782075881958,4.20408296585083,3.4665849208831787,2.5120622568093385,1.564785992217899,,,6.9225615355,3.213362579,2.2575836895,1.70955797
1986-10-15,6010,,0.0,0.0,0.0,0.0,0.19759273571411884,0.19759273571411884,7.189759799075546e-06,7.189759799075546e-06,0.0,0.0,0.0,0.0,0.0,0.0,0.0,0.0,,,29.4112332985,16.268949966666668,22.05547135,13.046163499999999
1986-10-27,18500,,3.0,3.0,2.0,3.0,90.59121037046287,54.15439007250346,100.55049896240234,58.36901092529297,83.23045349121094,40.724609375,82.56494903564453,55.82874298095703,130.3400421142578,68.18809509277344,112.86264591439688,60.43677042801554,,,18.122172191166666,7.264058868999999,8.266056898,6.30389775
1986-10-29,13700,,2.0,1.0,0.0,2.0,73.90223325854795,54.15439007250346,30.309608459472656,26.89422035217285,34.91972351074219,18.13871192932129,20.550193786621094,14.8627347946167,25.533008575439453,21.45704460144043,30.73151750972764,15.0898832684825,,,22.235357119,9.667261300000002,17.09874095,6.67161995
1986-11-06,12800,,0.0,0.0,0.0,0.0,29.382093720510916,17.417013395812727,15.883326530456543,15.033101081848145,38.792938232421875,13.976380348205566,18.462125778198242,13.41368293762207,14.685989379882812,10.87450885772705,46.77431906614787,37.75291828793776,,,23.024556661833333,11.442220651666666,4.86600266,2.78430725
1986-11-12,9890,,1.0,0.0,0.0,1.0,11.978529632043665,8.02319311457428,6.130280017852783,5.773156642913818,13.290428161621094,8.14220142364502,9.702166557312012,9.249887466430664,12.290413856506348,11.790945053100586,11.417509727626463,10.46867704280156,,,33.44780302866666,14.848862598333334,28.888134044999997,18.6538275
1986-11-18,11900,,2.0,2.0,2.0,2.0,68.26065583461556,27.11446843411681,65.18778991699219,33.728031158447266,68.29861450195312,30.251203536987305,66.85694122314453,40.272377014160156,70.01903533935547,44.07720184326172,86.85272373540862,59.270428015564256,,,41.55950098333333,18.98094005,40.6755545,17.104001
1986-11-20,30100,,3.0,3.0,2.0,3.0,136.06243411099706,80.27017790227274,139.36166381835938,71.25806427001953,115.07206726074219,55.72544860839844,135.2725830078125,71.01528930664062,138.49636840820312,67.95083618164062,180.58560311284052,79.81400778210116,,,36.23271418693333,14.397971049999997,34.695854749999995,14.458410999999998
1986-11-24,65100,,3.0,3.0,3.0,3.0,161.6005086379115,90.01166724793998,139.97454833984375,75.69075012207031,112.89290618896484,69.2933578491211,145.58563232421875,87.81488800048828,145.00442504882812,83.53013610839844,152.81731517509724,104.19105058365757,,,31.399555153616667,15.282235921666667,16.051430165,11.819082
1986-11-25,49000,,1.0,0.0,0.0,1.0,139.82087574554447,90.01166724793998,110.66798400878906,75.69075012207031,96.64512634277344,69.2933578491211,123.79634857177734,87.81488800048828,135.12635803222656,83.53013610839844,134.50486381322952,104.19105058365757,,,23.12767235695,10.529368219450001,6.1594999150000005,2.920422055
1986-12-15,13200,,0.0,0.0,0.0,0.0,29.769447431460883,15.105160624741526,70.71656799316406,32.89208984375,20.804285049438477,10.062460899353027,33.26702117919922,18.252660751342773,26.705427169799805,12.37589168548584,27.917120622568078,14.574902723735406,,,34.519175177886666,16.122483216666666,29.333742300000004,14.4851945
1986-12-22,15300,,2.0,2.0,2.0,2.0,33.33919889791325,18.73223137946703,31.958526611328125,19.70610237121582,48.16633605957031,21.49570083618164,39.71833419799805,32.06728744506836,53.607513427734375,33.82993698120117,64.53891050583655,29.435408560311263,,,39.7492687195,16.317645066666667,17.971193,8.25291395
1986-12-29,20700,,2.0,2.0,0.0,2.0,44.75575531600778,42.034227587296904,47.7803840637207,46.636478424072266,55.70518493652344,29.2485408782959,65.18184661865234,54.593563079833984,72.3670654296875,53.66865539550781,84.70700389105056,50.75408560311283,,,23.225631883643334,15.109902466666668,18.590340250929998,15.794096
1987-01-03,20700,,2.0,2.0,1.0,2.0,71.0155028124014,35.59651432894384,72.85487365722656,30.611854553222656,63.15631103515625,26.894365310668945,78.34005737304688,32.46003341674805,91.11766052246094,40.046566009521484,107.4190661478599,29.508365758754845,,,39.16044261333333,14.331652183333333,31.615169050000002,14.424031500000002
1987-01-12,22400,,3.0,3.0,3.0,3.0,32.440250440973905,26.08676287503361,66.30325317382812,40.927494049072266,44.43437576293945,20.379121780395508,34.422096252441406,33.350284576416016,56.07110595703125,40.70542907714844,52.829961089494184,34.243385214007795,,,20.57123813333333,10.392650399999999,10.890154599999999,8.30836725
1987-01-20,17100,,0.0,0.0,0.0,0.0,7.141252366420821,5.73786422427936,7.797010898590088,7.146870136260986,2.8901095390319824,2.8901095390319824,3.9504735469818115,3.950021505355835,12.296625137329102,11.756265640258789,4.417315175097276,3.920428015564202,,,25.867222911166664,9.486524875,8.628602275,4.03324415
1987-01-27,15700,,1.0,0.0,0.0,1.0,52.11145507861784,24.47043978666484,46.04882049560547,16.930038452148438,45.008934020996094,20.562822341918945,39.709754943847656,14.81114387512207,31.099550247192383,16.60809326171875,56.45369649805447,25.27431906614786,,,30.123186070333333,10.2583707,22.59508145,11.378774
1987-02-01,22800,,1.0,0.0,0.0,1.0,81.18288145894513,56.175151080975795,77.0313720703125,41.11155319213867,82.55866241455078,40.63523864746094,68.22183227539062,45.7575569152832,82.37176513671875,40.011844635009766,107.69980544747078,50.1009727626459,,,18.51324075405,11.302932768333333,1.0350282121499998,0.9412413049999999
1987-02-03,21400,,2.0,0.0,0.0,2.0,77.5107743811026,56.175151080975795,53.77769470214844,41.11155319213867,37.044593811035156,26.70661163330078,50.91367721557617,45.7575569152832,40.36697769165039,40.011844635009766,56.97898832684824,50.1009727626459,,,34.33460482983334,16.464427538833334,22.559386155,16.807332
1987-02-11,17200,,1.0,1.0,1.0,1.0,4.376227532691512,2.4509942619055223,19.911052703857422,13.978126525878906,9.626164436340332,7.270760536193848,7.712716102600098,6.4621052742004395,14.529573440551758,7.283034324645996,8.486575875486382,5.818871595330741,,,26.149752403,9.451930373666665,16.407977305,6.7192492
1987-02-17,18400,,0.0,0.0,0.0,0.0,27.208271544319835,12.823481845126325,22.824810028076172,13.053540229797363,22.58287811279297,11.488443374633789,25.079959869384766,14.95019817352295,19.765399932861328,8.713887214660645,31.682684824902736,17.26342412451363,,,19.725655261666667,11.309644956666666,4.626658485,3.49914587
1987-03-04,39500,,4.0,4.0,4.0,4.0,133.77671897890008,67.97851630925676,203.02740478515625,94.50700378417969,87.55638122558594,47.16621398925781,147.14984130859375,68.51908111572266,150.31019592285156,59.752647399902344,124.57762645914391,62.43112840466924,,,34.23175594916667,19.978935,29.505501300000002,17.1833415
1987-03-12,20900,,1.0,0.0,0.0,1.0,23.355946462864974,10.047336520929866,42.42790985107422,24.34145736694336,22.3763370513916,9.332825660705566,43.87513732910156,22.58429527282715,50.849273681640625,27.80884552001953,30.503112840466933,12.037548638132296,,,38.45583754166667,19.93044865,30.807054550000004,15.491434000000002
1987-04-11,13700,,0.0,0.0,0.0,0.0,35.820743735067644,25.412667253049335,51.993019104003906,34.72797393798828,33.594566345214844,19.22402572631836,35.77534484863281,20.217803955078125,32.990238189697266,16.180879592895508,33.90019455252917,27.221206225680923,,,9.325940196893335,5.067853833833333,1.56603195,0.6046987500000001
1987-04-16,16500,,2.0,2.0,1.0,2.0,35.70762713564058,17.252684507953504,53.500553131103516,24.18492889404297,35.83641052246094,15.004608154296875,41.63642501831055,23.993228912353516,55.24363708496094,32.65413284301758,39.79708171206225,15.79182879377432,,,4.945299239373333,3.7043570999999997,2.43803219812,2.4317168000000002
1987-05-03,22200,,0.0,0.0,0.0,0.0,45.98048373162177,21.43412048091852,20.84192657470703,11.294921875,27.734933853149414,11.92685604095459,28.86815071105957,13.382726669311523,29.309406280517578,14.752148628234863,19.905058365758766,9.936575875486389,,,9.610546688333333,3.6795662666666664,5.492203999999999,3.6409674499999998
1987-05-12,35900,,2.0,2.0,1.0,2.0,48.18156594420355,47.20618353929392,12.110404014587402,11.392858505249023,44.362648010253906,37.10095977783203,34.23555374145508,32.64281463623047,42.67874526977539,36.3564567565918,55.87587548638136,29.91420233463037,,,4.1638048583,1.6674166053333332,1.0439807339,0.766348975
1987-05-14,28400,,1.0,1.0,1.0,1.0,68.53566533900832,47.20618353929392,28.083242416381836,16.596439361572266,28.74479103088379,14.582330703735352,50.219085693359375,32.64281463623047,62.94597625732422,36.3564567565918,43.84610894941637,23.4887159533074,,,6.168501255333334,2.993007916666667,3.1124529250000004,1.9780033000000001
1987-05-21,16700,,0.0,0.0,0.0,0.0,4.983544933590744,2.9730133858587715,4.1679158210754395,3.470548391342163,4.6601362228393555,3.2607200145721436,8.438344955444336,7.908621311187744,2.396273612976074,1.720320463180542,3.348054474708171,1.8249027237354087,,,10.371217627433333,6.233837668833334,9.96045245,7.4294247
1987-05-30,16400,,2.0,2.0,1.0,2.0,27.84764239917145,23.397194977244272,45.249324798583984,40.306190490722656,38.640689849853516,17.610946655273438,42.744049072265625,37.43330383300781,40.38687515258789,35.67025375366211,58.271595330739274,47.52607003891048,,,14.380584261166666,7.854961856666667,7.726801195,5.5479457
1987-06-03,19000,,0.0,0.0,0.0,0.0,18.21831168779141,17.743787785789024,10.324593544006348,10.287784576416016,1.1682493686676025,1.1682493686676025,13.977399826049805,13.93559455871582,14.060342788696289,13.914329528808594,2.8404669260700386,2.3918287937743186,,,11.759350183333334,5.250967895,7.389207725,3.16435535
1987-06-10,20400,,0.0,0.0,4.0,4.0,4.821378585903854,4.540753347126065,3.198913097381592,3.1466915607452393,5.9809746742248535,5.323896408081055,2.4284491539001465,2.0387632846832275,0.6713835000991821,0.45071807503700256,5.776848249027237,5.655058365758755,,,3.7534596477,1.5693410052,2.8898333899999997,1.3615826
1987-07-06,19700,,0.0,0.0,0.0,0.0,37.5305697823762,24.718650084836533,16.235008239746094,13.992002487182617,28.425073623657227,15.75739860534668,17.597566604614258,16.786529541015625,22.86394500732422,17.68857192993164,25.973151750972768,17.840661478599223,,,4.8837156915,2.8471976776666668,0.35909990449999996,0.284183025
1987-09-14,6080,,1.0,1.0,1.0,1.0,1.4366424482379887,1.229355642276444,9.245588302612305,9.230802536010742,17.960973739624023,17.7370662689209,9.51051139831543,9.464024543762207,6.1284308433532715,6.114709854125977,28.888132295719824,20.52587548638131,,,7.064174653166666,4.7260292003333335,5.485446722,4.82861685
1987-09-19,6440,,0.0,1.0,1.0,1.0,0.09195028708661848,0.04981261975733816,1.2874581443611532e-05,1.1880294550792314e-05,0.0,0.0,0.0025672391057014465,0.0025672386400401592,0.0035365745425224304,0.0019394134869799018,0.0,0.0,,,15.738562146666666,7.154795883333333,6.6840701,2.79678965
1987-09-27,8070,,0.0,0.0,0.0,0.0,5.048103256420193,4.225527732844961,3.8694522380828857,3.6421163082122803,4.837742328643799,3.757690906524658,4.7875657081604,4.299463272094727,6.177978992462158,4.508109092712402,5.403307392996112,3.9741245136186802,,,8.994052259833333,5.93893388,7.812988215,6.70808525
1987-10-31,5240,,1.0,1.0,1.0,1.0,4.133682595636921,3.8474722698110067,17.341405868530273,17.24913787841797,11.104588508605957,8.188162803649902,13.300360679626465,13.274032592773438,21.96511459350586,20.83294105529785,8.614007782101163,8.552529182879374,,,47.066601416666664,22.298451933333336,27.12682625,16.2759575
1987-11-04,5860,,0.0,0.0,0.0,0.0,1.8764283012843157,1.4677877654920262,0.8527206778526306,0.5468398928642273,0.6731215119361877,0.4642297029495239,0.09766238182783127,0.0909537523984909,0.2526346743106842,0.10012418031692505,0.8791828793774322,0.7564202334630356,,,33.986004963133325,11.695022806666664,16.11363687,7.6729389999999995
1987-11-11,8830,,2.0,2.0,2.0,2.0,28.886284909471087,18.529061181823337,57.6231575012207,50.3388557434082,30.18614387512207,15.043472290039062,36.87537384033203,31.88116455078125,47.81528091430664,38.135650634765625,46.56984435797668,32.378210116731545,,,42.446028578333326,16.60688377833333,31.64183995,16.455252
1987-11-18,7320,,3.0,3.0,3.0,3.0,15.512887151072682,14.489460760275218,26.030029296875,15.846537590026855,7.587977409362793,3.4161386489868164,16.25716781616211,16.228242874145508,17.056554794311523,15.06881046295166,6.132295719844352,4.658171206225674,,,31.326325256666667,15.98222439,27.880751200000002,13.69010525
1987-11-24,12200,,1.0,1.0,1.0,1.0,64.5119101647893,28.816772510854964,94.12257385253906,49.11041259765625,53.18478775024414,19.045595169067383,80.26958465576172,33.32721710205078,100.68864440917969,50.22771453857422,63.719844357976676,26.84182879377431,,,16.387523484,8.697944516666666,8.952364927,7.047936549999999
1987-12-01,8760,,2.0,2.0,2.0,2.0,21.3113384242292,19.896850852391914,44.166908264160156,38.574256896972656,37.88492965698242,23.30301284790039,50.64792251586914,47.13540267944336,40.71482467651367,36.822593688964844,65.95603112840465,46.723346303501934,,,39.260100270500004,24.35967066666667,22.71148392,12.7140195
1987-12-03,14400,,3.0,1.0,1.0,3.0,96.39989094820807,46.63936515611171,103.73396301269531,38.574256896972656,77.40156555175781,33.8326530456543,107.881591796875,47.13540267944336,88.6423110961914,36.822593688964844,110.48638132295719,46.723346303501934,,,59.4289849,24.35967066666667,43.9164,20.260862000000003
1987-12-05,12500,,2.0,2.0,2.0,2.0,66.58937856299984,46.63936515611171,46.46028518676758,32.19572830200195,46.89106750488281,20.265899658203125,44.69960403442383,37.99120330810547,42.99174880981445,29.168630599975586,66.08326848249028,35.53988326848248,,,48.01948285,17.231069333333334,35.1443295,15.755262
1987-12-10,32100,,2.0,2.0,1.0,2.0,112.82310132576904,79.93105730454279,105.11225891113281,49.50605773925781,102.75685119628906,56.76494598388672,84.455810546875,48.259037017822266,98.39598846435547,47.41339111328125,127.4175097276265,95.01653696498059,,,32.916260302,16.741591916666668,24.37843315,14.837034249999999
1987-12-23,8950,,0.0,0.0,0.0,0.0,44.02737089393133,24.675042001373825,18.512292861938477,14.040509223937988,25.053232192993164,16.181440353393555,23.873920440673828,17.02594757080078,32.97615051269531,19.19984245300293,18.833463035019445,9.519844357976645,,,28.15070852333333,13.269128283333332,24.3121711,14.7495145
1988-01-15,26300,,3.0,3.0,2.0,3.0,98.67350097299762,50.707495209819726,108.40065002441406,60.450103759765625,74.55604553222656,37.545127868652344,118.15629577636719,75.9097900390625,110.20487976074219,58.18406677246094,110.06284046692608,68.53210116731516,,,24.792893951666667,9.719807766666667,12.3516122,5.1911233
1988-01-20,11200,,1.0,1.0,0.0,1.0,9.83491012202549,9.248992338361678,19.18340492248535,18.686491012573242,15.928306579589844,8.712974548339844,15.745452880859375,15.252493858337402,21.32747459411621,16.762378692626953,22.405642023346296,19.34241245136186,,,20.05618534355,7.7008584099999995,13.704248685,5.25366215
1988-01-22,10800,,1.0,1.0,1.0,1.0,20.512908195993056,9.89317780641935,36.43494415283203,18.686491012573242,26.06056785583496,13.232612609863281,29.766998291015625,15.252493858337402,38.28514862060547,19.425905227661133,37.147470817120606,19.34241245136186,,,22.01472177666667,9.334679488333334,20.328233965,10.115890499999999
1988-01-28,9370,,2.0,2.0,1.0,2.0,4.051875714496905,3.2678757153115776,39.029991149902344,28.067089080810547,17.054601669311523,13.71323013305664,7.546903610229492,7.4365997314453125,15.039602279663086,12.930948257446289,21.64474708171204,19.4338521400778,,,21.586426383333333,11.2606301,13.15864615,10.0111748
1988-02-09,12900,,0.0,0.0,0.0,0.0,48.954900584986746,18.983839380125698,66.0877685546875,43.205848693847656,41.19070053100586,14.939413070678711,53.19384765625,33.29149627685547,53.23707580566406,36.400753021240234,81.6398832684825,36.24280155642027,,,55.269005166,22.605076616666665,33.587926350000004,14.9871635
1988-02-15,16400,,1.0,1.0,0.0,1.0,48.36568063796706,20.173824042936584,81.96430969238281,38.679962158203125,37.188655853271484,16.2015380859375,67.89981079101562,25.047134399414062,75.79849243164062,28.187599182128906,70.44883268482494,31.23190661478601,,,21.28046585481667,9.916321716666666,8.508386169000001,4.40775225
1988-03-07,18000,,0.0,0.0,0.0,0.0,62.61581268912292,24.85574573312617,56.96862030029297,41.73775100708008,47.587615966796875,21.028066635131836,45.1396369934082,30.708438873291016,42.256595611572266,29.19452476501465,40.56614785992217,27.834630350194544,,,26.409018419999995,11.091342199999998,22.41533372,11.10359675
1988-03-23,16400,,1.0,1.0,0.0,1.0,66.4514073245156,37.956522029854824,97.32635498046875,55.71234893798828,56.64421081542969,25.691938400268555,80.6994400024414,49.984222412109375,90.51895141601562,47.23395538330078,76.09396887159532,35.73463035019453,,,16.894672695,7.658116528333333,17.0306781,7.6915492
1988-03-26,25300,,2.0,1.0,1.0,2.0,104.7392159214895,64.06949698628705,79.80885314941406,37.63897705078125,87.1522445678711,40.997676849365234,100.79562377929688,55.009864807128906,97.71881866455078,54.53166961669922,120.4301556420233,54.99280155642019,,,12.0417854501,5.8208728544333335,9.8215836975,5.0442636499999995
1988-04-03,21100,,1.0,1.0,0.0,1.0,55.70183740400627,31.26490624422781,80.69297790527344,38.66423034667969,50.721046447753906,20.918888092041016,50.68336486816406,26.3907470703125,55.43043899536133,28.55466079711914,60.19299610894946,38.55797665369654,,,18.883091581,9.298622133333332,15.3745455,9.2290787
1988-04-06,30700,,2.0,2.0,2.0,2.0,137.85539197807788,107.54858316381393,103.29315185546875,57.932029724121094,103.98258209228516,47.64728927612305,93.85919952392578,50.40348815917969,96.71836853027344,50.21955108642578,118.75661478599224,55.150972762645985,,,15.372605566666667,6.422457033333334,12.285449,5.4196645
1988-04-19,22300,25.53,0.0,0.0,0.0,0.0,11.0563403534577,8.074487579484288,12.138662338256836,11.13488483428955,11.618204116821289,8.966987609863281,6.7166056632995605,3.856078863143921,16.0749454498291,10.809122085571289,9.035797665369653,8.370233463035023,,,7.094272647583333,3.795678487333333,3.3319014615,2.82490026
1988-04-29,18200,,1.0,1.0,1.0,1.0,7.838556411536099,7.2760057417430115,15.853280067443848,10.797313690185547,15.053041458129883,8.33285140991211,19.764585494995117,12.978852272033691,22.894268035888672,15.166960716247559,23.381322957198442,11.095136186770432,,,11.487574810400002,4.251903923333334,2.784427875,2.595741015
1988-05-03,19000,,0.0,0.0,0.0,0.0,30.614034441508974,13.449302105536688,25.843639373779297,15.773319244384766,25.125045776367188,10.842093467712402,30.655590057373047,17.831729888916016,25.624378204345703,16.02158546447754,25.13774319066147,15.767509727626454,,,10.977028098333333,4.299468266666667,2.7751284000000003,2.0355457
1988-05-10,16100,,1.0,0.0,0.0,1.0,0.5977342253525066,0.4689388138457534,0.3938509523868561,0.3681786060333252,0.12627752125263214,0.12627752125263214,0.0002565132745075971,0.00016870442777872086,0.5121161341667175,0.2399800419807434,0.5058365758754862,0.3453307392996107,,,7.726070586666667,3.1344153116666664,3.11993931,2.060795185
1988-05-13,35600,,1.0,1.0,0.0,1.0,22.562950315902384,17.59211856138182,31.435348510742188,31.423460006713867,26.037620544433594,13.11877155303955,20.688486099243164,20.688447952270508,25.941877365112305,25.825698852539062,32.44416342412451,18.796108949416347,,,6.903859822333332,3.0021308651666665,3.664882415,1.9097362699999998
1988-05-15,26300,,2.0,2.0,1.0,2.0,30.545422571441907,17.59211856138182,41.5055046081543,31.423460006713867,21.300567626953125,12.918848037719727,29.991344451904297,20.688447952270508,35.40250015258789,25.825698852539062,19.996108949416346,18.796108949416347,,,5.807354069666666,3.555587205,1.25943988,0.62143007
1988-05-20,18500,,0.0,0.0,0.0,0.0,7.979636697338789,4.046707450830685,10.888727188110352,10.070098876953125,5.776625633239746,5.461825370788574,8.605928421020508,6.453494548797607,9.637929916381836,8.632929801940918,4.468482490272371,3.785214007782099,,,9.186569833383333,6.205302883333332,5.8869260835,4.59199425
1988-05-27,21400,,0.0,1.0,0.0,1.0,13.071001892523212,9.690103240733848,14.74375057220459,14.741340637207031,22.549938201904297,16.626306533813477,10.74971866607666,10.74971866607666,10.665873527526855,10.648877143859863,19.599221789883277,16.97568093385215,,,6.170258775950001,3.4817941933333336,2.648199363,1.6141478999999999
1988-06-03,22400,,2.0,2.0,1.0,2.0,31.81177817054278,13.723303979031215,34.3979377746582,14.773225784301758,23.319198608398438,13.584871292114258,35.97001647949219,20.982006072998047,35.65251159667969,22.6229305267334,29.590856031128407,15.272762645914401,,,8.792475774716667,4.98137866255,2.296916015,1.058836815
1988-06-10,17600,,0.0,0.0,0.0,0.0,17.947520066516553,7.304330776458032,7.562405586242676,6.78840446472168,19.760591506958008,8.48982048034668,21.869752883911133,15.230212211608887,16.221681594848633,13.806922912597656,13.709533073929961,5.791050583657588,,,5.745877711533333,2.0578603999999996,3.8104685775000005,2.1680811
1988-06-21,25100,,2.0,2.0,1.0,2.0,0.25906309804319977,0.106110899035826,0.04570668190717697,0.02087460644543171,0.17587560415267944,0.17587560415267944,0.0007073889137245715,0.0006687943823635578,0.3609170913696289,0.2501370310783386,1.005836575875489,0.5270428015564218,,,14.499913200933335,6.318672050833334,6.304271592500001,3.3479726525
1988-06-27,24500,,0.0,0.0,0.0,0.0,0.15899043985981723,0.15899043985981723,3.271048069000244,3.2451331615448,0.0,0.0,0.4310348629951477,0.38194841146469116,0.6392679214477539,0.3283647894859314,0.00894941634241245,0.00894941634241245,,,9.603572405616667,4.366715348383333,0.6540057787000001,0.428136375
1988-07-02,16800,13.72,1.0,1.0,0.0,1.0,35.00599998421677,19.902523898713675,14.514396667480469,13.666179656982422,26.965566635131836,16.452369689941406,11.939345359802246,6.254214763641357,16.209854125976562,10.964244842529297,34.37470817120625,22.525680933852154,,,3.9323099656666662,1.7995414314999998,0.81410829,0.459813845
1988-07-06,17400,14.0,0.0,0.0,0.0,0.0,8.541839393816913,6.2405908219534085,13.072158813476562,12.363779067993164,7.555938720703125,6.2284650802612305,5.669808387756348,5.380153179168701,8.796524047851562,6.668729305267334,11.605058365758763,10.371400778210123,,,2.7604915282666664,1.6672273183333335,0.32844229205,0.236233251
1988-07-13,22600,15.87,1.0,0.0,0.0,1.0,23.853994267458233,10.071831733273275,14.208648681640625,9.177922248840332,24.25196075439453,13.020652770996094,22.647897720336914,13.274924278259277,20.532888412475586,8.816344261169434,24.33093385214009,11.394163424124516,,,0.9789848195666666,0.5769159762333332,0.13340037700000001,0.11239841
1988-08-04,13000,12.3,0.0,0.0,0.0,0.0,1.4844512402903143,1.4410936876574538,0.590081512928009,0.5860594511032104,0.0,0.0,0.9760567545890808,0.9759560823440552,0.35363611578941345,0.3478028476238251,0.5007782101167316,0.49961089494163435,,,4.5615753945,2.591967493333333,0.0045094535,0.0045094535
1988-08-08,11100,11.49,0.0,0.0,1.0,1.0,0.9923307830389914,0.9838489474656139,0.10612168908119202,0.09469456970691681,0.04083804413676262,0.04083804413676262,0.33265140652656555,0.28617653250694275,0.6097401976585388,0.42139604687690735,0.2854085603112844,0.2854085603112844,,,5.576800438666667,3.76058896,0.030507816,0.030507816
1988-08-17,9920,10.98,0.0,0.0,0.0,0.0,18.12924091065575,7.251883364544316,9.238269805908203,8.963824272155762,16.22865104675293,6.880601406097412,13.163966178894043,12.72244930267334,14.554617881774902,12.364667892456055,18.75252918287937,12.476653696498047,,,1.0822033894666665,0.8760530355833333,0.12786391165,0.10192526499999999
1988-09-19,8740,10.45,1.0,1.0,0.0,1.0,39.42090055110765,29.26187760515377,33.09880065917969,30.1466121673584,31.334320068359375,15.973405838012695,33.86273956298828,31.7544002532959,30.238142013549805,28.8719425201416,42.329377431906636,26.602723735408574,,,9.8937629,6.849106966666667,7.1298969,5.86142025
1988-09-25,14500,12.69,1.0,0.0,0.0,1.0,56.143143349968206,42.35895214920924,65.00226593017578,62.28474807739258,59.289825439453125,26.34324073791504,58.445953369140625,40.91096496582031,49.07005310058594,41.767616271972656,83.29824902723736,34.29688715953308,,,3.8637152925000002,1.7327944316666668,0.9482633375,0.830118675
1988-09-28,16700,13.73,0.0,1.0,1.0,1.0,41.30021606858069,31.293091773075083,22.899938583374023,17.436695098876953,30.465099334716797,15.790702819824219,25.07965850830078,21.369464874267578,18.376487731933594,15.570157051086426,26.790856031128413,13.79844357976654,,,12.766145519333334,4.725550654333333,7.296798850000001,3.30720165
1988-10-06,10100,11.11,0.0,0.0,0.0,0.0,3.361087956067787,2.2540152965168723,0.20711947977542877,0.20705527067184448,1.8581154346466064,1.235292911529541,0.0036174452397972345,0.002853320213034749,0.05960001423954964,0.04756137356162071,1.8085603112840463,1.5583657587548634,,,51.01256895492167,23.13769961666667,17.981256544300003,13.3984065
1988-10-13,6820,9.54,2.0,2.0,1.0,2.0,5.114233268040453,3.9333919666949697,9.811213493347168,9.810196876525879,18.861190795898438,16.460567474365234,0.8465330600738525,0.8439953327178955,2.3553030490875244,2.315934181213379,34.536964980544745,34.445136186770426,,,25.82000823166667,13.488137793333335,12.4712155,8.0932388
1988-10-16,42200,22.14,4.0,4.0,3.0,4.0,159.78024646748094,73.8329271513463,96.55825805664062,37.76771926879883,118.48359680175781,48.01321029663086,116.38287353515625,53.72440719604492,98.68815612792969,47.360923767089844,153.681906614786,52.02023346303503,,,9.086465823666666,5.634932689999999,3.94050351,2.48872955
1988-10-21,16400,13.77,1.0,1.0,1.0,1.0,18.283401519090628,15.416541101827676,18.86081314086914,10.166269302368164,14.825770378112793,7.879940032958984,9.732536315917969,7.635958671569824,14.750225067138672,7.937946319580078,14.192607003891048,10.468093385214008,,,24.433876186666666,10.41330105,16.970390650000002,8.921827350000001
1988-11-03,24500,16.81,2.0,2.0,1.0,2.0,63.41278394509662,40.17362141107738,123.73275756835938,53.84928894042969,59.365394592285156,27.666704177856445,95.71031188964844,44.47006607055664,85.90386199951172,38.22037124633789,75.35350194552531,31.8525291828794,,,34.63362890333333,14.602910316666668,21.7288705,8.243195
1988-11-06,47200,23.46,4.0,4.0,3.0,4.0,96.3703421233912,64.4745754675929,91.49622344970703,48.68128967285156,78.61595153808594,46.45967483520508,97.70405578613281,48.17420196533203,113.21620178222656,55.568572998046875,106.9443579766537,66.72140077821012,,,29.168221200833337,10.680051654166668,12.53705145,6.744596700000001
1988-11-12,23600,16.5,0.0,0.0,0.0,0.0,58.02458128988401,24.58781454895924,53.40190124511719,24.947389602661133,50.17360305786133,21.0294132232666,51.527374267578125,24.546695709228516,61.95587921142578,30.9648494720459,69.34338521400778,31.710894941634255,,,13.575130033583333,7.761930905000001,4.187557065,2.05946425
1988-11-22,23200,16.36,1.0,1.0,0.0,1.0,70.99848759789768,36.677376672369114,95.4808578491211,32.79754638671875,64.4273452758789,35.23752975463867,84.29469299316406,37.50832748413086,73.54341125488281,27.367328643798828,88.44416342412453,34.0352140077821,,,24.193887715,10.605910378333332,13.141473215,7.1802952
1988-11-27,16700,13.89,1.0,1.0,0.0,1.0,34.84723898266971,13.999600361227762,33.44679641723633,21.86153793334961,41.363197326660156,17.784276962280273,38.147674560546875,24.451005935668945,44.90678405761719,27.19074821472168,60.90116731517513,24.54085603112841,,,28.229232770166668,14.058342170166666,11.173504068,5.82876685
1988-12-01,17100,14.03,0.0,1.0,1.0,1.0,14.111499058697053,10.359149154695908,2.4380345344543457,2.4210000038146973,6.615735054016113,3.3644979000091553,5.264145851135254,5.252014636993408,7.282771110534668,7.1192216873168945,4.928404669260701,3.781517509727627,,,58.88913038333333,34.3129549,27.1846985,16.496999
1988-12-07,20300,15.27,0.0,0.0,0.0,0.0,18.119695977193224,9.415820267642662,33.48859405517578,15.838766098022461,23.686052322387695,11.068053245544434,31.13484764099121,22.917461395263672,30.485923767089844,19.700393676757812,28.14299610894942,17.5898832684825,,,27.508283951999996,12.610746341666664,15.190040250000001,10.0549385
1988-12-13,34000,19.9,2.0,2.0,1.0,2.0,58.28182220663902,45.418164448346054,61.37822723388672,30.254735946655273,59.06562042236328,31.883716583251953,46.47675323486328,26.69445037841797,69.07051849365234,33.046630859375,61.0317120622568,29.609533073929942,,,33.545180439999996,17.44172418333333,9.16417657,5.2064316
1988-12-21,16100,13.63,0.0,0.0,0.0,0.0,15.617707434303776,10.022699789380937,27.9149169921875,12.072381019592285,9.975855827331543,4.655953884124756,15.662640571594238,7.550656318664551,18.249807357788086,7.230918884277344,13.081128404669263,5.589105058365756,,,38.84624083533333,15.132495466666668,34.3087186,17.863716
1988-12-30,16100,13.62,2.0,2.0,0.0,2.0,57.50092740714694,47.01557556393042,92.04698944091797,58.691104888916016,52.550559997558594,28.605409622192383,88.53195190429688,66.09033203125,76.40308380126953,46.47645950317383,66.90583657587555,46.35194552529189,,,19.339974743883335,10.656618796666667,2.36735931665,1.07092179165
1989-01-02,12900,12.31,1.0,0.0,0.0,1.0,15.824300183664633,8.397013386394509,,,,,19.93784523010254,12.669967651367188,26.144248962402344,18.4210262298584,,,,,11.119925632616667,6.899807993616666,3.5775045199999997,3.03331975
1989-01-04,26100,17.38,1.0,2.0,0.0,2.0,57.92129830842265,36.990944580639756,70.11279296875,33.08336639404297,50.58027648925781,28.932470321655273,52.69331741333008,26.266725540161133,77.36404418945312,32.78330612182617,66.08112840466922,43.77159533073926,,,20.59425757695,9.108520033333333,11.2616046,4.3161793
1989-01-11,17000,14.01,0.0,0.0,0.0,0.0,46.00253923718834,22.073380515862606,39.630157470703125,24.170869827270508,28.34069061279297,16.6236629486084,40.028167724609375,23.398706436157227,48.608821868896484,26.332382202148438,30.520817120622574,19.197081712062264,,,23.545709025,10.651371416666667,18.419967275,9.98310325
1989-01-17,25100,17.04,1.0,1.0,1.0,1.0,63.96105167469148,27.28879735301147,91.53165435791016,42.936161041259766,67.03702545166016,24.672893524169922,103.09002685546875,36.67995834350586,86.9078369140625,33.284305572509766,77.4560311284047,39.720622568093404,,,51.26949017,17.858356983333334,36.90859925,16.777542500000003
1989-01-22,19200,14.86,0.0,0.0,0.0,0.0,25.273644353098362,18.693065003956708,27.399877548217773,13.000776290893555,22.7900333404541,11.938844680786133,17.13249969482422,7.940273284912109,27.472400665283203,10.527870178222656,24.309922178988323,13.12412451361867,,,32.52243944,11.9776555,27.360193200000005,11.3463197
1989-01-31,24900,16.96,2.0,2.0,3.0,3.0,45.60157164946144,25.084680627454535,42.20280456542969,27.040456771850586,47.83881759643555,23.460739135742188,36.76030731201172,20.805509567260742,59.73716354370117,26.945980072021484,53.04513618677045,27.246498054474714,,,14.521197283833333,9.550497979,9.206892824999999,4.928589499999999
1989-02-17,14400,12.94,0.0,0.0,0.0,0.0,12.14107263544806,10.240118527275655,13.907113075256348,13.716514587402344,26.911235809326172,13.332058906555176,19.497325897216797,15.308614730834961,4.546030044555664,3.3738441467285156,33.517120622568115,17.326070038910515,,,29.36870553916667,13.573091316666668,23.59232265,12.24479625
1989-02-22,13500,,2.0,0.0,0.0,2.0,12.761711288466346,9.946160620074883,24.010107040405273,23.157772064208984,24.94033432006836,13.586755752563477,32.137245178222656,29.2475528717041,23.61115264892578,22.18844223022461,30.25894941634241,19.09182879377432,,,15.051123955166666,8.805525211666666,8.924102300000001,3.6407039
1989-02-26,13500,,0.0,0.0,0.0,0.0,6.783489470839782,4.453070736865924,6.405862808227539,4.4049882888793945,2.65203857421875,1.3038285970687866,9.851343154907227,7.418651580810547,12.291679382324219,10.945198059082031,2.323346303501945,1.6025291828793766,,,19.383357329166667,6.876239129000001,15.87976355,6.94238975
1989-03-06,14400,12.94,2.0,2.0,0.0,2.0,30.464913949117076,25.06810515514979,39.823787689208984,24.226621627807617,41.61571502685547,20.245014190673828,44.372528076171875,27.129310607910156,51.246612548828125,27.343708038330078,43.55894941634243,31.154280155642038,,,32.536923517495005,12.547814308333335,25.742772199999997,11.2803735
1989-03-11,14400,12.95,1.0,1.0,0.0,1.0,38.26043787485311,23.826657749726714,31.496517181396484,18.92485237121582,43.15185546875,17.27194595336914,36.80954360961914,17.978790283203125,28.507369995117188,11.974143981933594,50.548249027237354,18.556031128404666,,,22.904342468333333,9.731748918333333,12.648802775,6.409238875
1989-03-29,11800,11.84,0.0,0.0,0.0,0.0,33.8727189183919,13.94201718963127,40.462345123291016,18.87477684020996,24.546899795532227,11.84178352355957,47.93035125732422,23.00054359436035,51.131385803222656,23.231958389282227,24.690856031128405,11.852140077821012,,,19.507694199541668,7.672487450000001,8.90665796,4.978127850000001
1989-04-06,29000,18.38,4.0,3.0,2.0,4.0,96.63695223723496,45.200556434135365,94.34431457519531,45.514400482177734,81.94143676757812,35.22247314453125,78.28321838378906,56.70362091064453,98.86604309082031,53.017181396484375,111.74630350194556,71.00778210116734,,,22.157309897333334,9.719178764,12.15151148,5.466155430000001
1989-04-13,16700,13.89,0.0,0.0,0.0,0.0,0.02317399588719822,0.020045888861267333,4.229048499837518e-05,3.283296973677352e-05,0.0,0.0,0.0,0.0,0.0004920181236229837,0.0004920181236229837,0.12217898832684798,0.11867704280155615,,,11.805560643333333,5.98735545,4.258564005,1.97517585
1989-04-20,22300,16.02,1.0,1.0,1.0,1.0,6.373411090373654,4.855927342239119,18.35004997253418,16.677541732788086,15.898186683654785,9.092321395874023,16.39992332458496,14.172667503356934,11.701787948608398,10.576933860778809,15.712256809338527,12.133657587548642,,,9.685025181616668,6.061700655783334,7.425726613,5.29207255
1989-05-19,18700,14.67,0.0,0.0,0.0,0.0,40.63874186707899,27.353877631017856,53.439842224121094,22.384567260742188,31.636474609375,16.099151611328125,35.6263313293457,17.15329360961914,34.964019775390625,20.757369995117188,32.351556420233464,24.365564202334625,,,4.16794303595,1.7476919216666664,1.3591008580000001,1.15440363
1989-06-14,27600,17.92,2.0,2.0,2.0,2.0,8.62131166961142,8.099282987458528,6.066521644592285,5.48246955871582,10.904501914978027,6.123734951019287,3.19830322265625,3.104835033416748,8.328117370605469,7.930534362792969,9.138132295719842,5.329571984435796,,,5.306387733333334,3.35855594,4.040651260000001,2.4629209000000003
1989-06-21,18600,14.62,1.0,1.0,0.0,1.0,17.85320653592861,10.45948759738305,19.584369659423828,10.979092597961426,9.481891632080078,6.711367130279541,20.203960418701172,11.27108383178711,24.719640731811523,17.469846725463867,14.455058365758747,12.571011673151743,,,7.355020054666667,4.272511833333334,2.218079949,1.8406596499999999
1989-07-01,18800,14.68,2.0,1.0,0.0,2.0,25.158338437038502,15.178686416777381,25.694448471069336,16.92681121826172,19.417640686035156,7.149904251098633,36.28889465332031,17.556354522705078,19.641138076782227,11.1496000289917,19.34571984435797,6.913229571984432,,,10.702443644999999,6.107636941666667,5.562182695,2.95595257
1989-07-12,15600,13.44,0.0,0.0,0.0,0.0,3.678709374629869,2.9512007712968846,5.914230823516846,4.625375270843506,0.0896376296877861,0.0896376296877861,1.230441689491272,0.9312155246734619,4.826357364654541,4.347633361816406,0.5869649805447475,0.5562256809338526,,,6.032812700000001,3.4328446850000005,0.9602360125,0.53225086
1989-07-17,17700,14.28,1.0,0.0,0.0,1.0,15.914900573602669,11.897892924613297,16.188432693481445,11.302228927612305,8.88852310180664,5.787658214569092,9.7850980758667,7.089140892028809,9.938211441040039,7.299884796142578,20.146108949416334,15.394163424124502,,,3.4497751169999997,2.942613253333333,0.6451542575,0.45387576
1989-08-16,10900,11.45,0.0,0.0,0.0,0.0,11.355483771527291,7.596504791972742,7.166560173034668,5.207172870635986,19.357946395874023,7.960702896118164,15.816788673400879,7.696313858032227,23.41659164428711,15.137897491455078,11.420038910505836,6.540077821011677,,,2.1545420613333333,1.672997725,1.273393525,1.273393525
1989-08-21,11000,11.5,1.0,1.0,1.0,1.0,20.24490818364615,17.885774352582416,28.027172088623047,27.163068771362305,30.5261287689209,17.585073471069336,25.41533851623535,22.79300308227539,25.126270294189453,23.95573616027832,39.9204280155642,27.66653696498055,,,1.4159287976666666,0.717264295,0.252513413,0.22437289500000002
1989-08-28,9240,10.7,0.0,0.0,0.0,0.0,7.453604184220861,3.836357541737791,2.5390849113464355,1.349415898323059,3.4561517238616943,2.0131497383117676,2.5565030574798584,1.806546688079834,3.44787335395813,2.9854156970977783,10.0295719844358,6.589105058365758,,,5.1259345145,2.4345128356666668,2.3877884819999995,2.0585179499999997
1989-10-10,6800,9.52,1.0,1.0,1.0,1.0,2.2022963639012185,1.8873078374305194,3.755319595336914,3.230071544647217,13.952279090881348,11.48393726348877,10.097262382507324,10.094610214233398,18.247039794921875,17.745763778686523,21.79805447470817,21.715953307392994,,,9.069164038833334,4.5840999191666665,0.3133452665,0.229197347
1989-10-12,10400,11.24,2.0,2.0,2.0,2.0,46.21584896127476,29.255581243088322,21.89313507080078,12.573674201965332,47.843929290771484,21.999425888061523,55.345340728759766,27.912410736083984,57.24224853515625,25.15332794189453,57.657976653696494,21.715953307392994,,,13.121906780666666,8.056827211666667,12.683522522,9.6248985
1989-10-17,9300,10.73,2.0,2.0,2.0,2.0,1.3478661552416589,0.6542906303468016,0.0013224720023572445,0.0006781609263271093,0.7909576296806335,0.7157197594642639,0.039679042994976044,0.03966629132628441,0.01875017210841179,0.01540335826575756,0.06031128404669263,0.04299610894941636,,,23.606683433333334,10.223292433333333,12.15062625,5.9292587999999995
1989-10-21,10900,11.43,1.0,0.0,0.0,1.0,32.37108606527792,21.961701767184117,33.75748825073242,25.92571449279785,26.565601348876953,13.741887092590332,28.528461456298828,26.614147186279297,29.219602584838867,16.5548038482666,27.48073929961088,15.173346303501939,,,29.312467591666667,10.662149574999999,24.1494348,10.3050545
1989-10-23,11000,11.51,2.0,2.0,1.0,2.0,39.80362148610337,21.961701767184117,49.94783401489258,25.92571449279785,45.792415618896484,21.40850830078125,52.13774108886719,26.614147186279297,40.101219177246094,16.5548038482666,58.30856031128406,21.931517509727648,,,28.6512744905,15.756266576,21.42074565,10.835221500000001
1989-10-28,12400,12.1,0.0,0.0,0.0,0.0,32.22636709822721,18.11461757473918,22.33607292175293,18.497371673583984,25.098657608032227,15.957557678222656,26.456260681152344,20.51520347595215,29.740198135375977,20.900209426879883,26.678404669260708,23.400194552529193,,,15.536571316666665,6.428007751666667,5.955888085,3.21246585
1989-11-04,29800,18.54,2.0,2.0,2.0,2.0,69.54351054461108,59.83647229429869,63.41471862792969,43.323394775390625,60.04035186767578,36.692626953125,62.851348876953125,37.61759948730469,69.15017700195312,35.448570251464844,85.57412451361863,52.100778210116665,,,19.731261461733332,9.442970206233333,11.46587445,5.9010346
1989-11-11,84000,30.54,3.0,3.0,4.0,4.0,185.8312678838551,96.89574768985435,134.90611267089844,69.08441162109375,112.21307373046875,60.34876251220703,148.75035095214844,72.77976989746094,178.8900909423828,91.13590240478516,130.46712062256805,64.952140077821,,,29.597627146143335,19.37628681781,13.1279891148,7.1878341648
1989-11-12,61900,26.71,3.0,0.0,0.0,3.0,111.32903071160982,62.8950249469531,73.45924377441406,64.8537368774414,61.12101745605469,33.22898483276367,90.81024169921875,65.83016204833984,100.42117309570312,74.1953353881836,83.08501945525288,48.76634241245134,,,33.689713999143336,19.37628681781,11.229942614799999,7.1878341648
1989-11-21,28100,18.11,3.0,0.0,0.0,3.0,42.30433072958918,18.576883323333917,69.95710754394531,28.0788631439209,31.114179611206055,14.982132911682129,19.996715545654297,9.896703720092773,27.412389755249023,10.334335327148438,38.38852140077821,25.458171206225682,,,40.392045722333336,22.489930878333336,25.893993072500002,14.124055
1989-11-23,24000,16.64,1.0,1.0,0.0,1.0,28.694361381421942,16.97229828068677,45.19418716430664,29.117923736572266,30.451770782470703,16.763166427612305,27.77542495727539,17.878705978393555,32.529415130615234,24.594335556030273,51.01517509727628,29.46731517509729,,,23.852516899500003,10.468262577166668,15.1111708425,7.6226616499999995
1989-11-27,22300,16.02,0.0,0.0,0.0,0.0,24.88537288836807,15.735472316032785,13.236745834350586,9.781112670898438,16.82605743408203,7.725376129150391,10.592077255249023,7.478794574737549,24.5970516204834,12.998970985412598,15.736381322957198,8.43813229571984,,,10.254419160133335,4.255430833333334,3.8122929475,3.432480885
1989-12-02,16400,13.77,2.0,2.0,2.0,2.0,0.7070076475304998,0.5465621401887052,5.10130500793457,4.803398132324219,22.880096435546875,22.878555297851562,7.147089004516602,7.043332099914551,13.471406936645508,13.437321662902832,31.737548638132257,30.760894941634202,,,27.836833715265335,17.13796436666667,14.110865795796,9.0243821
1989-12-04,47600,23.37,3.0,3.0,2.0,3.0,109.87380104811518,70.21736887581717,118.24559020996094,69.44707489013672,110.65115356445312,45.57808303833008,122.2626953125,80.70336151123047,121.92097473144531,63.01285934448242,150.81420233463024,61.4474708171206,,,8.538043227265334,4.3352489961666665,3.867343945796,3.53609243
1989-12-07,46600,23.4,1.0,1.0,1.0,1.0,62.077043895892814,47.00811464517568,17.026790618896484,10.208623886108398,35.66510772705078,14.924684524536133,13.500073432922363,9.64487075805664,13.032093048095703,8.229092597961426,30.027431906614787,16.476653696498055,,,47.50830341666667,22.704222533333336,42.108478950000006,23.75757825
1990-01-01,11400,11.66,0.0,0.0,0.0,0.0,27.341294410204014,24.776279116679788,,,,,32.78528594970703,21.27766990661621,38.3278923034668,22.72150230407715,,,,,12.124734127833333,5.972573219499999,4.9805754335,2.9718526585
1990-01-05,14700,13.07,1.0,1.0,1.0,1.0,42.56588910961698,27.969869974466402,69.25831604003906,32.151878356933594,51.212520599365234,24.704051971435547,61.61859893798828,28.538881301879883,77.28133392333984,34.58485412597656,75.6003891050584,32.65058365758756,,,44.483240949166664,23.77715110833333,26.26964,14.3559485
1990-01-07,27300,17.81,2.0,1.0,1.0,2.0,82.10268830181764,39.60566349467174,132.2235870361328,68.8280258178711,73.1502456665039,26.47654151916504,104.38346862792969,59.43144226074219,115.97089385986328,58.88365936279297,88.04610894941636,32.65058365758756,,,44.83241949999999,23.77715110833333,33.41882325,14.3559485
1990-01-10,47400,23.6,1.0,0.0,0.0,1.0,116.83475135753989,55.18728488535544,82.2303466796875,47.35688781738281,81.04393005371094,47.3844108581543,96.44383239746094,56.35249328613281,81.97547149658203,53.240623474121094,130.63677042801555,76.08093385214003,,,38.6440440275,15.339798149999998,27.573212299999998,11.467985449999999
1990-01-29,18300,14.5,0.0,0.0,0.0,0.0,84.96445327188043,35.7779331699612,94.60249328613281,43.96367645263672,67.97642517089844,28.995410919189453,85.53536987304688,40.871463775634766,96.77487182617188,44.81303405761719,99.34552529182884,43.807198443579814,,,23.592919644471667,9.675742395,2.621850398415,2.19236365
1990-02-03,16800,13.9,1.0,0.0,0.0,1.0,47.31439964880679,18.942277271478627,90.48483276367188,37.66395568847656,44.168155670166016,14.97586441040039,72.52217102050781,31.351346969604492,94.1710433959961,39.9597053527832,70.99922178988326,23.96692607003892,,,24.521624178333333,14.467507333333332,19.911641684999996,14.280106499999999
1990-02-11,39900,21.68,3.0,3.0,3.0,3.0,122.10499058740773,61.44008233943815,150.96701049804688,72.79956817626953,100.69953918457031,50.00217056274414,140.00619506835938,64.21166229248047,140.9378204345703,69.4953842163086,148.0964980544747,69.03560311284048,,,32.39166075,14.477397333333334,32.89820125,13.0615395
1990-03-10,20900,15.48,0.0,0.0,0.0,0.0,57.83385286686753,31.48312817431317,56.63665008544922,29.175212860107422,38.34662628173828,15.524202346801758,65.66758728027344,35.703121185302734,74.98402404785156,36.83881759643555,46.007392996108926,22.061284046692585,,,16.806994466,8.76629845,13.160841519999998,9.166333999999999
1990-05-02,16900,13.97,1.0,0.0,0.0,1.0,7.853001908975454,6.937537281451672,0.27710914611816406,0.2548934519290924,8.376077651977539,4.849371910095215,1.7664227485656738,1.1952112913131714,5.513826370239258,3.1802735328674316,5.208754863813231,2.940661478599223,,,9.41302260222,4.602699211000001,4.49659293,3.23574665
1990-05-08,20000,15.17,0.0,0.0,0.0,0.0,13.188441706661948,9.849908243857652,19.57369613647461,12.637211799621582,12.643033027648926,8.276679992675781,14.946157455444336,10.385035514831543,23.1568660736084,11.856576919555664,13.423540856031138,9.911089494163434,,,9.388024769333333,4.142734311,1.7709744120000002,0.8834278900000001
1990-05-22,16000,13.61,1.0,1.0,0.0,1.0,15.601743798741241,8.79032506393429,15.47355842590332,7.222985744476318,17.73619270324707,6.314006805419922,20.726322174072266,13.417435646057129,20.305387496948242,12.229903221130371,19.75953307392997,8.98813229571985,,,6.113111058833333,3.4755413666666666,2.32780451,2.08492695
1990-05-26,15500,13.37,1.0,1.0,1.0,1.0,8.636292532774847,6.4049254183018185,18.90401840209961,13.094797134399414,8.304566383361816,5.17412805557251,16.170164108276367,10.884061813354492,27.297760009765625,16.124740600585938,5.58852140077821,4.929571984435798,,,6.834906965716666,3.020277613216667,4.4455284,2.1678536
1990-06-02,21000,15.53,2.0,2.0,1.0,2.0,26.006579354262946,13.008644371142124,22.280033111572266,16.519107818603516,22.587207794189453,10.116769790649414,50.896705627441406,27.582595825195312,70.67303466796875,50.028724670410156,21.95,17.098638132295715,,,7.395614432283335,2.718221123716667,5.51986117115,1.97568375
1990-06-12,27200,17.8,0.0,0.0,0.0,0.0,42.293332729125346,17.707022981479565,33.200252532958984,12.205240249633789,28.682151794433594,12.678421020507812,45.7807502746582,22.924068450927734,46.69081115722656,22.98774528503418,40.57023346303502,25.387354085603103,,,10.632994137833334,4.099065966833334,4.9232138075,2.41670545
1990-06-18,22600,16.13,1.0,1.0,1.0,1.0,0.3477017206082434,0.2202810704025634,0.17813321948051453,0.11554931104183197,0.30598723888397217,0.14130190014839172,0.8433907628059387,0.6296170949935913,0.7244117856025696,0.3659234344959259,0.2778210116731513,0.14435797665369632,,,5.542506720733334,2.656573756666667,2.3251211872,1.6623874500000002
1990-06-24,28900,18.38,0.0,0.0,0.0,0.0,1.1272351837607482,0.9495009582032972,0.1012374684214592,0.0884554386138916,0.4784628748893738,0.3394393026828766,0.2827530801296234,0.247560515999794,1.2914416790008545,0.8814916610717773,0.8778210116731512,0.7655642023346301,,,3.8276150268333335,1.3338379173333335,0.7866474635,0.40564213
1990-06-30,25000,17.01,1.0,1.0,1.0,1.0,3.511674945619105,2.5447609857077325,2.670440673828125,1.3834710121154785,1.1227364540100098,0.6225424408912659,0.36159974336624146,0.2925947308540344,1.6479616165161133,1.0374785661697388,0.3834630350194552,0.3834630350194552,,,5.700629780883333,3.6026934707666665,0.16312522335,0.150151445
1990-09-01,14000,12.83,0.0,0.0,0.0,0.0,54.47820839821694,27.959889055893935,29.026288986206055,25.311180114746094,28.99947738647461,21.43637466430664,42.9427604675293,24.81705093383789,34.025672912597656,21.282756805419922,26.827626459143975,23.603501945525295,,,3.558145340116667,2.26426913,0.682306925,0.562298085
1990-10-01,7810,10.21,1.0,1.0,1.0,1.0,0.9615774370463259,0.6796749521861116,8.483647346496582,8.466962814331055,9.139435768127441,8.483357429504395,7.395419597625732,7.386171817779541,10.992431640625,10.91385555267334,12.834630350194551,12.497665369649804,,,10.431308958333332,4.567956756666667,5.679288639999999,4.2064416
1990-10-05,40800,21.81,4.0,4.0,0.0,4.0,137.28631730790804,77.71122364605817,83.70649719238281,51.86565017700195,115.11576843261719,52.12268829345703,122.13421630859375,67.05416870117188,153.28689575195312,82.74647521972656,138.0044747081711,87.60272373540849,,,7.104572462745,3.869900726333333,1.9121805975,1.6994057839999999
1990-10-10,15200,13.32,1.0,0.0,0.0,1.0,23.296445422577023,22.457300108203924,13.753029823303223,12.678522109985352,17.360177993774414,12.32223892211914,18.16206169128418,11.029801368713379,18.85918617248535,12.705778121948242,23.176070038910517,17.672373540856043,,,2.67511362315,1.1169599455,0.54558625195,0.37428585
1990-10-12,14800,13.16,1.0,2.0,1.0,2.0,44.67782209471093,22.457300108203924,35.89728927612305,23.2114315032959,33.55406951904297,15.31890869140625,40.35752487182617,32.758522033691406,35.38013458251953,29.139266967773438,40.699416342412434,21.4054474708171,,,11.242471363000002,7.019536585833335,0.483060149,0.207439055
1990-10-18,18100,14.41,1.0,1.0,1.0,1.0,35.5065047803322,20.452130026388808,34.1450080871582,25.987537384033203,25.127342224121094,11.520343780517578,29.4512939453125,20.509185791015625,32.671966552734375,21.538084030151367,34.45311284046694,15.634630350194572,,,9.200937440583333,5.726929409583334,1.44674017175,1.26290635
1990-10-21,17700,14.28,2.0,2.0,2.0,2.0,39.11366722143004,26.196418672173248,28.41000747680664,23.47338104248047,30.97347640991211,14.026755332946777,29.415117263793945,26.789594650268555,39.730838775634766,36.455711364746094,48.173929961089506,44.70428015564204,,,25.584275147966665,13.207623763800001,10.5024778525,9.0310457
1990-10-23,19200,14.85,0.0,4.0,4.0,4.0,38.78866338233235,26.196418672173248,26.571353912353516,23.47338104248047,15.720149040222168,14.026755332946777,29.085264205932617,26.789594650268555,38.45042037963867,36.455711364746094,45.160116731517526,44.70428015564204,,,13.996135898083331,5.631846481166666,7.6864419,3.38737765
1990-10-28,22200,15.96,2.0,2.0,2.0,2.0,53.88899234629967,32.130015297556014,37.5073127746582,18.984363555908203,36.66024398803711,14.825647354125977,29.78081512451172,19.312896728515625,43.422332763671875,33.931575775146484,36.633657587548626,20.78910505836575,,,17.208686803333332,9.981598283333334,14.61377981,12.027533
1990-10-30,22500,16.11,1.0,1.0,1.0,1.0,47.935361401870644,19.68771127578633,52.89719009399414,27.257286071777344,34.83638000488281,12.36497974395752,49.39444351196289,21.794897079467773,73.94874572753906,33.931575775146484,45.522178988326836,20.78910505836575,,,12.706220625,5.22795669,6.2342113,2.8732992
1990-11-04,21700,15.81,0.0,0.0,0.0,0.0,28.131535394026862,23.615286829822605,48.56525421142578,28.421436309814453,30.935943603515625,15.248485565185547,43.10894775390625,24.082067489624023,36.452972412109375,25.959327697753906,50.69883268482489,31.829377431906615,,,39.24734692166667,18.30025572166667,10.005326465,4.73616135
1990-11-11,130000,35.63,4.0,4.0,4.0,4.0,222.82249494902717,119.32223134378174,186.15737915039062,93.81504821777344,147.80657958984375,94.47443389892578,202.26092529296875,109.12344360351562,207.09335327148438,119.13127899169922,212.88793774319046,172.4945525291827,,,50.89744676666666,20.101848,50.780432999999995,21.0307505
1990-11-17,44500,22.46,0.0,0.0,0.0,0.0,37.71059849784206,18.580866175445497,27.668228149414062,16.90656852722168,23.620004653930664,8.254914283752441,16.36430549621582,8.491308212280273,32.63594055175781,16.39564323425293,21.13093385214006,11.341050583657577,,,50.56697595,21.769063133333333,45.337159,17.172746
1990-11-24,97200,32.05,5.0,5.0,5.0,5.0,234.9885297031293,111.98357554010862,181.92857360839844,78.42183685302734,200.23684692382812,79.5405044555664,219.711669921875,77.68160247802734,254.56570434570312,94.22506713867188,246.4953307392996,89.752140077821,,,31.770307107500003,14.6575697475,18.25952373,9.171587500000001
1990-11-29,42600,21.96,1.0,1.0,1.0,1.0,39.278625187169354,18.265669202131985,75.65392303466797,58.204811096191406,42.297035217285156,21.628448486328125,55.543556213378906,38.120540618896484,77.11376953125,51.353614807128906,61.53949416342415,44.21575875486384,,,33.74601071,14.126741243333333,27.5309363,17.5207325
1990-12-04,41900,21.77,3.0,2.0,3.0,3.0,100.33742265594165,57.24547239300398,80.0539779663086,62.322052001953125,79.17533874511719,36.543060302734375,84.31432342529297,46.08446502685547,117.13834381103516,58.69017028808594,105.15661478599219,48.08287937743194,,,31.694143076833335,13.615803566666665,24.6164782,10.635202
1990-12-09,35200,19.89,2.0,0.0,0.0,2.0,53.24375527542611,39.996908222512126,77.45188903808594,44.28419876098633,60.057945251464844,26.648338317871094,47.932376861572266,24.566329956054688,57.29646301269531,32.903079986572266,81.88715953307384,58.5173151750972,,,12.642648566666665,4.634311016666667,8.8291553,3.5384676500000003
1990-12-13,24500,16.38,0.0,0.0,0.0,0.0,16.464621428916022,11.463087960408135,15.699556350708008,13.26424503326416,7.9388017654418945,3.7004992961883545,7.766081809997559,3.987002372741699,15.360074996948242,8.068793296813965,6.759143968871595,3.752529182879375,,,31.772828960000002,14.536996333333335,30.8205241,14.400469999999999
1990-12-18,24300,16.32,1.0,1.0,1.0,1.0,59.448554437650266,40.40879532583699,70.52726745605469,53.958778381347656,53.10591125488281,25.622846603393555,49.090057373046875,37.99148941040039,64.24877166748047,45.53410339355469,57.324708171206254,33.06809338521402,,,20.647679701666664,8.346186066666666,18.45955605,6.834101
1991-01-01,14500,12.57,0.0,0.0,0.0,0.0,65.59587758547319,34.97046649800774,,,,,81.5225830078125,58.277984619140625,93.27525329589844,62.697593688964844,,,,,29.324159615300005,12.869378333333335,28.4401925,13.686233
1991-01-12,29200,17.98,1.0,1.0,1.0,1.0,73.48903642240093,40.91230985539365,113.2960205078125,49.824256896972656,85.98433685302734,48.25050735473633,72.79110717773438,39.83967590332031,68.53724670410156,32.541378021240234,134.57529182879375,62.60856031128407,,,39.15650863166666,16.644260179,34.626742,13.5056975
1991-01-16,33400,19.35,0.0,0.0,0.0,0.0,81.73868262972931,37.71959274539984,43.490230560302734,22.364715576171875,65.70523071289062,32.912376403808594,42.2879524230957,21.094636917114258,51.601924896240234,23.938379287719727,43.69435797665372,28.902723735408575,,,31.447650566666667,12.415494016666665,23.0312854,10.8264575
1991-02-03,32800,19.2,3.0,4.0,3.0,4.0,75.67949144168976,36.72239583582541,126.05619812011719,49.113624572753906,72.48869323730469,27.224323272705078,92.46951293945312,50.05035400390625,100.10415649414062,46.229774475097656,94.64513618677043,34.279961089494165,,,20.219019967499996,12.044928011666665,12.666056825,10.37850185
1991-02-05,48800,23.65,3.0,3.0,2.0,3.0,86.67849905854429,39.082915879572326,102.37574005126953,41.72614669799805,68.61631774902344,37.983760833740234,88.9128189086914,52.86314392089844,108.43903350830078,74.46317291259766,79.28638132295717,41.41926070038907,,,11.651423677499999,5.0651328866666665,5.84526799,3.86093045
1991-02-06,42000,21.78,1.0,1.0,2.0,2.0,63.97568451869813,39.082915879572326,72.53699493408203,41.72614669799805,46.86071014404297,37.983760833740234,68.83049774169922,52.86314392089844,86.91361999511719,74.46317291259766,48.637743190661446,41.41926070038907,,,12.996084216666667,5.0651328866666665,5.867614065,3.86093045
1991-02-14,27200,17.37,0.0,0.0,0.0,0.0,36.275470370358214,21.141938809170092,40.145633697509766,29.286144256591797,26.796295166015625,11.070357322692871,43.33224105834961,29.627038955688477,47.60279083251953,22.521514892578125,25.916342412451357,12.01400778210116,,,22.524581591500002,10.630473229833333,20.6298576,9.22812135
1991-02-20,44100,22.38,2.0,2.0,2.0,2.0,91.1333535544959,46.17525998948865,83.49813842773438,58.4340705871582,83.9575424194336,39.53540802001953,69.05941772460938,46.37117004394531,89.38888549804688,57.91118240356445,110.84922178988326,68.2272373540856,,,10.170955563583334,4.317709581333333,1.27128958675,0.7782339175
1991-03-04,28100,17.65,0.0,0.0,0.0,0.0,99.87475339678002,35.73960039766067,107.65341186523438,64.50300598144531,70.47817993164062,29.37520408630371,104.25169372558594,47.19232940673828,88.04435729980469,34.90006637573242,101.09163424124519,50.03793774319068,,,17.263069988966667,8.546880233333333,9.7450197,4.8962938
1991-04-05,30700,18.48,2.0,0.0,0.0,2.0,132.059952174016,61.244793491883215,140.7877197265625,65.8260498046875,112.73925018310547,43.90087890625,152.22227478027344,72.13490295410156,129.1921844482422,64.53146362304688,147.5813229571984,65.23443579766534,,,11.830042133333333,5.099538616666667,6.426745985,3.7432746999999997
1991-05-08,23400,15.98,0.0,0.0,0.0,0.0,30.885458888988193,13.703912051640323,34.08929443359375,18.500490188598633,27.738040924072266,10.952898979187012,45.116127014160156,19.87354850769043,45.39240264892578,22.155885696411133,28.486575875486384,11.688910505836578,,,11.32207460765,4.373146194166667,4.484573225,1.7844018
1991-06-11,26800,17.21,0.0,0.0,1.0,1.0,6.4278317485719185,6.150913966873066,4.160664081573486,3.790820360183716,12.029380798339844,6.813748836517334,3.5509166717529297,3.323007822036743,6.829784393310547,5.672812461853027,14.345136186770429,8.357392996108954,,,6.1254711362166665,2.6988677116166664,0.9361660238,0.6897042
1991-06-22,23000,15.84,0.0,0.0,0.0,0.0,17.04674187412995,9.115428310507342,8.741083145141602,5.528672695159912,16.79320526123047,8.11125659942627,19.317338943481445,13.911581993103027,22.824417114257812,12.467658042907715,19.608171206225684,14.577042801556422,,,8.934688880500001,4.881935031666667,5.26417878,3.4834332
1991-07-13,31300,19.15,0.0,0.0,1.0,1.0,0.18938623409563352,0.12559464674226647,2.509939193725586,2.5098214149475098,1.4149196147918701,1.3856706619262695,0.9099981188774109,0.8831648826599121,2.5369386672973633,1.8003368377685547,1.5770428015564193,0.9101167315175095,,,1.8172901826999999,1.0296791333333333,1.8630418106,1.21086
1991-07-17,24000,16.65,0.0,0.0,0.0,0.0,14.826843207843385,8.46918928566216,12.56752872467041,10.02975082397461,8.901147842407227,3.7603707313537598,12.250234603881836,9.845932006835938,5.884500980377197,2.703495502471924,9.109727626459142,7.028404669260699,,,5.580601915883332,2.8924558039999995,0.60396636715,0.46545447715
1991-08-09,18300,14.5,5.0,5.0,5.0,5.0,6.8977227656704505,4.475254311208501,12.07144546508789,9.784744262695312,8.41130256652832,7.184208869934082,5.739870071411133,3.7257137298583984,6.622020244598389,3.6766984462738037,7.739299610894944,4.4136186770428045,,,4.352641785333333,1.5487318019999998,0.13586427099999998,0.089210125
1991-08-13,15900,13.57,0.0,0.0,0.0,0.0,5.805611849517204,3.0772026752194757,14.716458320617676,7.738893032073975,6.121731281280518,3.496699810028076,7.172177314758301,3.0005693435668945,11.007349014282227,4.110855579376221,3.8914396887159515,2.0070038910505823,,,0.9034359553333333,0.8174387123333333,0.017406637,0.017406637
1991-08-27,11500,11.78,2.0,2.0,2.0,2.0,28.342688332911248,24.208596552421213,38.19009017944336,37.64894104003906,28.974939346313477,14.807170867919922,40.10731887817383,37.54615020751953,30.714374542236328,30.00464630126953,28.7408560311284,21.912645914396876,,,16.503392314000003,8.435836787333333,7.298731032,5.1263625
1991-08-29,17600,14.23,5.0,5.0,5.0,5.0,77.81847411234565,31.776263852420318,63.15564727783203,37.64894104003906,43.14861297607422,14.807170867919922,64.4250259399414,37.54615020751953,69.3282241821289,30.00464630126953,38.911284046692586,21.912645914396876,,,11.18564093325,4.652193859333333,5.8131731132,2.058946781
1991-09-14,8700,11.63,0.0,0.0,0.0,0.0,4.582556402694254,3.3558718924732065,5.260025978088379,5.2592010498046875,5.528152942657471,4.803882122039795,2.937669515609741,2.937000274658203,3.159374475479126,3.1394309997558594,12.573735408560307,12.310700389105053,,,27.55918174593333,11.887652861433333,8.99985654,6.4014165
1991-09-22,6200,11.6,1.0,1.0,1.0,1.0,0.0,0.0,0.0009758151136338711,0.0008126983302645385,0.10736595839262009,0.10736595839262009,0.49744895100593567,0.4885416328907013,0.2463514655828476,0.17274916172027588,0.0,0.0,,,7.677572849,3.7772274489999997,4.51258956,2.51732283
1991-09-28,10400,,0.0,0.0,0.0,0.0,0.031609942555164,0.028487571629109733,0.159455806016922,0.09373785555362701,0.11760091036558151,0.11760091036558151,0.00025876169092953205,0.0001838965981733054,0.046872690320014954,0.024612396955490112,0.017120622568093383,0.013618677042801555,,,6.4106944383333335,2.8257936183333334,2.509780615,1.51448521
1991-10-15,5520,9.25,0.0,0.0,1.0,1.0,0.09536328905904896,0.09478967529423285,0.0018632730934768915,0.0018632730934768915,4.185590744018555,4.185590744018555,0.0,0.0,0.011214081197977066,0.011214081197977066,0.02023346303501946,0.02023346303501946,,,16.408831125916667,8.801670744416667,7.445730955000001,5.5985393000000006
1991-10-16,5690,9.33,2.0,2.0,1.0,2.0,3.885177826261358,3.789814537202309,16.159399032592773,16.159399032592773,13.25904655456543,9.073455810546875,12.673640251159668,12.673640251159668,15.089762687683105,15.089762687683105,18.864007782101172,18.843774319066153,,,19.910292183416665,8.801670744416667,6.203628577500001,5.5985393000000006
1991-10-19,5760,9.36,1.0,0.0,0.0,1.0,15.486801159335744,12.391489496650477,1.873741865158081,1.8385041952133179,2.5479421615600586,1.6087106466293335,5.186863899230957,3.9557652473449707,9.408799171447754,6.309223175048828,1.9284046692606998,1.3801556420233454,,,29.027854787083335,12.562272300000002,17.906122476249998,9.417356999999999
1991-10-21,6110,9.53,1.0,1.0,2.0,2.0,17.4433709394944,14.606022947832914,10.5453462600708,10.507065773010254,20.740991592407227,11.336464881896973,11.472281455993652,10.352581024169922,18.545927047729492,14.68284797668457,27.90603112840467,23.633657587548637,,,36.996270093999996,15.850572820666665,22.138854334999998,9.8314345
1991-10-26,6730,9.83,0.0,0.0,0.0,0.0,23.873003842449798,16.08292736993465,20.86627769470215,16.756412506103516,15.030759811401367,9.766535758972168,13.519553184509277,8.870195388793945,14.755412101745605,8.822443962097168,25.588521400778202,24.35136186770427,,,34.74975939833333,15.769264266666667,30.876616499999997,15.666697
1991-11-01,6730,9.83,1.0,1.0,0.0,1.0,7.953948362104072,3.9879464607393764,10.810855865478516,10.469259262084961,9.49096965789795,5.302935600280762,6.851082801818848,6.620690822601318,9.224023818969727,9.163599014282227,11.123540856031127,6.430155642023346,,,33.64677315333333,14.779940536666667,26.1867749,14.7421148
1991-11-05,12200,12.23,1.0,1.0,1.0,1.0,51.813076458933025,26.33710515111628,64.40962219238281,32.27629089355469,46.066959381103516,20.384416580200195,43.783531188964844,30.566499710083008,62.18273162841797,31.161073684692383,59.90447470817118,40.20214007782098,,,17.383938886962333,6.99884737,1.048780123,0.54146171
1991-11-12,28800,18.24,3.0,3.0,2.0,3.0,69.81637856307222,51.65283741960106,60.72798156738281,37.181644439697266,76.5042724609375,34.0533332824707,56.29188919067383,27.88128662109375,71.8072509765625,42.22918701171875,94.82859922178994,71.13696498054478,,,37.17544763446667,17.097613583133334,27.547797850000002,12.704077000000002
1991-11-15,17200,14.17,2.0,3.0,3.0,3.0,52.93568837179434,30.580814554632052,32.418975830078125,30.406391143798828,23.626869201660156,17.571311950683594,22.517658233642578,20.073326110839844,25.327219009399414,22.758930206298828,18.597470817120616,11.83852140077821,,,28.99863141033333,14.500480910333332,20.619053200000003,8.7837318
1991-11-17,17200,14.18,1.0,1.0,0.0,1.0,32.247481773869644,30.668598408452866,67.97928619384766,45.75374221801758,41.01765441894531,21.069442749023438,80.91085052490234,52.799888610839844,69.46945190429688,41.662574768066406,65.32587548638134,35.23249027237356,,,30.211197593666665,14.500480910333332,19.6811551,8.7837318
1991-11-20,32000,19.3,2.0,2.0,2.0,2.0,91.89197905934336,59.31688916842751,94.65486145019531,53.062950134277344,79.54888916015625,46.35491180419922,98.07006072998047,53.00459671020508,116.17228698730469,65.24959564208984,101.85739299610898,66.94396887159532,,,41.735622795000005,25.992510691666666,34.765696399999996,18.970495999999997
1991-11-27,21600,15.78,0.0,0.0,0.0,0.0,65.26072854931905,41.74078780515244,41.45353698730469,32.136600494384766,39.648475646972656,19.56379508972168,39.50914764404297,28.439849853515625,48.236671447753906,30.627492904663086,43.609143968871564,25.23852140077819,,,40.51848461666667,19.623414363333332,30.634237049999996,18.5555365
1991-12-06,36500,20.69,2.0,2.0,1.0,2.0,84.85385660847103,64.40962718412935,100.57450866699219,42.07944869995117,74.07325744628906,40.41564178466797,79.728271484375,47.50026321411133,84.82542419433594,42.573490142822266,106.65350194552526,68.1328793774319,,,13.803366678333333,7.844656625,7.09889797,5.89298485
1991-12-09,28400,18.21,1.0,1.0,1.0,1.0,95.28137855092152,39.44761374074232,86.17092895507812,40.808807373046875,66.2098159790039,29.02669906616211,62.56507873535156,30.90057945251465,97.82742309570312,40.908172607421875,94.82743190661483,41.44571984435802,,,14.966807508333332,9.310608416666666,4.689620275,4.16807175
1991-12-13,22400,16.07,0.0,0.0,0.0,0.0,59.17956017844564,22.451487570951194,59.439918518066406,31.55358123779297,34.45652770996094,16.848344802856445,64.62890625,36.981361389160156,82.23828125,44.12739181518555,56.920233463035025,38.26575875486383,,,19.960432174666664,9.153053166666666,14.624857315,8.598844
1991-12-21,11200,11.79,1.0,1.0,1.0,1.0,15.532638635737449,7.292365213473912,25.996692657470703,19.261070251464844,9.846623420715332,3.910182237625122,9.152338027954102,6.3132500648498535,23.205068588256836,14.843538284301758,10.225097276264592,5.790856031128406,,,36.529057359999996,14.154126166666666,41.39068965,17.7961855
1991-12-27,9290,11.0,2.0,2.0,1.0,2.0,6.091862325311726,3.2722963606422306,7.152941703796387,4.927454471588135,5.0944013595581055,1.982864499092102,1.6599708795547485,1.356126308441162,2.001159429550171,1.4161075353622437,3.7142023346303508,1.6892996108949418,,,45.819245808333335,22.69652758333333,46.0201001,23.08712775
1992-01-02,10500,11.5,2.0,2.0,1.0,2.0,32.41636326921219,30.79104969582483,,,,,32.65789031982422,32.2920036315918,36.90769577026367,33.61493682861328,,,,,14.229876126666667,5.103274943333333,11.50687135,4.5067169
1992-01-10,16000,13.71,2.0,1.0,1.0,2.0,27.767172113823992,18.40787765811096,47.41031265258789,35.18579864501953,41.972354888916016,18.295804977416992,15.250448226928711,14.974239349365234,18.012550354003906,11.783814430236816,53.23929961089493,30.65992217898832,,,41.995891741933335,17.0129035356,31.068262999999998,14.4159285
1992-01-17,17700,14.35,0.0,0.0,0.0,0.0,24.04567111532509,23.02316251220484,45.96852111816406,27.117692947387695,24.890514373779297,17.70505714416504,22.273571014404297,18.358051300048828,21.455068588256836,18.150901794433594,23.3124513618677,15.896108949416336,,,33.46501791833333,16.630554935,23.110463250000002,14.4052325
1992-01-24,36200,20.61,2.0,2.0,2.0,2.0,118.47994455005653,57.29430777985553,130.71900939941406,76.28803253173828,86.85526275634766,41.99774932861328,101.01896667480469,66.4481430053711,99.1965560913086,66.13837432861328,97.0120622568093,67.51653696498049,,,45.09500408333333,20.404304083333333,41.3228812,19.9912285
1992-01-25,31000,19.04,1.0,1.0,0.0,1.0,115.3927877418711,57.29430777985553,141.9879150390625,76.28803253173828,71.10369110107422,41.99774932861328,110.10865020751953,66.4481430053711,112.24720764160156,66.13837432861328,84.88832684824897,67.51653696498049,,,40.956226550000004,20.404304083333333,34.7486016,19.9912285
1992-01-30,36500,20.73,3.0,3.0,3.0,3.0,111.96323515739769,47.76960417599796,154.5228271484375,59.002193450927734,77.85673522949219,31.112768173217773,121.17510986328125,54.8051872253418,144.13409423828125,63.2938346862793,80.28229571984437,28.255642023346322,,,24.496725917000006,16.99452976666667,17.98992705,17.61667725
1992-02-02,33500,19.83,1.0,1.0,1.0,1.0,51.042221741144495,25.658990386795132,75.19853210449219,63.35877990722656,35.71648025512695,18.177152633666992,58.4380989074707,35.320945739746094,61.9109001159668,44.178855895996094,46.47276264591439,28.240661478599222,,,11.182125897999999,4.18229877,3.7834320650000004,2.8193020000000004
1992-02-16,17500,14.27,0.0,0.0,0.0,0.0,14.288223714713517,6.101988529948292,13.247184753417969,11.321316719055176,14.887078285217285,6.784475326538086,12.736224174499512,8.285211563110352,10.605420112609863,9.289344787597656,21.643385214007775,16.711478599221785,,,19.148639549,6.807815156666667,9.180856705,4.92166747
1992-02-22,25100,17.04,1.0,1.0,1.0,1.0,59.01179158998151,41.575797312574224,81.35409545898438,32.121543884277344,48.44293975830078,26.042631149291992,61.96595001220703,27.03950309753418,78.9659423828125,32.87502670288086,82.51361867704279,41.15953307392996,,,19.181289719916666,9.03373826,6.5177701597499995,6.51540028
1992-04-06,10900,11.67,0.0,0.0,0.0,0.0,25.593673077527697,11.892149175558218,26.545269012451172,12.55960464477539,16.188627243041992,7.303896427154541,32.66879653930664,14.559682846069336,31.907302856445312,14.946306228637695,21.176070038910506,10.130155642023347,,,7.075390381066667,4.002535055,4.2004814832,2.5094133000000003
1992-04-17,16400,13.83,2.0,2.0,2.0,2.0,38.7308833830165,31.522611876974597,69.4937515258789,44.925941467285156,45.5065803527832,22.531204223632812,59.21747589111328,31.429359436035156,57.727195739746094,29.20197105407715,56.52548638132296,26.819066147859928,,,6.523543704203333,3.1975352499999996,4.45847754,2.58970925
1992-04-22,10100,11.36,0.0,0.0,0.0,0.0,8.079290630341282,4.8932925408303625,11.519859313964844,7.6468505859375,10.885356903076172,4.937950611114502,12.81309700012207,10.059038162231445,12.037151336669922,7.48460054397583,12.185019455252924,5.971206225680936,,,17.483905796666665,7.938173616666666,8.00514705,3.62952585
1992-04-27,9500,11.08,1.0,1.0,1.0,1.0,7.685692163683113,7.579357555901799,17.49618911743164,15.021872520446777,12.838424682617188,9.843352317810059,7.824853897094727,7.7942609786987305,15.335982322692871,14.326131820678711,14.5715953307393,8.617315175097273,,,8.3720587175,5.434458199999999,3.726465194,2.2740996
1992-04-30,41000,22.38,2.0,2.0,1.0,2.0,54.03033464407659,24.287592770264663,58.763641357421875,38.208099365234375,40.144126892089844,21.196683883666992,52.95992660522461,32.9459114074707,61.226383209228516,36.660362243652344,45.87023346303503,33.440466926070066,,,13.189522099999998,5.0227402649999995,7.3695118,4.9131503
1992-06-14,17200,14.09,0.0,0.0,0.0,0.0,56.306028753348116,25.103128128708207,79.74185943603516,43.884090423583984,45.2597770690918,24.77370262145996,46.61130142211914,27.533096313476562,45.33827590942383,24.096290588378906,54.67548638132295,41.23287937743189,,,10.604861903,5.120422036666667,7.0376583749999995,3.815939175
1992-08-06,9830,11.07,1.0,1.0,0.0,1.0,4.846892933578259,4.42230019852609,6.523390769958496,6.51960563659668,15.151588439941406,15.019198417663574,11.888261795043945,11.885759353637695,11.030217170715332,10.712270736694336,22.436381322957196,16.734630350194557,,,2.6229716362666666,1.5010337833333331,0.0436485753,0.022251435
1992-08-23,8860,10.64,0.0,0.0,0.0,0.0,17.26869981844436,15.961644366867912,0.7376211285591125,0.7324452996253967,13.917508125305176,12.497746467590332,0.3129073977470398,0.2403331995010376,2.3376359939575195,1.9310418367385864,23.086575875486364,21.015564202334613,,,5.9608519745,5.050894181166666,0.0,0.0
1992-09-08,5000,10.54,1.0,1.0,1.0,1.0,44.538101430442126,40.32846472322599,26.89028549194336,26.124324798583984,34.98589324951172,20.99639892578125,31.621660232543945,30.811817169189453,25.100492477416992,24.44614028930664,55.21381322957198,38.56887159533074,,,14.236928035666669,6.524757650000001,4.106691107,2.49731195
1992-09-14,6700,10.29,0.0,0.0,0.0,0.0,14.586741872125813,8.133829825352985,4.655383110046387,4.058081150054932,12.551660537719727,6.7060441970825195,3.5989367961883545,3.284188985824585,4.391631126403809,3.33937668800354,11.956614785992215,7.07101167315175,,,2.8534147598333335,2.1020619716666666,1.1941241495,0.84506185
1992-09-21,6000,10.28,2.0,2.0,2.0,2.0,15.13430399288304,9.669732301643101,8.56075668334961,4.290930271148682,8.181346893310547,4.900790691375732,3.5887041091918945,3.1728250980377197,11.011894226074219,8.859201431274414,12.7284046692607,12.048832684824902,,,2.80028197679,1.7703229381666665,0.11765086537,0.072821305
1992-09-24,10800,11.54,2.0,2.0,2.0,2.0,37.99046845445218,37.895382412533,54.913455963134766,38.00796127319336,41.59339904785156,22.933032989501953,56.990447998046875,35.92276382446289,52.288963317871094,39.897666931152344,61.083657587548615,37.829766536964954,,,5.38557314903,2.312441805,0.7611781440899998,0.7468265649999999
1992-09-26,12800,12.32,1.0,1.0,1.0,1.0,67.08334035943503,37.895382412533,51.23792266845703,38.00796127319336,41.36518478393555,18.66036605834961,53.203609466552734,35.92276382446289,68.13269805908203,39.897666931152344,40.27392996108949,23.25389105058366,,,7.8260315028333345,4.539910271666667,2.1369034435,1.3380261999999998
1992-09-29,9220,10.8,2.0,2.0,1.0,2.0,19.820619523466696,19.52090824265781,0.6268627643585205,0.5037539005279541,0.7674234509468079,0.7674234509468079,0.01898919604718685,0.018989019095897675,0.03313858434557915,0.03301667049527168,0.0,0.0,,,13.673481596666667,7.799003468333333,12.563138350000001,8.261928000000001
1992-10-11,7440,9.99,0.0,0.0,1.0,1.0,0.5994455077396936,0.5856195038040284,4.915404319763184,2.448869466781616,0.28024375438690186,0.28024375438690186,0.01241298671811819,0.009213822893798351,1.391320824623108,1.0917634963989258,1.3379377431906585,1.1466926070038883,,,19.964056435,7.072358284999999,6.41933129,4.0110737
1992-10-18,7100,9.84,2.0,2.0,2.0,2.0,5.035305928968002,3.4968240939180437,38.19232940673828,35.820003509521484,18.292530059814453,12.909400939941406,13.648733139038086,12.80567455291748,17.045913696289062,14.853014945983887,27.54046692607004,16.98132295719844,,,10.189046739650001,4.115158806666667,8.80079772,3.63261335
1992-10-20,12400,12.15,3.0,3.0,3.0,3.0,39.800173964686195,19.21456024341328,79.6592788696289,35.820003509521484,41.03825378417969,14.27874755859375,38.68950271606445,15.337922096252441,51.520111083984375,27.815244674682617,44.141050583657595,16.98132295719844,,,13.762621013566667,8.591809848333334,12.50530525,7.858912
1992-10-22,12400,12.15,3.0,3.0,3.0,3.0,47.94556210578969,19.079778157502243,46.75006866455078,23.197181701660156,31.026071548461914,14.27874755859375,26.72609519958496,15.337922096252441,36.81889343261719,27.815244674682617,25.257198443579775,13.23424124513619,,,18.080055712533333,8.591809848333334,14.869735605,7.858912
1992-10-31,12400,12.17,0.0,0.0,0.0,0.0,13.724174012531513,6.872694077500878,31.782058715820312,19.612018585205078,29.206947326660156,19.414018630981445,27.499845504760742,16.822509765625,33.62052917480469,20.45452117919922,29.070817120622564,16.510700389105057,,,34.24375945166667,12.014199716666667,21.405765100000004,12.9654485
1992-11-04,13500,12.62,1.0,1.0,0.0,1.0,37.607128129243875,17.696558326881657,30.118030548095703,18.618249893188477,29.938695907592773,13.641246795654297,28.722434997558594,15.919975280761719,30.13861083984375,16.04686737060547,30.931322957198446,26.235019455252917,,,19.21625298058833,9.714571383333332,17.153000575000004,10.71564
1992-11-07,19900,15.07,2.0,2.0,1.0,2.0,36.32857167404381,30.136342216404174,37.93265914916992,29.444162368774414,34.9704704284668,16.939950942993164,36.28264236450195,33.51070785522461,29.13351058959961,25.73539924621582,54.97354085603111,42.18910505836574,,,37.971853356666664,15.153652833333334,27.1975548,14.5390585
1992-11-11,17000,14.0,0.0,0.0,0.0,0.0,30.4993729070637,22.30012815271506,24.611637115478516,20.51055335998535,22.657695770263672,11.714877128601074,27.591739654541016,22.72745704650879,25.31764030456543,19.872528076171875,29.78015564202333,24.70797665369648,,,25.457827551,10.300647776666667,10.8468862,4.76222075
1992-11-21,14200,12.91,1.0,1.0,0.0,1.0,37.77747033670345,14.80360228985719,67.5107650756836,41.96718215942383,50.79716873168945,28.934316635131836,66.5823745727539,44.972015380859375,58.14493179321289,32.04445266723633,81.70233463035021,60.23715953307395,,,18.344555159616664,7.127181502666667,9.2399651,5.60197885
1992-11-27,14400,12.96,2.0,2.0,2.0,2.0,13.09537093232392,12.825606114678013,39.31998825073242,35.31953430175781,16.201499938964844,11.45544147491455,19.594045639038086,19.59287452697754,32.360191345214844,29.210744857788086,24.25466926070041,22.757003891050605,,,56.25375554495,26.324437413283334,37.79022445,15.13352725
1992-11-30,15900,13.56,1.0,1.0,0.0,1.0,49.21008039592101,32.2566348827136,31.46848487854004,24.636207580566406,36.098690032958984,15.902246475219727,38.899314880371094,34.063232421875,40.19501876831055,34.540618896484375,47.08307392996109,33.484824902723744,,,36.087500453333334,16.08056383666667,22.976823500000002,8.230773
1992-12-09,11600,11.83,0.0,0.0,0.0,0.0,33.26387191931121,27.131221827767774,48.82699966430664,24.058218002319336,32.125362396240234,14.84033489227295,45.53532028198242,22.539581298828125,53.700897216796875,25.07892417907715,49.83268482490275,31.612451361867727,,,15.643016133333335,7.3517451833333345,12.764091235,8.18771225
1992-12-13,10800,11.5,0.0,0.0,1.0,1.0,29.144462771386745,27.21574957648837,17.738061904907227,13.02849292755127,22.42638397216797,12.35587215423584,12.67938232421875,10.204289436340332,19.450523376464844,10.793230056762695,13.370817120622565,9.933463035019452,,,15.6484012184,8.232546053833333,7.8241089965,3.47048875
1992-12-22,9120,10.76,0.0,0.0,0.0,0.0,75.13967498128318,37.17108987895754,66.77824401855469,27.876190185546875,48.669437408447266,16.97102928161621,63.37194061279297,26.371849060058594,80.02875518798828,33.78196334838867,71.87568093385215,27.090272373540856,,,19.126934838283333,8.452886415616666,1.71726984,1.560749
1993-01-19,6820,9.69,1.0,1.0,0.0,1.0,0.4191414917234677,0.20314531611438028,12.575028419494629,12.572173118591309,13.64622688293457,13.636130332946777,15.154095649719238,15.151256561279297,20.29480743408203,20.2846622467041,34.530544747081706,27.839688715953308,,,49.13754771921667,25.097923992833334,54.3714905,28.671835
1993-01-25,23300,16.25,2.0,2.0,2.0,2.0,88.46371512358317,75.432476112993,87.96646118164062,64.33951568603516,78.2716064453125,43.91996765136719,96.78092193603516,66.86188507080078,105.08177947998047,69.87602233886719,111.92607003891044,49.89163424124512,,,35.557846595,14.145827711666668,6.9809917200000005,6.15317265
1993-01-26,27600,17.92,0.0,1.0,1.0,1.0,105.80618934034162,75.432476112993,117.04647827148438,64.33951568603516,79.34956359863281,43.91996765136719,107.34893035888672,66.86188507080078,122.46371459960938,69.87602233886719,102.69922178988318,49.89163424124512,,,29.692001471666664,11.111667783333333,9.92762195,6.15317265
1993-01-31,14700,13.29,0.0,0.0,0.0,0.0,0.9619043977696531,0.8514034417965387,1.8033995628356934,1.8029158115386963,0.07785481959581375,0.07785481959581375,0.059050410985946655,0.059043701738119125,0.7110008597373962,0.696293830871582,0.014591439688715948,0.01400778210116731,,,24.139010053866663,12.989056298749999,23.377090275,15.353244
1993-02-06,12500,12.38,1.0,0.0,0.0,1.0,0.19536520146259978,0.19509177889214582,2.388258695602417,2.2930924892425537,0.0007972064195200801,0.0007972064195200801,0.06877593696117401,0.06781214475631714,0.4724905490875244,0.17151224613189697,0.0,0.0,,,25.353124708333333,14.125716266666666,20.69500155,10.088117449999999
1993-02-22,11300,11.89,0.0,0.0,0.0,0.0,8.223902478245181,3.7175028645513617,14.452399253845215,10.176519393920898,5.823511123657227,2.7268872261047363,10.348624229431152,3.5718605518341064,6.074011325836182,3.417642593383789,8.773540856031131,4.9714007782101195,,,11.629552989333334,5.932380119333334,7.524664658,4.453433358
1993-03-04,6420,9.69,2.0,2.0,1.0,2.0,14.204793509188505,9.085260050560047,44.27605056762695,27.477684020996094,24.025856018066406,15.749489784240723,43.566131591796875,34.27192306518555,52.816871643066406,34.103721618652344,39.000194552529194,24.618871595330756,,,43.30155776666666,23.19144563333333,25.8006099,10.2064365
1993-03-17,10300,11.44,0.0,0.0,0.0,0.0,50.488371020246404,32.415013438201086,35.61632537841797,22.105710983276367,30.09589385986328,13.206974983215332,32.323028564453125,16.751998901367188,28.03697395324707,16.49917221069336,35.85544747081711,13.640077821011666,,,26.670676607666667,11.350795926666668,24.131059899999997,10.7237865
1993-03-23,27200,17.74,3.0,4.0,2.0,4.0,74.11886999210482,59.31122946511263,79.49649047851562,41.36754608154297,56.179473876953125,30.88266372680664,68.40314483642578,29.779699325561523,83.10460662841797,47.692020416259766,74.44416342412453,41.46070038910507,,,18.859077395,8.668684255,14.977709149999999,6.54467015
1993-04-03,13000,12.61,0.0,0.0,0.0,0.0,14.968357542084075,6.561231344425427,30.57140350341797,13.11579418182373,15.354742050170898,7.019424915313721,21.29104232788086,9.39502239227295,33.098480224609375,16.81086540222168,24.675291828793775,9.27529182879378,,,18.977056688333334,7.931976783333333,15.126702485000001,8.333429500000001
1993-04-08,9380,11.06,1.0,0.0,0.0,1.0,17.283045893385214,9.903881461396956,33.40196990966797,23.275157928466797,25.994033813476562,12.504648208618164,23.731483459472656,15.278656959533691,33.46173858642578,20.69910430908203,38.51789883268482,25.350583657587546,,,10.289890425,4.432941066666667,8.7365167,4.04763555
1993-04-12,10100,11.39,0.0,0.0,0.0,0.0,18.462118555695515,9.300502864170257,8.43389892578125,4.814117431640625,15.614303588867188,8.4190092086792,28.707740783691406,19.624046325683594,17.342082977294922,11.94813346862793,10.889688715953298,5.949999999999996,,,10.496524826,4.296767966666667,6.227315968,4.4745631
1993-04-25,12200,12.27,1.0,0.0,0.0,1.0,17.168313572969666,9.120992355490278,39.89923858642578,27.955503463745117,19.496150970458984,11.009533882141113,32.53669738769531,15.505332946777344,36.48565673828125,16.490415573120117,32.558171206225694,18.45428015564203,,,9.916243787666668,4.026413989333334,5.7635429,3.20085875
1993-05-02,19800,15.21,0.0,0.0,0.0,0.0,41.541445474209794,24.086149089878877,34.3944091796875,17.74083137512207,36.239776611328125,18.947650909423828,21.891084671020508,11.187459945678711,18.315471649169922,8.589160919189453,40.817509727626465,25.70817120622568,,,7.6741170783333335,2.9381718583333334,1.537171345,1.03327365
1993-05-10,15400,13.56,2.0,2.0,2.0,2.0,23.723262000722137,12.064979006124956,14.841489791870117,11.962167739868164,17.991073608398438,8.263925552368164,8.39561939239502,7.358778953552246,16.7713623046875,10.109485626220703,15.749610894941643,6.252529182879382,,,3.4444074689999997,2.0120147035,0.9885051880000001,0.600323375
1993-05-15,28400,18.2,0.0,0.0,0.0,0.0,0.28471701668889704,0.10395602273165354,0.3377474546432495,0.3317157030105591,0.023982079699635506,0.023982079699635506,0.39730069041252136,0.3810657858848572,0.3116176426410675,0.16024743020534515,0.0132295719844358,0.008949416342412453,,,6.240894740683334,3.0455005033333333,4.23583292,2.6515758500000004
1993-05-21,28200,18.14,2.0,0.0,0.0,2.0,14.610453161425234,8.033221800556944,22.99191665649414,13.757284164428711,27.854284286499023,11.639829635620117,18.199674606323242,12.829228401184082,25.115272521972656,16.699493408203125,23.02665369649805,12.349805447470821,,,6.260089308333333,3.7380815349999996,3.3484073,2.38386635
1993-05-25,21200,15.72,0.0,0.0,0.0,0.0,2.668615679492565,2.654688337264871,0.16430377960205078,0.16226159036159515,0.19822221994400024,0.19822221994400024,0.1247301921248436,0.1247301921248436,0.04079149290919304,0.023578021675348282,0.1959143968871595,0.19066147859922175,,,4.417974320738334,3.321677206421667,1.3312575350000002,0.60486249
1993-05-30,23100,16.38,1.0,0.0,0.0,1.0,23.574024900547396,13.187925466217001,13.588094711303711,8.014958381652832,22.306259155273438,11.757759094238281,30.223285675048828,19.792865753173828,24.873268127441406,20.00775718688965,21.277821011673158,12.807976653696503,,,5.749116768333335,2.367194806666667,1.4079113950000002,0.8349675
1993-06-03,20300,15.41,0.0,0.0,0.0,0.0,29.939273423947977,14.84255066610887,14.582286834716797,8.949085235595703,22.844039916992188,8.95309829711914,14.421669006347656,9.263677597045898,25.175981521606445,10.509933471679688,26.085408560311294,13.93521400778211,,,6.208364903133333,2.459711878333333,2.1234082697,1.0054752747
1993-06-09,16900,14.11,1.0,1.0,1.0,1.0,10.973518154989879,4.757124272518815,27.448482513427734,20.052448272705078,24.983274459838867,19.931306838989258,29.23532485961914,20.136499404907227,42.74028015136719,27.07209587097168,38.2556420233463,23.443774319066144,,,2.7928770319333336,1.3809687633333334,1.266391295,0.5558199699999999
1993-07-21,20500,15.47,0.0,0.0,0.0,0.0,41.30491778614261,18.733237086928824,39.87152862548828,28.238588333129883,43.11073303222656,20.814884185791016,49.97147750854492,32.092811584472656,15.054369926452637,8.150102615356445,45.113813229571974,36.63891050583656,,,7.083887540033333,4.108140705083334,0.21374474510000002,0.19647511
1993-08-23,7350,10.12,1.0,2.0,2.0,2.0,13.811650101715577,12.417351823862834,18.854568481445312,18.7299861907959,17.998554229736328,10.405601501464844,9.010502815246582,8.880437850952148,26.93518829345703,25.15738868713379,22.94513618677044,13.66945525291829,,,2.24240953695,1.1566801575166668,0.1533006785,0.147570701
1993-10-15,6680,9.81,0.0,0.0,0.0,0.0,25.443801176343843,16.580235204664746,20.72369384765625,12.878072738647461,19.131685256958008,8.587968826293945,17.738895416259766,7.0394158363342285,16.242050170898438,6.850152969360352,26.76361867704281,12.324513618677045,,,18.4554625145,7.523387238333332,10.283294080000001,6.47952315
1993-10-24,17400,14.31,2.0,2.0,1.0,2.0,67.32361958847457,37.21873812556951,115.13890075683594,74.73270416259766,48.29429244995117,24.429210662841797,57.260414123535156,34.683372497558594,74.46491241455078,42.13824462890625,64.71828793774317,33.07548638132291,,,10.143928173666668,6.368354193333334,0.3119910805,0.19648108
1993-10-29,8960,10.87,2.0,2.0,2.0,2.0,9.532162527303544,7.8025870039973615,4.078601360321045,3.9628849029541016,10.763655662536621,6.939943313598633,9.835465431213379,9.670048713684082,4.343549728393555,3.9430885314941406,7.317898832684822,7.301945525291826,,,20.989988648890005,9.980275950000001,6.56464155205,4.5188688500000005
1993-11-03,8790,10.8,2.0,2.0,2.0,2.0,27.924606136271166,23.97801531888331,22.928329467773438,22.08164405822754,22.919315338134766,13.426812171936035,14.964642524719238,14.886795997619629,32.005577087402344,31.49313735961914,30.36789883268484,25.733852140077836,,,22.759951053516666,10.6221976156,6.917721820000001,3.28033445
1993-11-16,9530,11.12,0.0,0.0,0.0,0.0,31.854227565165054,20.0862447736824,45.856380462646484,40.535057067871094,27.624065399169922,13.67947006225586,33.081844329833984,28.066133499145508,45.921478271484375,37.08519744873047,37.081517509727625,26.154280155642017,,,62.37243515,29.658793166666666,44.78047600000001,18.562133000000003
1993-11-21,7890,10.38,0.0,0.0,1.0,1.0,40.7542886382479,35.27317774637707,34.284664154052734,33.70464324951172,36.89405822753906,17.450698852539062,41.054840087890625,37.952369689941406,56.05508804321289,42.58027648925781,47.576459143968876,31.686575875486394,,,38.984908399999995,14.118665233333333,31.5775345,12.9030095
1993-11-28,6690,9.82,0.0,0.0,0.0,0.0,7.649510513060017,6.080992349019242,15.516766548156738,9.645081520080566,15.338382720947266,9.267916679382324,5.778863430023193,4.706002712249756,1.7197632789611816,1.1376160383224487,20.49630350194553,12.176264591439695,,,21.439825261733333,8.431517832333334,16.329382295000002,7.376250000000001
1993-12-02,18600,14.77,0.0,0.0,2.0,2.0,69.54370938386789,26.87642828866583,64.43389892578125,35.06934356689453,55.575653076171875,20.195011138916016,54.84006881713867,25.356271743774414,54.0489501953125,26.064178466796875,70.55389105058366,33.23093385214008,,,27.786136429,11.279903300666666,19.553110600000004,9.9670757
1993-12-10,26800,17.56,3.0,3.0,3.0,3.0,96.67090832182014,61.31705360157312,106.22171783447266,69.6177978515625,91.59623718261719,38.36873245239258,81.1815414428711,38.49757385253906,100.61693572998047,55.3643913269043,113.80642023346306,52.099610894941655,,,29.435331925166665,12.3699040585,16.3556116,7.5174527499999995
1993-12-12,26400,17.77,2.0,2.0,2.0,2.0,106.69688537654184,61.31705360157312,89.77598571777344,69.6177978515625,62.26096725463867,32.842559814453125,61.7155647277832,38.49757385253906,75.83157348632812,55.3643913269043,64.30252918287938,34.05914396887159,,,29.301940715166666,12.3699040585,14.604800765,7.5174527499999995
1993-12-20,12500,12.59,0.0,0.0,0.0,0.0,0.2975009562951614,0.18621223727837705,0.007110757287591696,0.006564207375049591,0.0,0.0,0.0007753562531434,0.0007532554445788264,0.026869013905525208,0.0147857666015625,0.26517509727626426,0.26517509727626426,,,23.85120677411667,11.040909133333335,9.23287132235,3.4294909000000002
1994-01-01,11800,12.29,1.0,1.0,0.0,1.0,50.93068070709705,22.4493116901379,,,,,64.84751892089844,32.786983489990234,81.79467010498047,34.9671516418457,,,,,12.548586588233334,5.597984271666667,8.31281324,4.6093144200000005
1994-01-04,19400,15.29,1.0,1.0,1.0,1.0,47.012982858622486,26.600416880948593,91.24678039550781,68.30939483642578,57.15243148803711,26.59449005126953,82.91668701171875,58.600555419921875,74.09800720214844,52.930992126464844,76.04844357976657,39.674319066147866,,,16.229979855,12.094857873333332,2.148927301,1.04229412
1994-01-13,19300,15.25,0.0,0.0,0.0,0.0,39.16785659286305,16.233544920644157,53.332881927490234,27.408954620361328,28.0872745513916,11.197358131408691,28.19387435913086,14.045804023742676,47.58317947387695,18.586223602294922,31.20856031128405,16.795330739299615,,,25.508704857166663,10.309386028833332,18.57786285,7.852327799999999
1994-01-22,15600,13.85,1.0,1.0,0.0,1.0,14.488583168212546,13.912952193007387,34.11985778808594,28.725189208984375,18.591217041015625,10.584833145141602,20.229198455810547,19.609378814697266,25.064250946044922,21.15038299560547,25.51206225680934,16.155252918287932,,,19.970091549833334,12.434109766666667,14.599182047500001,10.571837
1994-02-12,10200,11.61,0.0,0.0,0.0,0.0,21.755967477311597,10.894676871327096,14.028501510620117,6.452110767364502,21.28087615966797,11.6972017288208,16.12306785583496,7.734108924865723,28.30594253540039,18.285289764404297,24.119066147859936,16.083073929961103,,,20.252913300000003,10.516706516666668,8.680314500000001,5.944038900000001
1994-02-16,14300,13.32,1.0,1.0,0.0,1.0,67.70875341376828,30.56889486039346,76.53392028808594,30.72540283203125,55.5947265625,24.820964813232422,85.27505493164062,41.028724670410156,104.51596069335938,41.021484375,65.80408560311282,28.345719844357944,,,17.65372275166667,8.728466151666668,10.9998219,5.5825403499999995
1994-02-23,12200,12.46,0.0,0.0,0.0,0.0,41.89865388469076,23.911057344130302,30.718658447265625,17.42868995666504,41.63630676269531,19.355390548706055,47.0179443359375,22.434452056884766,60.02787780761719,30.704256057739258,51.75583657587546,21.61167315175096,,,17.38037717483333,9.311495316666665,14.868856574499999,8.8912155
1994-03-02,35200,20.51,3.0,3.0,1.0,3.0,89.44287568638475,35.612695955637534,167.7139892578125,62.56224060058594,70.68228912353516,27.803272247314453,91.73898315429688,47.54262924194336,96.81890106201172,36.84809112548828,76.78210116731519,32.02782101167316,,,25.777263111666663,10.636735383333333,21.401115349999998,9.744272500000001
1994-03-19,19400,15.3,0.0,0.0,0.0,0.0,67.58590060210365,36.05656789776016,76.81522369384766,46.00535202026367,43.05918502807617,22.360044479370117,64.81975555419922,33.3497428894043,66.46337127685547,36.18515396118164,77.9498054474709,39.78657587548642,,,32.41407046166667,12.966685033333334,24.14422931,11.3975695
1994-06-13,16900,14.33,1.0,1.0,1.0,1.0,18.264768651663015,14.516390063794576,30.579557418823242,29.79557228088379,26.757728576660156,14.869277000427246,17.159610748291016,16.677520751953125,33.09628677368164,31.500503540039062,36.04007782101169,17.28287937743192,,,13.940087591666664,6.800225506666666,7.8633955449999995,3.8581757
1994-06-20,12800,12.72,0.0,0.0,0.0,0.0,19.569174029000273,13.707391990651422,17.932514190673828,17.217708587646484,6.362191677093506,5.915431499481201,20.829906463623047,20.278305053710938,22.129230499267578,21.79220199584961,21.1363813229572,20.995525291828795,,,14.354249329833335,8.230204076666668,9.556983650000001,4.356840050000001
1994-07-01,14800,13.52,0.0,1.0,0.0,1.0,3.1801816385248713,2.973921600154496,21.647722244262695,21.629802703857422,16.7929744720459,15.274600982666016,14.915685653686523,14.910743713378906,12.49794864654541,12.32171630859375,23.583852140077838,23.52645914396889,,,4.84088554975,2.6588409348333335,0.57561879925,0.5698909545
1994-07-05,13600,13.04,0.0,0.0,0.0,0.0,10.062732322195394,5.841233277184101,2.6747546195983887,2.030766248703003,8.226150512695312,6.739157676696777,3.8029227256774902,3.2237513065338135,4.566653728485107,3.60471510887146,12.456031128404673,10.414980544747086,,,8.612239942666665,4.692600125999999,0.9023797299999999,0.40500382999999995
1994-07-18,13000,12.82,0.0,0.0,1.0,1.0,0.07276481865009517,0.06292734243176934,0.07544604688882828,0.06372290104627609,0.14151932299137115,0.14151932299137115,0.33334001898765564,0.332067608833313,1.4567152261734009,1.4299637079238892,0.34066147859922186,0.2334630350194553,,,7.853965202288334,4.394800884788333,3.1264521325000003,3.0089495
1994-09-03,6140,9.76,0.0,0.0,0.0,0.0,13.87800765595618,12.986502875333535,26.283843994140625,25.787424087524414,28.25119972229004,17.3367862701416,23.595605850219727,23.21687889099121,20.056852340698242,19.61478042602539,37.77101167315175,33.164396887159526,,,9.56274323795,6.38528561715,1.0407036555,0.949531788
1994-09-08,7840,10.57,0.0,1.0,1.0,1.0,1.0291567880410548,0.7602676872137745,4.244548320770264,4.2343878746032715,8.019885063171387,7.906830787658691,11.276602745056152,11.276578903198242,7.561923980712891,7.557015419006348,12.826653696498052,10.462645914396886,,,13.704588197166666,10.723126455,4.8008245215,3.2882860000000003
1994-09-15,11000,11.95,1.0,1.0,0.0,1.0,21.452581260812533,14.77599234061305,13.005488395690918,7.379966735839844,22.28197479248047,13.020222663879395,18.785104751586914,14.926997184753418,29.668319702148438,19.62612533569336,33.51459143968872,22.443579766536978,,,11.991220371666664,6.587955607333332,8.329872135,5.1930394
1994-09-24,7180,10.26,0.0,0.0,0.0,0.0,0.03810898658693065,0.03810898658693065,0.0,0.0,0.0,0.0,0.0,0.0,0.0,0.0,0.014785992217898832,0.014785992217898832,,,11.548398631733333,5.2693742554666665,0.3361074575,0.133293645
1994-10-01,7610,10.46,0.0,1.0,0.0,1.0,6.818973232834176,6.732537285398058,7.22116231918335,6.477427959442139,13.498330116271973,6.912212371826172,3.716230630874634,3.6324400901794434,11.993648529052734,9.388625144958496,6.898638132295725,5.551750972762653,,,9.438566191666666,5.205043516666667,5.824513375,5.40257505
1994-10-15,5100,9.23,0.0,0.0,0.0,0.0,32.99644545699629,19.94851432019848,31.55900764465332,27.916446685791016,28.711231231689453,13.289610862731934,30.192163467407227,26.906553268432617,24.05306053161621,19.93938636779785,36.45116731517508,24.486381322957175,,,5.759127109333333,3.276872213333333,1.374028858,1.2559793
1994-10-21,11000,11.93,1.0,1.0,1.0,1.0,57.06183370290281,44.18474001729466,59.56672668457031,35.673377990722656,43.95899963378906,23.427087783813477,51.693580627441406,29.0765438079834,49.78894805908203,25.31431770324707,56.10817120622564,36.20214007782096,,,26.212065262333333,10.078163166666666,14.40429475,10.2442925
1994-10-25,6670,10.01,2.0,2.0,1.0,2.0,6.482110892153162,5.744233263852378,1.67879056930542,1.6779650449752808,16.94573974609375,14.849518775939941,8.227364540100098,8.2273588180542,5.933619022369385,5.9155778884887695,22.688326848249048,17.28054474708173,,,14.06508741735,7.382369367683334,5.013969445,2.94856645
1994-10-27,26000,17.64,3.0,1.0,1.0,3.0,86.1788528632236,61.134501035993004,89.55996704101562,56.104888916015625,86.12501525878906,47.01118469238281,74.09951782226562,46.06077194213867,62.886390686035156,49.80259323120117,117.55603112840467,59.7846303501945,,,27.48294514133333,13.985257833333334,16.770236345,11.3911445
1994-11-01,22400,16.4,4.0,3.0,2.0,4.0,88.14573797156204,44.616999968060114,65.24955749511719,27.579418182373047,69.58878326416016,39.499046325683594,65.6078872680664,36.65269088745117,76.00204467773438,40.84848403930664,99.9667315175097,61.51381322957195,,,30.122059522583335,11.731994,15.96327905,9.686911
1994-11-03,15300,13.72,0.0,1.0,1.0,1.0,60.846915826780396,44.616999968060114,29.406126022338867,27.579418182373047,29.97983169555664,14.037039756774902,26.14703941345215,18.710912704467773,23.947324752807617,20.39529800415039,28.733657587548638,14.565175097276265,,,25.196928146583335,10.356642925000001,18.1391733,9.29826275
1994-11-09,11700,12.27,1.0,1.0,0.0,1.0,37.63512426809929,14.681741867193072,30.73554229736328,18.049760818481445,26.33893585205078,10.41905403137207,33.53199768066406,19.77671241760254,36.28948211669922,16.674053192138672,28.043968871595325,17.222762645914397,,,20.192083585,11.374411033333333,16.261937415,9.646436
1994-11-15,13900,13.19,0.0,0.0,0.0,0.0,26.071917756049036,14.318793482861008,36.184288024902344,26.89701271057129,25.83730697631836,12.720195770263672,38.03934860229492,26.309309005737305,44.445526123046875,33.18840026855469,35.647081712062274,18.993774319066155,,,30.453381228333335,14.289694216666668,23.927086,11.0016325
1994-11-19,11200,12.06,1.0,1.0,1.0,1.0,14.571183536142062,8.015539168399789,38.01111602783203,35.135986328125,24.91522789001465,19.145179748535156,30.213953018188477,27.43075942993164,33.111610412597656,30.731201171875,41.322373540856,40.439494163424094,,,41.36018730997333,16.624386494166664,26.6497444,12.9619055
1994-11-23,10400,11.72,1.0,1.0,0.0,1.0,20.436065008962636,14.333791593691586,14.094926834106445,13.845386505126953,20.44687843322754,9.849092483520508,14.83467960357666,14.652101516723633,19.153390884399414,18.183073043823242,16.699999999999996,15.919066147859919,,,34.524316059575,13.757493056908332,38.11479,14.417713000000001
1994-12-01,37300,21.05,3.0,0.0,0.0,3.0,145.78929615567793,76.15829433127526,152.2924346923828,96.44478607177734,114.22136688232422,48.880027770996094,123.9101791381836,62.588008880615234,131.2063446044922,65.33401489257812,155.7599221789883,74.34922178988325,,,51.11907250833333,20.769554921666664,51.527488250000005,22.153511
1994-12-09,12200,12.5,0.0,0.0,0.0,0.0,36.267722696379096,24.598680627505594,38.47687911987305,18.989259719848633,28.255321502685547,15.704201698303223,39.864749908447266,24.096271514892578,48.289546966552734,27.60328483581543,31.636964980544757,18.898832684824914,,,39.5876797245,17.9247425,34.417120440000005,17.482359000000002
1994-12-20,43900,22.68,3.0,3.0,3.0,3.0,129.2550268079765,61.482600468522506,156.05111694335938,71.31613159179688,88.04932403564453,37.38859176635742,137.97207641601562,59.50979995727539,142.64105224609375,60.01150894165039,128.4947470817121,67.32431906614788,,,27.71503783616667,13.217172466666668,20.725621150000002,10.205521000000001
1994-12-28,55700,25.54,1.0,0.0,0.0,1.0,119.83818538763327,42.37993304269036,97.84361267089844,48.14432907104492,79.49284362792969,33.73384094238281,136.87112426757812,68.21121215820312,128.6517791748047,63.13722610473633,110.59591439688712,60.86128404669259,,,36.33611215160833,14.91141147,30.909381350000004,18.317616
1995-01-01,21200,15.94,0.0,0.0,0.0,0.0,0.02023709346259807,0.02023709346259807,,,,,4.069055285071954e-05,4.069025817443617e-05,0.0,0.0,,,,,30.911493543333332,12.351183766666665,23.033274849999998,8.688713
1995-01-09,14100,13.25,2.0,1.0,0.0,2.0,17.33790056798589,13.281416823257679,47.12125778198242,24.29293441772461,22.019901275634766,11.238507270812988,37.27983474731445,26.014976501464844,29.581594467163086,23.398941040039062,41.10505836575879,18.724708171206245,,,9.485368346393333,5.846715991393332,0.14121216268,0.121010215
1995-01-10,16200,14.09,1.0,0.0,0.0,1.0,27.97206118809732,13.281416823257679,67.2039794921875,24.29293441772461,31.012596130371094,11.238507270812988,45.35436248779297,26.014976501464844,35.255863189697266,23.398941040039062,43.609338521400815,18.724708171206245,,,6.059410571666667,2.4207582166666666,1.811968765,1.69095855
1995-01-18,19600,15.37,1.0,0.0,0.0,1.0,31.311944575837845,20.782495230607275,59.472740173339844,44.58731460571289,38.942264556884766,20.584579467773438,49.20018768310547,41.0445556640625,49.098838806152344,36.344364166259766,41.51848249027238,28.34377431906615,,,17.0265717845,8.764149831666666,12.653172965,9.848135
1995-01-22,16700,14.3,0.0,0.0,0.0,0.0,0.23020076384700222,0.23020076384700222,0.008104478940367699,0.008104478940367699,0.0,0.0,2.5059565533780415e-10,2.5059565533780415e-10,0.01946398615837097,0.01946398615837097,0.16284046692607,0.10544747081712058,,,20.73310461166666,8.551650886666666,12.741284349999999,5.82059445
1995-01-29,16300,14.1,3.0,3.0,3.0,3.0,32.583288696434494,30.886577412001717,35.961002349853516,34.06684112548828,39.145729064941406,25.765634536743164,50.24234390258789,45.872047424316406,66.44393157958984,51.086421966552734,63.373929961089445,37.36926070038907,,,13.598584874128331,8.278908578333333,11.64549691,7.62919235
1995-02-01,52800,24.89,2.0,2.0,2.0,2.0,101.21241292488507,40.421858457488725,102.19586181640625,48.047943115234375,84.54806518554688,39.131935119628906,76.83512878417969,36.25522232055664,85.51741027832031,39.96266174316406,92.55214007782092,40.71050583657583,,,33.4489561375,13.237138733333333,32.0192926,13.115632000000002
1995-02-03,32100,19.6,1.0,1.0,1.0,1.0,58.588804931271234,40.421858457488725,59.93242645263672,29.76108741760254,33.315589904785156,18.95063591003418,32.023834228515625,19.468379974365234,52.324012756347656,26.53626251220703,31.917509727626438,23.076264591439674,,,30.41947101333333,10.563588,28.742621849999995,10.189726499999999
1995-02-12,18800,15.07,0.0,0.0,0.0,0.0,4.636101343452193,3.967967499966375,1.2143440246582031,0.9343065619468689,7.45713996887207,4.720147609710693,3.3387908935546875,2.85548734664917,2.605294704437256,2.4942526817321777,6.955642023346307,4.862062256809342,,,16.184592819288333,7.1283916666666665,10.14911075,5.18857455
1995-02-17,19000,15.13,2.0,1.0,0.0,2.0,68.02896556942002,34.46057931551742,114.82206726074219,70.00225830078125,64.03421783447266,26.179916381835938,97.46995544433594,53.10649490356445,100.28599548339844,53.33869934082031,129.77315175097272,60.319260700389094,,,29.156373805,11.167432865,14.50197455,7.102526650000001
1995-02-20,53500,25.06,4.0,2.0,1.0,4.0,146.72852972679794,86.75363676680206,164.28378295898438,81.96661376953125,115.43572235107422,57.188053131103516,120.44149780273438,52.653038024902344,130.10569763183594,51.37177276611328,132.85486381322966,62.54863813229577,,,27.670346525,14.7387544,17.46284185,11.12924
1995-02-26,24600,17.32,0.0,0.0,0.0,0.0,12.123340336408914,11.801011465931486,27.4489688873291,17.62700653076172,8.837557792663574,5.979153156280518,7.630730628967285,4.266529083251953,9.504463195800781,5.357832431793213,9.935797665369636,9.488910505836563,,,24.68893438833333,8.983870466666666,21.9106211,8.54047375
1995-03-10,22400,16.55,2.0,1.0,1.0,2.0,58.77024087871747,32.26370551823202,99.92388153076172,56.12504196166992,53.89384841918945,23.083385467529297,83.93956756591797,36.97909927368164,82.21268463134766,37.810550689697266,62.79747081712061,27.463035019455234,,,25.861256490155,12.338306169166666,22.827570199999997,12.581468999999998
1995-03-14,23600,16.98,1.0,1.0,0.0,1.0,39.52708798681117,21.619325052483816,43.99467086791992,15.254055976867676,29.662670135498047,12.595627784729004,46.85150146484375,17.943113327026367,41.82360076904297,17.283233642578125,36.397665369649786,21.255836575875485,,,6.284220162166667,2.9544719445,3.482588565,2.258534065
1995-03-20,22900,16.74,1.0,0.0,0.0,1.0,34.52447609406812,20.445818347183288,44.47029113769531,18.926393508911133,33.45208740234375,11.946908950805664,42.3768196105957,14.84603500366211,38.00192642211914,16.15631866455078,43.0544747081712,17.497665369649813,,,22.422054138333333,7.910133455,19.36174815,7.99674735
1995-04-15,10800,12.18,0.0,0.0,0.0,0.0,30.114263848682068,15.061019112001642,16.012977600097656,8.094042778015137,17.382551193237305,11.915740966796875,29.98542022705078,22.38522720336914,24.442955017089844,14.458807945251465,21.4566147859922,18.447470817120607,,,9.860920854700002,4.5263445757000005,8.0673085,4.40157685
1995-07-03,19900,15.69,2.0,0.0,0.0,2.0,8.372260049359435,5.521944560466715,2.5514333248138428,2.4871973991394043,13.476093292236328,6.031743049621582,2.2558863162994385,1.5705561637878418,4.026400089263916,3.250699043273926,6.228015564202334,2.902140077821008,,,6.2815225309,3.30200855,3.03214017,1.54450415
1995-07-10,16600,14.45,0.0,0.0,0.0,0.0,14.551217966122254,11.47791011885065,14.673824310302734,12.0839262008667,14.051260948181152,9.763697624206543,4.699656963348389,2.3951995372772217,17.20807647705078,6.977328777313232,19.420428015564212,16.667315175097286,,,3.4594839344999997,1.8677104916666665,0.2521781635,0.182714375
1995-07-26,11300,12.33,1.0,2.0,2.0,2.0,22.271422565703453,17.186107074503074,30.31018829345703,29.541521072387695,33.2589111328125,17.64586639404297,22.82745933532715,20.378421783447266,20.151397705078125,16.89937973022461,35.82373540856034,32.04708171206229,,,8.008051811666666,3.8187666666666664,1.4275954899999999,1.2492522
1995-07-30,12100,12.69,0.0,0.0,0.0,0.0,0.30804206409120316,0.15261376672624707,1.7471489906311035,1.6144723892211914,0.6708563566207886,0.33616015315055847,2.6783692836761475,1.3756258487701416,2.122833013534546,2.0286271572113037,0.6449416342412457,0.3605058365758755,,,1.803014345806667,1.3567462784733335,0.3244816145,0.2915581875
1995-08-07,12800,12.95,2.0,1.0,0.0,2.0,26.484998068558788,21.678011458416968,26.010822296142578,23.272855758666992,39.09469223022461,19.53834342956543,39.525177001953125,27.291297912597656,36.803680419921875,26.965177536010742,62.13365758754864,34.97743190661479,,,6.211402576583333,3.5344941266666665,2.3882353922500004,1.4016119465
1995-08-14,10600,12.09,1.0,1.0,1.0,1.0,5.071422557307792,3.0150535326436816,3.5078165531158447,3.0878443717956543,6.097115516662598,4.601232051849365,1.5195602178573608,1.409346580505371,5.047545433044434,4.589254379272461,4.182684824902721,2.92996108949416,,,0.7037523161666666,0.6054898495,0.0120756485,0.0120756485
1995-08-19,10300,11.98,0.0,0.0,0.0,0.0,26.368152951875107,14.466611838021652,11.489079475402832,10.402161598205566,17.702537536621094,10.811175346374512,20.317228317260742,18.713218688964844,15.220088958740234,12.840463638305664,27.08832684824902,18.279961089494154,,,6.472965686733333,2.4515616999999996,0.7978242897,0.7831866
1995-10-01,11800,,1.0,0.0,0.0,1.0,27.06276865659663,10.76423326322727,13.475471496582031,12.529275894165039,29.737640380859375,11.340657234191895,16.735403060913086,15.559046745300293,12.830699920654297,11.617431640625,27.923346303501948,14.057587548638123,,,6.820015980333334,3.0847388890000005,1.1979527559999998,0.6090053535
1995-10-10,19100,15.23,2.0,2.0,2.0,2.0,59.38788904726526,47.40849325260287,53.851654052734375,43.686195373535156,75.10134887695312,37.054542541503906,78.86709594726562,64.68016052246094,77.35713958740234,62.3263053894043,115.19221789883267,65.34922178988322,,,21.440267434000003,9.479095664,12.385845952,7.989646492
1995-10-13,20800,16.0,0.0,1.0,2.0,2.0,71.43740726822905,51.71664057817331,30.797531127929688,19.34202003479004,24.52498435974121,14.74980354309082,27.066408157348633,13.463034629821777,25.1766300201416,13.134448051452637,28.98599221789881,24.422762645914382,,,9.026953644983333,5.787001216666666,4.2676561965,3.9559542499999996
1995-10-17,26300,17.9,1.0,1.0,1.0,1.0,41.54282408670089,22.007539151047656,54.258949279785156,31.84964942932129,50.436187744140625,18.66202735900879,57.007965087890625,38.38687515258789,59.63833999633789,43.80680465698242,75.21050583657589,29.96536964980546,,,11.488564030283333,7.1684621894500005,1.5992883974999998,1.1340144749999999
1995-10-20,18400,15.14,1.0,1.0,1.0,1.0,31.15748765930332,25.471703718998693,11.252599716186523,8.37059211730957,15.319295883178711,7.957884788513184,7.3541483879089355,7.210718631744385,12.579056739807129,12.024928092956543,16.59357976653697,15.010894941634245,,,14.208322365866666,5.406045893333332,6.0373760175,3.15997868
1995-10-26,19200,15.41,2.0,2.0,2.0,2.0,41.31064237285931,37.3870821409426,40.39468765258789,19.62714958190918,38.32789611816406,26.03244972229004,40.005985260009766,20.66472053527832,48.06326675415039,23.98035430908203,57.042607003891035,50.067120622568076,,,14.869597742833335,5.234889323333333,8.734553909999999,4.77533885
1995-10-30,14700,13.74,0.0,0.0,0.0,0.0,0.24362523916994808,0.23932696002834686,0.01997656561434269,0.019761381670832634,0.0,0.0,0.0012524357298389077,0.0010327935451641679,0.06166123226284981,0.061172328889369965,0.34435797665369655,0.33560311284046696,,,27.8692874695,11.802396658333334,20.751529050000002,10.698055
1995-11-08,48400,23.67,3.0,3.0,3.0,3.0,166.81465967253106,134.29245507876686,145.27862548828125,100.6982192993164,141.6649627685547,93.81077575683594,164.78404235839844,106.90462493896484,138.1676025390625,82.56059265136719,199.77140077821008,127.21342412451355,,,25.97977543,9.727498133333333,19.65293835,7.05781125
1995-11-10,48800,23.93,2.0,2.0,2.0,2.0,196.6907132581521,134.29245507876686,112.7191390991211,100.6982192993164,83.60777282714844,37.57186508178711,125.02243041992188,106.90462493896484,107.07772064208984,82.56059265136719,104.60214007782102,54.11303501945525,,,31.659042300000003,16.5434623895,23.216557684999998,13.501807000000001
1995-11-15,48600,23.96,1.0,1.0,1.0,1.0,38.85838049101282,29.357554492713387,59.62977981567383,25.79762840270996,40.44165802001953,24.48024559020996,27.971813201904297,10.757430076599121,52.309669494628906,23.219318389892578,52.09105058365761,29.577431906614787,,,23.52035670433333,11.636986645,21.5916985,9.7581325
1995-11-16,47700,23.77,4.0,3.0,3.0,4.0,51.64567113011972,29.357554492713387,42.56881332397461,25.79762840270996,24.630905151367188,13.479643821716309,20.316877365112305,10.757430076599121,36.77564239501953,23.219318389892578,26.633657587548655,12.78735408560312,,,44.11066332099999,26.222299716666658,21.574335950000002,9.7581325
1995-11-23,36100,20.81,3.0,2.0,2.0,3.0,29.284359426544817,22.29521220307049,53.594486236572266,35.81100082397461,52.38561248779297,31.158138275146484,79.87347412109375,67.0643310546875,71.44315338134766,55.7577018737793,82.71614785992219,42.85583657587547,,,38.57626901333333,20.18923748,21.4484329,10.922450000000001
1995-11-30,132000,36.48,4.0,4.0,4.0,4.0,219.84209364641237,112.80276863068968,206.4561309814453,118.02203369140625,143.2122039794922,82.67631530761719,188.79678344726562,99.05876159667969,210.6605682373047,104.73899841308594,157.5675097276264,80.71614785992216,,,27.3829411711,14.041636751666667,18.03321119,11.583468
1995-12-04,48300,24.17,0.0,0.0,0.0,0.0,49.308500967335746,20.589657772111618,52.82011795043945,21.03282356262207,31.883983612060547,17.27620506286621,58.4577522277832,25.996349334716797,67.57194519042969,27.75822639465332,42.28229571984436,20.063813229571995,,,18.769007457333334,8.146590740666667,7.34210408,3.61931575
1995-12-10,27600,18.48,3.0,3.0,3.0,3.0,33.3758183604896,31.519751434800273,108.42890167236328,103.39228057861328,53.653419494628906,27.165327072143555,57.15641784667969,52.25176239013672,76.77615356445312,71.13838958740234,75.62626459143965,38.7293774319066,,,32.62478888166667,12.31041845,21.8463065,9.14548125
1995-12-11,42100,22.67,1.0,1.0,0.0,1.0,66.19590441705384,33.35321225171791,150.45802307128906,103.39228057861328,68.95109558105469,27.165327072143555,93.22096252441406,52.25176239013672,120.71627807617188,71.13838958740234,103.24455252918283,38.7293774319066,,,30.571452765,12.241277488333331,28.422546249999996,11.625434
1995-12-13,51000,24.74,2.0,1.0,0.0,2.0,91.8494416217731,38.93722364870585,113.16734313964844,51.5838508605957,58.9195556640625,29.06438636779785,100.80780029296875,47.54509353637695,111.47310638427734,46.49181365966797,92.41264591439689,38.35525291828793,,,32.54609336288333,13.17095355,27.3200464605,11.625434
1995-12-14,48400,24.17,1.0,1.0,0.0,1.0,75.42546073166407,38.93722364870585,98.76167297363281,51.5838508605957,60.317848205566406,29.06438636779785,91.11119842529297,47.54509353637695,93.38258361816406,46.49181365966797,78.47023346303502,38.35525291828793,,,32.83088987955,13.17095355,24.0557168105,10.708901000000001
1995-12-17,27100,18.36,1.0,1.0,0.0,1.0,33.670682614130975,22.21901914038576,28.08050537109375,18.243059158325195,16.327678680419922,8.926352500915527,22.8892765045166,15.143905639648438,27.7658748626709,17.968021392822266,11.082101167315168,4.5749027237354,,,33.645621486833335,14.058340320166664,24.6911633,10.8319685
1995-12-28,13500,13.19,0.0,0.0,0.0,0.0,2.3143250531246298,2.0912466581528437,3.731562614440918,2.0621278285980225,16.449481964111328,13.769768714904785,2.055925130844116,1.5600882768630981,3.2450501918792725,2.2502312660217285,14.1556420233463,12.379766536964976,,,34.19184387448333,17.447869378333333,11.25103268,8.10266875
1996-01-03,26700,18.18,0.0,1.0,1.0,1.0,50.73507456151487,31.980904357611106,96.68741607666016,49.68783187866211,55.94031524658203,27.559402465820312,35.235511779785156,28.319753646850586,48.98988723754883,30.479900360107422,100.31264591439688,27.94785992217901,,,33.763109498999995,15.103830794999999,20.58353198,11.229009999999999
1996-01-05,21700,16.44,3.0,0.0,0.0,3.0,56.952275322226676,31.980904357611106,51.232906341552734,49.68783187866211,31.946365356445312,15.327467918395996,32.112762451171875,28.319753646850586,32.56978225708008,30.479900360107422,46.300389105058386,27.94785992217901,,,33.42563280066667,18.45908588,35.01891223,20.723941
1996-01-10,24400,17.45,0.0,1.0,1.0,1.0,39.71931362315749,26.425801169120103,18.514657974243164,9.178935050964355,27.57390785217285,12.09171199798584,15.409782409667969,9.411949157714844,20.48782730102539,11.699400901794434,18.35544747081711,9.332684824902723,,,24.906995848833333,13.793263438833334,20.77251845,11.64783875
1996-01-15,30200,19.36,3.0,2.0,2.0,3.0,72.30951242730907,40.036627145843795,124.84129333496094,60.5650749206543,77.21958923339844,29.862728118896484,111.82759857177734,51.580322265625,97.24360656738281,47.601318359375,104.1885214007782,36.87101167315176,,,26.5363383029,10.345726636666667,27.491006000000002,11.092941
1996-01-23,19600,15.65,0.0,0.0,0.0,0.0,32.759451248164844,14.118521994887985,28.80756187438965,17.177997589111328,38.57525634765625,16.667373657226562,40.516021728515625,22.70378875732422,36.98651123046875,21.669086456298828,29.674124513618686,13.305836575875485,,,42.13141106666667,17.76544421666667,36.731912750000006,16.868748500000002
1996-02-08,46400,23.31,2.0,1.0,0.0,2.0,137.1851165618313,53.31132312395377,131.2462921142578,54.73357391357422,132.06982421875,52.66245651245117,140.44000244140625,68.55985260009766,154.14938354492188,62.118980407714844,165.39182879377432,62.61245136186771,,,19.085716731666665,8.722371833333334,12.83606244,7.677711499999999
1996-02-12,26100,17.39,0.0,0.0,0.0,0.0,7.0180325018258465,5.422996170660098,0.0016303175361827016,0.0016298454720526934,0.0,0.0,0.0,0.0,0.0,0.0,2.8822957198443584,2.58715953307393,,,20.68115700421667,10.897680933333334,10.058559729999999,7.22111535
1996-02-18,27300,17.79,1.0,1.0,1.0,1.0,32.9920268030205,28.3277093894623,48.39863204956055,38.047767639160156,37.794803619384766,20.098342895507812,37.97737503051758,30.20693588256836,32.739479064941406,25.82583236694336,51.155252918287914,29.164980544747063,,,26.110046928333336,11.240523333333334,20.690696085,11.5990045
1996-02-23,20900,16.17,0.0,0.0,0.0,0.0,46.82001912867362,24.077061195446475,43.340599060058594,25.67704963684082,37.59819030761719,21.066604614257812,40.75334930419922,20.596975326538086,55.732425689697266,33.71023941040039,42.42256809338524,22.07665369649807,,,53.106657995,27.61790557666666,37.69650725,18.7088455
1996-03-10,18500,15.24,1.0,1.0,1.0,1.0,26.446405328595635,19.20939768044488,25.696754455566406,17.670881271362305,22.78972816467285,11.822968482971191,35.34172821044922,18.689998626708984,33.8456916809082,18.612985610961914,25.708560311284046,10.294747081712059,,,16.082685011333332,8.277318228666667,8.838326115,4.596888249999999
1996-04-01,12200,12.64,0.0,0.0,0.0,0.0,25.5934914538103,13.793487609116571,28.76154327392578,22.736021041870117,29.809234619140625,17.379114151000977,40.86021041870117,32.654991149902344,21.62964630126953,18.584867477416992,40.86420233463036,19.702918287937763,,,27.911551241666665,12.76689835,23.7585333,12.64165
1996-04-07,15100,13.86,3.0,3.0,0.0,3.0,21.621638650016727,15.446038264389475,17.04195213317871,12.016331672668457,26.190593719482422,18.060537338256836,10.119035720825195,5.342517375946045,33.11376190185547,21.29548454284668,24.429766536964973,21.26342412451361,,,19.270030563,10.373878738333334,12.205522564999999,6.02024885
1996-04-14,13600,13.23,2.0,1.0,0.0,2.0,13.105130020169325,7.7249579404553765,17.650880813598633,13.987967491149902,3.862102508544922,3.829026937484741,16.608291625976562,9.959893226623535,15.475130081176758,12.716045379638672,4.88365758754864,4.813035019455255,,,21.122973350166667,11.5658899635,10.49768553,5.55313135
1996-04-17,14000,13.42,0.0,1.0,0.0,1.0,18.436588917381886,10.614720835968368,25.927967071533203,12.301836013793945,19.307453155517578,8.375844955444336,25.8699951171875,12.915336608886719,24.03221321105957,11.170992851257324,25.559143968871588,14.201750972762639,,,13.417094398333333,5.264805399999999,12.573218699999998,5.8097981999999995
1996-04-24,32000,19.95,2.0,2.0,0.0,2.0,81.85636518489375,51.79638430630044,116.20018005371094,61.55266189575195,78.87911224365234,43.953514099121094,94.95840454101562,66.7900390625,91.91777038574219,58.5038948059082,100.51770428015573,58.26692607003895,,,4.9700567472833335,2.6982640883333335,4.5695400075000006,3.4319092500000004
1996-04-25,26700,18.23,1.0,1.0,0.0,1.0,93.77406308573472,51.79638430630044,118.51759338378906,61.55266189575195,72.31718444824219,43.953514099121094,105.05337524414062,66.7900390625,105.94657897949219,58.5038948059082,95.69260700389111,58.26692607003895,,,2.7083338531166667,1.2133202833333334,1.2487520075000003,0.6090785000000001
1996-07-20,18600,15.27,0.0,0.0,0.0,0.0,43.344984675114745,19.621936874225536,31.463041305541992,21.149642944335938,21.676666259765625,12.026883125305176,35.51356887817383,26.09480094909668,23.44115447998047,17.2015438079834,28.511867704280164,14.967704280155639,,,0.6307095874333333,0.4747191556666666,0.0537775548,0.050526317
1996-08-30,9640,11.73,2.0,2.0,2.0,2.0,0.4897629062143861,0.46360420624135207,1.2458691596984863,1.2216014862060547,11.175798416137695,11.063718795776367,3.0379581451416016,2.8582651615142822,5.745591163635254,4.151070594787598,10.906614785992216,10.90544747081712,,,0.34321445485,0.14224726583333333,0.12404647955,0.07972762
1996-09-16,10600,12.18,0.0,0.0,0.0,0.0,37.63086419123765,16.553433996769485,46.08440017700195,21.8071231842041,30.25889015197754,14.087650299072266,48.87940979003906,27.485597610473633,38.1641960144043,22.39827537536621,42.01789883268485,21.09377431906615,,,8.853144318916668,3.8893676366666674,1.6999025030000001,1.0837387
1996-10-04,9250,11.54,3.0,4.0,3.0,4.0,6.790453138210531,5.306510497144126,27.05516242980957,20.834264755249023,38.03314971923828,31.89592933654785,17.836572647094727,17.682615280151367,26.47244644165039,18.376262664794922,43.025680933852165,31.667509727626474,,,18.663135308500003,10.823731496666667,16.14651418,12.700655000000001
1996-10-11,10200,11.97,1.0,0.0,0.0,1.0,8.778022958255768,6.600066934368105,11.831463813781738,9.777569770812988,14.415792465209961,7.480896472930908,5.969880104064941,5.680767059326172,8.38636302947998,6.692131042480469,16.106225680933846,11.787743190661475,,,37.607766261483334,21.97380078333333,9.463567735000002,6.696289350000001
1996-10-14,17800,14.97,1.0,1.0,1.0,1.0,48.80045893896606,25.745237137573856,55.00690460205078,32.8289909362793,50.580909729003906,24.658977508544922,66.46452331542969,46.805152893066406,64.96907806396484,41.611228942871094,80.71926070038913,40.14357976653699,,,16.038655701666666,6.9996605,8.53990045,3.523811
1996-10-18,16100,14.32,2.0,2.0,1.0,2.0,57.0693134782766,40.669164333927014,51.944740295410156,46.25979995727539,44.26343536376953,33.00437545776367,56.59994125366211,42.937618255615234,53.333274841308594,36.24090576171875,57.10583657587551,33.27237354085605,,,13.690375546066667,5.6405848444,0.69601952265,0.579829015
1996-10-24,21000,16.18,1.0,1.0,1.0,1.0,68.9199617733862,36.56531165617146,57.37599182128906,28.343528747558594,36.086509704589844,19.028045654296875,64.07299041748047,28.79594612121582,60.066070556640625,28.532690048217773,57.20350194552529,30.614396887159533,,,32.343428891916666,12.764213849999999,15.303997785,10.783466
1996-10-28,16000,14.28,1.0,1.0,2.0,2.0,18.244864248001306,16.016854685766848,39.836997985839844,39.438079833984375,34.684593200683594,21.07494354248047,35.62553024291992,35.47838592529297,50.033790588378906,45.097755432128906,46.353891050583634,34.927431906614764,,,20.833809797866664,8.7668759,11.58236198,5.70307025
1996-11-03,14000,13.54,0.0,0.0,0.0,0.0,2.7005831714208464,2.346931163556375,4.518707275390625,4.518707275390625,22.01398468017578,18.261981964111328,5.502641677856445,5.502641201019287,7.630779266357422,7.630779266357422,24.465564202334647,23.08988326848251,,,58.904824110499995,29.155438413333332,50.368817250000006,23.533961
1996-11-08,19100,15.47,2.0,2.0,2.0,2.0,64.20704775968883,28.259399599600478,92.17942810058594,52.71521759033203,44.942970275878906,21.29781723022461,60.89283752441406,30.78321075439453,76.99102783203125,41.96257019042969,68.86128404669262,28.483852140077822,,,34.71476095333333,13.541158536666666,13.712862229999999,7.12353735
1996-11-13,25500,17.82,2.0,1.0,0.0,2.0,20.652577451642166,18.587105176188977,28.357751846313477,16.996456146240234,26.53683090209961,16.510120391845703,26.03375244140625,22.322952270507812,34.096656799316406,21.938940048217773,34.706225680933834,18.528015564202317,,,37.56962016833333,19.733111983333334,31.626971599999997,17.8311247
1996-11-26,15000,13.94,0.0,0.0,0.0,0.0,32.91229638474393,17.8544206601028,32.39386749267578,16.91162872314453,36.24699401855469,18.11296272277832,20.75161361694336,10.804457664489746,29.91478729248047,17.471145629882812,36.53599221789883,19.903501945525292,,,18.008189766833336,9.467988525666668,9.14788585,4.5245744
1996-11-30,23000,16.91,1.0,1.0,1.0,1.0,81.99703439847917,66.4458756966527,68.6206283569336,44.76071548461914,39.002281188964844,23.646427154541016,55.324012756347656,35.3794059753418,53.57646179199219,34.60194778442383,50.537548638132265,33.81284046692603,,,29.824278541166667,13.446991833333334,17.623912999999998,9.64201765
1996-12-04,19300,15.55,1.0,1.0,1.0,1.0,36.665971358461405,17.702116645317005,60.342262268066406,30.210357666015625,52.322242736816406,35.97346115112305,73.69277954101562,42.846012115478516,63.64371109008789,37.01125717163086,60.913424124513625,34.1601167315175,,,12.318893798,7.694121983333333,7.692814804,7.208817
1996-12-10,17300,14.75,1.0,0.0,0.0,1.0,53.3294397906808,33.61289674419746,30.37391471862793,12.049697875976562,30.67734146118164,12.80347728729248,35.673179626464844,17.598262786865234,40.50713348388672,19.66830062866211,39.67723735408561,19.291439688715954,,,31.286689242466664,21.9803045,21.379547895,14.621063
1996-12-16,14400,13.59,1.0,1.0,1.0,1.0,30.40847994013241,16.518212247760985,22.94569969177246,11.626510620117188,10.060752868652344,9.704118728637695,18.198633193969727,9.564794540405273,20.92650604248047,13.987470626831055,11.150972762645917,7.601361867704288,,,16.995021681786668,6.949515556786667,9.30661185,3.98787235
1996-12-22,12700,12.85,0.0,0.0,0.0,0.0,53.69464435130642,32.700388124294534,60.006248474121094,43.16587448120117,29.029949188232422,12.738031387329102,40.83014678955078,23.911378860473633,42.697509765625,31.29467010498047,31.113813229571996,15.461867704280166,,,15.746107873166668,8.517431237333335,7.6297284675000006,5.9943670000000004
1996-12-30,14200,13.5,3.0,2.0,1.0,3.0,93.97340917380092,57.51190441744277,109.70184326171875,55.31718826293945,100.17935943603516,53.04403305053711,101.24916076660156,67.27161407470703,105.28395080566406,58.756988525390625,122.5511673151752,64.18132295719845,,,38.714560066666664,16.979501666666664,34.44728265,17.433295
1997-01-01,38300,21.64,4.0,3.0,1.0,4.0,137.63725630867776,57.51190441744277,,,,,124.90237426757812,70.55469512939453,139.00521850585938,60.050296783447266,,,,,16.316054876666666,6.494422733333334,7.95304051,6.31149565
1997-01-07,23400,17.08,1.0,1.0,1.0,1.0,58.05754113483134,51.38611092941255,51.82490539550781,27.82977867126465,60.19310760498047,40.594600677490234,64.5727767944336,34.89236068725586,66.48043060302734,37.17272186279297,78.6737354085603,60.60817120622568,,,9.119985866499999,3.454601445,3.9093826000000003,1.89328926
1997-01-11,20700,16.09,0.0,0.0,0.0,0.0,9.270499039666387,5.9553001909401,9.12764835357666,5.664638996124268,2.946132183074951,2.3700759410858154,6.005721092224121,3.509814500808716,13.527194023132324,8.6744384765625,2.163424124513618,1.5953307392996108,,,18.145611786666663,9.165548902666666,10.304976427,5.2670827
1997-01-17,19700,15.68,2.0,2.0,2.0,2.0,23.41144742483289,23.404286813040763,50.52996826171875,50.527252197265625,43.08969497680664,25.95754051208496,48.77228927612305,48.590293884277344,46.526981353759766,45.89495086669922,71.47859922178992,51.86245136186775,,,52.12966985000001,24.555568250000004,43.8251295,19.416017500000002
1997-01-20,47600,24.01,3.0,2.0,2.0,3.0,126.68140732854548,57.20256020051799,100.52468872070312,71.89990997314453,71.7983627319336,43.50917434692383,77.24579620361328,31.996322631835938,102.29405212402344,45.49699020385742,95.84396887159535,45.31770428015564,,,36.24496256,13.822609333333332,33.459261999999995,13.363103
1997-01-28,20000,15.83,1.0,1.0,0.0,1.0,19.507994297366317,19.05395605812565,39.984127044677734,37.34815979003906,20.69775390625,14.65095329284668,16.662967681884766,16.66148567199707,21.23555564880371,21.121931076049805,32.22684824902724,20.897276264591433,,,21.510250774166664,8.939138595333333,7.820244822499999,3.0684535365
1997-01-30,30300,19.16,4.0,4.0,3.0,4.0,79.90170361526154,51.81781448962356,122.88704681396484,83.982666015625,71.48770141601562,44.08205032348633,77.17900085449219,58.83717346191406,106.58052062988281,79.64778900146484,103.27451361867699,47.97315175097274,,,25.901040547833333,10.277019104833334,9.778434651000001,5.131292800000001
1997-02-20,26200,18.07,0.0,0.0,0.0,0.0,71.49575912952423,30.344762968059708,63.568973541259766,37.46457290649414,52.0781135559082,24.685117721557617,62.77983474731445,32.43986129760742,63.78102493286133,34.44395065307617,68.0490272373541,36.74902723735407,,,9.029110662499999,5.7719099585,3.81837676,2.80832895
1997-03-20,73800,29.11,4.0,4.0,4.0,4.0,174.4535870009581,91.29082035334571,150.83644104003906,77.42414855957031,128.30746459960938,75.56550598144531,173.7827911376953,88.17564392089844,168.042236328125,73.95389556884766,160.8529182879378,77.5433852140078,,,9.634302738783333,5.570958204999999,1.43957839635,0.945128615
1997-03-28,21600,16.43,0.0,0.0,0.0,0.0,39.98979543636679,14.874441674061076,54.715518951416016,28.213144302368164,25.69859504699707,10.729498863220215,36.782386779785156,18.454885482788086,49.38585662841797,21.404464721679688,34.44844357976654,16.828210116731523,,,16.79727047625,8.359755368,3.320809825,2.7439388
1997-04-16,20600,16.04,2.0,2.0,2.0,2.0,36.66189097759828,14.674304028314113,45.36534118652344,31.327312469482422,26.46864891052246,11.387300491333008,31.186397552490234,17.893959045410156,56.006500244140625,31.013202667236328,33.75175097276264,19.453112840466922,,,10.859706266113331,4.855178343333333,6.979058555,3.9255404499999997
1997-04-21,31900,19.9,0.0,0.0,0.0,0.0,61.65911856944825,36.61907832253276,49.384666442871094,35.88528823852539,52.51245880126953,33.1210823059082,58.09048843383789,43.81793975830078,41.659549713134766,29.685447692871094,72.9712062256809,37.77743190661476,,,13.477412263666665,4.788603533333333,10.39178979,4.85012225
1997-05-06,23900,17.25,1.0,1.0,0.0,1.0,26.06320264697187,15.965827889640746,48.970375061035156,19.6459903717041,22.75283432006836,10.691142082214355,31.854103088378906,20.138790130615234,48.71743392944336,17.846824645996094,26.24688715953308,10.37509727626459,,,3.5774723088166667,2.0055804069999996,0.599751218,0.3097314455
1997-05-26,23900,17.27,0.0,0.0,0.0,0.0,10.264864236305167,4.888028682987731,12.764551162719727,10.93430233001709,7.065546989440918,3.771054744720459,2.4078586101531982,1.9300339221954346,29.086687088012695,22.785991668701172,8.448054474708172,4.440856031128403,,,6.327211524366667,3.3517414666666667,3.6796867811,3.3786984
1997-05-31,40300,22.18,2.0,2.0,2.0,2.0,30.55656594805861,20.50032311415809,26.99714469909668,19.943872451782227,41.77587127685547,22.55272674560547,36.309364318847656,17.786785125732422,42.76647186279297,28.936965942382812,53.22723735408559,24.86186770428014,,,12.164168233383334,5.34200961555,6.8375274049999994,5.25122035
1997-06-05,37200,21.43,0.0,0.0,0.0,0.0,20.960195032165636,14.389954108808967,20.510778427124023,11.912134170532227,17.438867568969727,10.591485023498535,11.665534973144531,4.429283142089844,10.944464683532715,5.977518081665039,19.03599221789883,8.783073929961091,,,10.836795110833334,4.50482777,6.95518238,4.8216393
1997-06-17,42700,22.85,2.0,2.0,2.0,2.0,9.80305735848089,9.69181835252514,28.88258934020996,28.42329978942871,30.220928192138672,20.81964111328125,9.29012680053711,9.162130355834961,22.35797119140625,21.168292999267578,35.84027237354086,31.414202334630364,,,8.1078221431,4.028620248333333,5.952594365,2.978235025
1997-06-24,33700,20.45,0.0,0.0,0.0,0.0,32.187380484766535,14.946990463519416,37.66435623168945,16.210227966308594,15.72896957397461,8.220691680908203,46.96218490600586,31.605648040771484,55.30979537963867,39.407798767089844,22.021011673151758,12.503307392996112,,,10.422240344999999,5.129166831666667,5.9946232,3.94827415
1997-07-09,62200,26.95,2.0,2.0,2.0,2.0,71.14888911150364,54.309873790631556,56.03010559082031,29.023624420166016,61.089534759521484,42.82946014404297,52.05020523071289,34.30470657348633,49.490699768066406,31.74625015258789,65.10856031128405,47.3568093385214,,,2.748729228066667,1.6902418929999998,0.37004460025,0.295585431
1997-07-13,28200,18.72,0.0,0.0,0.0,0.0,10.197086022036457,8.336971295039467,0.14377938210964203,0.11172284930944443,1.543056845664978,1.543056845664978,0.528530478477478,0.5004180669784546,3.283567428588867,3.2091238498687744,1.2527237354085605,0.8579766536964979,,,11.577511819633333,5.1673901139666665,2.5476778428999998,2.0803341
1997-08-27,11400,12.27,4.0,4.0,3.0,4.0,20.608552539991134,14.666564015995704,32.80324172973633,13.882368087768555,21.437480926513672,12.653421401977539,21.079797744750977,11.148096084594727,16.859914779663086,9.474011421203613,18.552723735408556,10.477042801556417,,,9.387533547166667,5.772645366666667,1.0023829381,0.8787618500000001
1997-08-31,10200,11.75,0.0,0.0,0.0,0.0,7.209598463932391,4.09288718526801,1.2958900928497314,1.1532566547393799,3.7003469467163086,2.9332313537597656,2.339205503463745,2.3153481483459473,1.1588865518569946,1.145962119102478,4.026459143968871,2.056225680933851,,,9.351133440073333,4.158220180906667,2.75428790472,1.51336211
1997-09-15,9630,11.46,2.0,2.0,0.0,2.0,38.16208797405486,21.38639963425368,29.030502319335938,14.626236915588379,35.391693115234375,16.56477928161621,28.790634155273438,19.421680450439453,26.256587982177734,20.1821346282959,39.311089494163426,18.486770428015557,,,10.815432591033334,6.760850179666666,3.7579272546,1.9169109
1997-09-17,20300,15.86,1.0,1.0,0.0,1.0,80.77235764662854,47.57654118218796,82.73208618164062,53.770694732666016,71.72502136230469,34.3675422668457,91.26603698730469,53.00200653076172,84.46298217773438,49.9621696472168,95.52762645914393,45.840661478599166,,,11.371010466500001,5.555687460000001,5.867600305,2.0078598249999997
1997-09-21,12300,12.68,0.0,0.0,0.0,0.0,2.296856603621243,2.1827667368870642,2.485998993506655e-05,2.485998993506655e-05,0.0,0.0,0.0714586079120636,0.0714586079120636,0.021268274635076523,0.021268274635076523,0.07957198443579765,0.07957198443579765,,,10.008276391333334,4.095291561333334,3.38915095,2.24076875
1997-09-28,22200,16.62,1.0,1.0,3.0,3.0,69.41398088802116,40.882437837283426,58.82318878173828,35.21014404296875,49.75740051269531,31.759098052978516,73.46043395996094,45.99688720703125,74.06940460205078,30.931255340576172,68.24299610894934,44.69980544747078,,,2.6032032120666666,1.661104843333333,0.43255248,0.3956903
1997-10-02,19400,15.57,4.0,4.0,3.0,4.0,37.0803957853193,20.913472258565985,74.7421875,39.314395904541016,49.340415954589844,17.42194938659668,39.661216735839844,16.083877563476562,73.33837890625,34.8376350402832,53.991634241245116,20.07976653696499,,,10.69531220162333,4.652339716666666,3.15956718072,2.292519
1997-10-04,35600,20.85,1.0,1.0,1.0,1.0,84.79504392662194,42.039456945532365,79.3720474243164,39.040733337402344,81.47932434082031,32.402530670166016,96.88960266113281,53.55604934692383,107.46247100830078,44.12970733642578,105.55525291828795,47.40447470817121,,,13.043094426,5.662422292666666,4.045652628,2.292519
1997-10-10,19900,15.79,1.0,1.0,0.0,1.0,20.78503822071084,12.190546832622578,24.285144805908203,13.918147087097168,29.37032699584961,11.495748519897461,33.795166015625,12.541035652160645,38.795692443847656,17.044078826904297,28.3760700389105,10.281906614785987,,,6.140311410833333,4.355003788333334,0.27733595225,0.19941295225
1997-10-15,16000,14.23,0.0,1.0,2.0,2.0,12.324078405340048,6.442755259245805,20.276803970336914,15.341333389282227,6.680546283721924,4.017040729522705,4.94683313369751,3.3028178215026855,12.888812065124512,8.363786697387695,5.757587548638131,3.9554474708171194,,,28.801522014166665,18.1042971425,14.8923415,7.743496
1997-10-24,13000,12.98,0.0,0.0,0.0,0.0,5.238195029181966,3.5405296328465097,3.678950786590576,2.042226552963257,3.4823105335235596,2.466498374938965,6.174565315246582,3.984632968902588,6.687546730041504,3.7455179691314697,4.885408560311282,2.573346303501945,,,29.154599496294338,11.7606826,15.87990365,11.007881999999999
1997-10-28,14200,13.49,1.0,1.0,1.0,1.0,20.38602102956005,17.360969412167258,19.035280227661133,8.956063270568848,37.41948699951172,23.479482650756836,24.838565826416016,13.535369873046875,25.610898971557617,12.486638069152832,48.91575875486379,26.98949416342411,,,54.26284063166666,21.797986366666667,37.8879522,17.0020083
1997-10-31,46500,23.73,0.0,3.0,3.0,3.0,141.05090245234123,59.97455456516711,118.97330474853516,49.57014846801758,106.94790649414062,45.14958572387695,146.29519653320312,65.11483764648438,152.9570770263672,63.61186218261719,154.12140077821007,87.12431906614779,,,20.599118276666662,10.036046783333333,22.0811459,10.473780999999999
1997-11-03,24500,17.46,1.0,1.0,1.0,1.0,32.686608043547594,27.536076486908456,30.336505889892578,26.08815574645996,24.462684631347656,19.30394172668457,30.163528442382812,19.35491371154785,26.532760620117188,20.144067764282227,39.8058365758755,28.81926070038912,,,32.868082308333335,13.151495633333333,22.565908725,11.530411
1997-11-06,27300,18.44,1.0,1.0,0.0,1.0,34.59928488232223,27.54554875175082,40.161834716796875,27.567691802978516,15.398484230041504,6.834371089935303,8.569650650024414,5.518887996673584,18.66659164428711,13.454963684082031,15.3784046692607,14.018482490272376,,,36.600856370466666,18.704672374999998,29.3006607,14.6206675
1997-11-18,17400,14.81,0.0,0.0,0.0,0.0,23.911845073667063,20.56786611020907,23.02134895324707,15.360782623291016,22.801145553588867,14.058146476745605,25.21495819091797,16.683408737182617,24.417400360107422,18.445674896240234,32.70097276264594,26.716536964980566,,,48.165212006666664,17.691399978333333,28.29309728,13.942048
1997-11-22,16800,14.57,2.0,2.0,2.0,2.0,45.91595799152973,24.777361427620765,42.154335021972656,31.86302947998047,31.345870971679688,20.108430862426758,38.255821228027344,31.836713790893555,39.40956115722656,31.122827529907227,38.142412451361864,27.43852140077821,,,37.392370650000004,14.3456336,36.3071925,15.610549500000001
1997-11-28,15800,14.14,2.0,2.0,2.0,2.0,17.619885269155144,12.375969404742891,70.02252197265625,54.726104736328125,25.592981338500977,14.88257122039795,42.9056396484375,26.428836822509766,58.32090377807617,41.97833251953125,40.79007782101166,21.09805447470815,,,37.186873821499994,12.802752806999997,26.16660455,12.15061625
1997-11-29,21700,16.45,1.0,1.0,0.0,1.0,34.338286786610624,19.396279140822518,84.02140045166016,54.726104736328125,34.39716339111328,14.88257122039795,50.049110412597656,26.428836822509766,75.0827407836914,41.97833251953125,51.70856031128403,21.09805447470815,,,34.11084244683333,12.802752806999997,21.749058400000003,12.15061625
1997-12-09,12100,12.6,0.0,0.0,0.0,0.0,13.646407257126027,7.773099423099459,19.161602020263672,15.636398315429688,14.67971420288086,5.600855827331543,14.085710525512695,10.677574157714844,26.54880714416504,22.689584732055664,13.577042801556418,7.76011673151751,,,40.85887800066667,17.750498005,29.9883674,15.4370345
1997-12-13,10700,11.97,1.0,1.0,1.0,1.0,0.7631300182660942,0.6790860415196819,0.047063782811164856,0.04542173072695732,0.0,0.0,0.0026033639442175627,0.0026033639442175627,0.07466810196638107,0.07425829768180847,3.868677042801555,1.964396887159532,,,10.538884291666665,4.987414853333333,2.8826997149999998,1.67461865
1997-12-16,15900,14.11,2.0,2.0,2.0,2.0,46.466313591627156,30.351778218469246,92.62225341796875,69.90515899658203,80.41574096679688,48.08988571166992,93.73745727539062,71.93193817138672,110.23822021484375,61.088138580322266,102.18852140077814,63.254863813229505,,,9.26169503925,5.4076630833333335,3.9709106177500004,2.89126325
1997-12-19,20800,,0.0,2.0,0.0,2.0,85.74907072478314,63.21066536638978,37.12258529663086,31.97809410095215,34.32110595703125,19.409439086914062,49.76699447631836,30.27223777770996,42.25446319580078,26.62682342529297,44.25486381322957,22.142412451361867,,,26.948882195,11.629209778333333,18.813261850000004,9.97756225
1997-12-29,24800,17.6,2.0,2.0,3.0,3.0,79.076108946627,49.37197705117512,96.57546997070312,44.446990966796875,56.24478530883789,34.49357604980469,62.24851989746094,31.019046783447266,83.57560729980469,43.86892318725586,70.53073929961093,38.77178988326851,,,20.61723528560833,9.014684668333333,10.731127195,7.34359785
1998-01-07,19600,15.82,0.0,0.0,0.0,0.0,61.8639540745241,25.84846462847854,52.64201354980469,27.461483001708984,55.55817413330078,23.568363189697266,56.7608757019043,27.206462860107422,77.45025634765625,37.15178298950195,58.24922178988329,25.635408560311284,,,32.4296308615,12.343566826666667,12.665261151,4.4361782000000005
1998-01-14,18000,15.23,1.0,0.0,0.0,1.0,48.88985659717872,29.73568834629387,88.5827865600586,46.93009567260742,76.06413269042969,33.253719329833984,90.94467163085938,47.39335632324219,80.22267150878906,45.21845626831055,88.25817120622571,40.47490272373546,,,27.42462927333333,9.828798964999999,13.978812925,6.30772305
1998-01-18,22800,16.94,1.0,1.0,0.0,1.0,48.28803633982547,18.776420657539003,56.427032470703125,33.7069091796875,39.067481994628906,15.495540618896484,39.28780746459961,24.816951751708984,29.57866096496582,13.897531509399414,49.29046692607003,22.043190661478587,,,43.135514701666665,20.256925016666667,37.797529499999996,14.915386999999999
1998-01-24,24300,17.42,3.0,2.0,2.0,3.0,61.000068832765805,35.37417206937451,124.392822265625,72.94012451171875,53.47199249267578,26.851171493530273,82.12815856933594,40.23111343383789,100.55410766601562,52.81529998779297,70.03910505836575,38.49533073929962,,,24.404562312533333,10.688531069166666,17.946005200000002,10.51583095
1998-01-25,24700,17.57,1.0,1.0,0.0,1.0,69.09157936032827,35.37417206937451,129.1401824951172,72.94012451171875,54.30008316040039,26.851171493530273,83.36721801757812,40.23111343383789,107.75623321533203,52.81529998779297,71.62782101167315,38.49533073929962,,,29.2116926025,10.688531069166666,24.35934625,10.51583095
1998-01-28,18000,15.22,2.0,2.0,1.0,2.0,19.00397704722138,12.83785275701811,37.4018440246582,23.772798538208008,9.829341888427734,4.829879283905029,21.851102828979492,19.050745010375977,16.7844295501709,15.054269790649414,19.557976653696493,14.06595330739299,,,27.03072706016666,12.661059349999997,16.99616402,9.81644805
1998-02-02,15100,14.15,0.0,0.0,0.0,0.0,3.976613763498764,2.2987112781695354,5.059573173522949,5.008305549621582,6.199675559997559,3.237834930419922,4.834587574005127,4.809130668640137,8.353938102722168,8.177543640136719,4.228210116731518,2.0212062256809338,,,45.542991781666665,20.288396433333336,31.77299845,14.154990999999999
1998-02-06,14200,13.77,1.0,1.0,0.0,1.0,8.907760990233326,4.6046864216004,10.565376281738281,5.644529819488525,9.494373321533203,4.656076431274414,7.716067314147949,3.7332875728607178,16.367725372314453,7.702793598175049,9.710700389105055,4.813813229571983,,,23.578362528266666,8.538189288333333,13.20540349,7.12198085
1998-02-13,18100,15.26,2.0,1.0,0.0,2.0,47.909824156396475,32.949024913415855,55.57518768310547,26.620298385620117,42.46863555908203,24.363515853881836,60.367767333984375,34.35546875,71.89048767089844,41.485076904296875,44.588132295719845,30.047470817120622,,,30.73302197575,18.708074523333334,15.901047849,13.99781855
1998-02-19,12900,13.28,2.0,1.0,1.0,2.0,14.029611866401435,12.016636722630341,37.113990783691406,25.747234344482422,16.321775436401367,8.747623443603516,30.9879093170166,18.198945999145508,37.7275390625,30.823453903198242,20.963424124513622,10.01322957198443,,,25.150114773066665,11.471132167333332,13.653272233500001,6.01357
1998-03-03,14900,14.06,0.0,0.0,0.0,0.0,49.07627154946555,19.529581270527885,24.29368782043457,11.136336326599121,28.397071838378906,16.57425308227539,32.746551513671875,23.834897994995117,27.303743362426758,18.248716354370117,34.831517509727625,20.720428015564206,,,19.467165945433333,8.7771637371,11.034388438,4.073800188000001
1998-03-11,12300,13.02,1.0,0.0,0.0,1.0,30.524149124754548,15.463772443694777,44.928382873535156,31.87625503540039,16.698381423950195,10.856863021850586,32.44450759887695,20.095972061157227,40.34273147583008,32.41106033325195,16.850194552529175,10.781517509727617,,,23.660659918666667,11.44230105,12.547252411,10.2598535
1998-03-17,14600,13.94,0.0,0.0,0.0,0.0,14.67394454156923,6.970827921512706,10.012057304382324,6.3677802085876465,12.763269424438477,6.541847229003906,10.514531135559082,8.087328910827637,7.7210307121276855,5.687505722045898,16.49766536964981,10.123735408560318,,,24.350009002916668,11.994533116666666,19.1723642,10.518043500000001
1998-03-24,21000,16.31,1.0,0.0,0.0,1.0,54.01188338908365,22.276403445358714,50.96915817260742,22.907474517822266,45.611793518066406,19.233856201171875,41.73766326904297,16.64164161682129,32.31752014160156,12.519094467163086,57.28190661478598,30.980544747081716,,,8.783056392333334,3.371762732,1.183497896,0.620733076
1998-05-27,15800,14.39,0.0,0.0,0.0,0.0,48.75070743989306,24.28323135230099,63.741661071777344,29.7662296295166,49.02458953857422,23.070632934570312,78.01153564453125,33.24587631225586,49.95781326293945,29.012327194213867,66.08287937743191,22.756225680933838,,,11.537273728333334,5.3923169500000006,6.7420814,2.8242815
1998-06-15,17200,14.91,1.0,1.0,0.0,1.0,5.56776481896597,5.5322141495763,21.004276275634766,20.583171844482422,13.1638765335083,7.939257621765137,8.290362358093262,7.410887241363525,11.34370231628418,10.119524002075195,13.246692607003899,11.3955252918288,,,7.977018819658333,4.040304363333333,6.908639708975,4.0914952499999995
1998-06-27,16500,14.67,0.0,0.0,0.0,0.0,18.861409155384372,8.932619498177194,12.440131187438965,7.126925468444824,10.725457191467285,6.207890510559082,12.550371170043945,7.994576930999756,21.1688289642334,11.109098434448242,9.686964980544754,4.990077821011675,,,5.218599952616666,2.3601606645666666,0.6562436173999999,0.46052664499999996
1998-07-16,14900,14.03,3.0,3.0,3.0,3.0,16.461980908938386,9.777906339038626,6.008217811584473,3.170140027999878,10.860838890075684,6.477011680603027,9.526106834411621,9.299360275268555,11.05380916595459,7.357295036315918,10.216147859922184,5.813618677042803,,,7.1281433295,5.3380356595,0.3146612535,0.28603785
1998-10-04,6160,10.26,0.0,0.0,0.0,0.0,22.65293880604763,9.949468438757537,25.752275466918945,13.01101303100586,18.708311080932617,9.203590393066406,27.288803100585938,12.358145713806152,24.56705665588379,12.598047256469727,24.531906614786003,17.675486381322965,,,7.932760212616666,5.026513333333333,0.11697322185,0.11697322185
1998-10-13,5900,10.12,2.0,2.0,2.0,2.0,27.13073615344748,19.86500959243647,39.09168243408203,20.54987907409668,38.406036376953125,19.03068733215332,30.962602615356445,24.262636184692383,32.76306915283203,16.413467407226562,47.82626459143965,31.305642023346277,,,22.788053754333333,9.787428877166667,13.2619207325,6.8773526
1998-10-17,6520,10.44,0.0,0.0,0.0,0.0,23.625776257695378,12.97412042191562,31.109832763671875,22.095783233642578,17.960464477539062,9.11279296875,28.17331886291504,19.693614959716797,30.106754302978516,21.3789119720459,21.843579766536962,17.168093385214004,,,34.18653629666667,18.530907946666666,21.591734799999998,12.7665975
1998-11-15,33900,20.38,4.0,4.0,3.0,4.0,149.4906445041897,62.49123338805102,185.24008178710938,79.64054870605469,109.284423828125,44.80277633666992,144.22178649902344,65.98692321777344,178.44210815429688,85.90375518798828,150.41964980544742,70.3188715953307,,,33.51642216333333,16.601544466666667,28.483871750000006,16.219365500000002
1998-11-21,35500,20.95,2.0,2.0,2.0,2.0,102.11311872447637,63.22344749333982,131.63282775878906,67.17816162109375,95.45201873779297,52.04076385498047,120.10993957519531,63.833106994628906,109.0339584350586,55.07724380493164,116.69241245136195,68.92665369649816,,,27.741089616333333,11.260948133333335,20.914652475,10.849723000000001
1998-11-23,24000,17.33,2.0,0.0,0.0,2.0,106.80712436125339,63.22344749333982,96.00487518310547,57.19667053222656,57.2486572265625,24.30028533935547,81.575927734375,46.33681869506836,69.1172866821289,38.49525451660156,72.21692607003888,29.372568093385187,,,11.198035612233333,5.725863693,7.0571587,4.4506375
1998-11-26,41500,22.56,3.0,2.0,2.0,3.0,124.8144147573876,58.09064806214254,133.6228790283203,61.72262191772461,97.09683227539062,47.25838851928711,142.8437042236328,70.62005615234375,147.8061065673828,75.83353424072266,123.06459143968864,61.88093385214003,,,5.8698514096666665,3.7580479713333332,1.47636588,0.663099855
1998-12-02,19500,15.79,1.0,0.0,0.0,1.0,64.69936131838404,41.932586941618766,103.73838806152344,54.03987121582031,73.41384887695312,37.013267517089844,79.85635375976562,39.267154693603516,78.73081970214844,47.7816276550293,89.15311284046703,40.55564202334637,,,24.107682478833336,10.867288265500001,19.1974284,8.702659
1998-12-07,14700,13.98,0.0,0.0,0.0,0.0,32.305694052867636,12.764919691742264,62.63190841674805,39.823612213134766,40.598236083984375,20.121225357055664,60.785743713378906,33.67647171020508,56.607940673828125,32.056304931640625,55.66595330739301,30.968287937743202,,,11.820924995333334,6.061337466666667,3.63848215,2.08306446
1998-12-13,43600,22.93,3.0,3.0,3.0,3.0,105.23028299480278,50.40295988970915,106.97813415527344,58.00603103637695,91.2429428100586,39.956119537353516,116.8303451538086,55.24589157104492,134.91021728515625,66.25686645507812,111.31478599221796,41.06926070038913,,,9.594184983666668,5.436621703666667,0.6077168749999999,0.38787135
1998-12-15,31200,19.67,1.0,1.0,1.0,1.0,89.5609160041295,50.40295988970915,76.69083404541016,58.00603103637695,48.94156265258789,28.58405876159668,82.36967468261719,55.24589157104492,88.6805648803711,54.283607482910156,55.11945525291833,38.31381322957201,,,33.36859250911667,14.110740032783335,19.611154550000002,14.869123000000002
1998-12-20,17600,15.12,0.0,0.0,0.0,0.0,8.084393884209572,6.628181646925256,0.44444653391838074,0.37287256121635437,0.2636869549751282,0.18870340287685394,0.27924925088882446,0.19327253103256226,0.7079060077667236,0.6803299784660339,0.9618677042801557,0.7684824902723737,,,31.197443070333335,12.166764983,20.6833691025,9.44633485
1998-12-27,16500,14.71,2.0,2.0,1.0,2.0,86.1878871675545,31.738890992523835,86.62077331542969,42.52350997924805,101.95270538330078,47.658958435058594,102.34510040283203,45.455894470214844,91.0755386352539,42.64430236816406,128.0854085603113,56.60272373540857,,,32.959781559999996,15.208104093333333,16.294046684999998,6.463131799999999
1998-12-30,46200,23.69,3.0,3.0,2.0,3.0,140.8912580797367,62.42420647659448,95.735595703125,55.387203216552734,80.24247741699219,41.56901550292969,88.9009780883789,47.511837005615234,96.091552734375,51.161773681640625,89.74143968871603,48.9097276264592,,,15.408507486666666,7.8143079533333335,10.248439755,8.2826205
1999-01-03,21000,16.31,0.0,0.0,0.0,0.0,7.955908216053912,6.377562135557714,0.23029080033302307,0.19024255871772766,0.31545791029930115,0.31545791029930115,0.4241451025009155,0.424144446849823,1.7565363645553589,1.746303677558899,0.5165369649805455,0.4869649805447478,,,23.523878760833334,9.967294043333334,7.5366947285000006,4.1078873985
1999-01-11,27100,18.39,0.0,0.0,1.0,1.0,55.10545886087144,27.913592714196636,105.27357482910156,67.22203063964844,43.46769714355469,23.74609375,31.721410751342773,20.833576202392578,78.95787048339844,35.99191665649414,41.61245136186769,31.511478599221782,,,47.479595326083334,19.869678161083332,44.2762726,19.025261
1999-01-13,18800,15.55,3.0,3.0,2.0,3.0,48.2470305690606,27.913592714196636,75.36360168457031,67.22203063964844,42.48127746582031,26.39682960510254,16.42978858947754,13.425363540649414,36.20857238769531,18.442174911499023,23.500778210116735,13.562645914396885,,,44.892494777749995,19.869678161083332,39.772275750000006,19.025261
1999-01-17,26900,18.3,1.0,0.0,0.0,1.0,78.33634031183632,46.01062331919916,42.89165496826172,21.164302825927734,54.77641296386719,23.433706283569336,41.927433013916016,23.52413558959961,49.487701416015625,25.055465698242188,61.305447470817114,30.20564202334629,,,17.52867668933333,8.4798406,12.772408124999998,7.7632615
1999-01-22,21700,16.57,0.0,0.0,0.0,0.0,27.25621605915152,11.248370936222331,24.089900970458984,11.659554481506348,19.53476905822754,9.575997352600098,26.07723045349121,11.82204818725586,33.708431243896484,16.970043182373047,25.91809338521401,13.24396887159534,,,17.431459623633334,14.076551666666667,10.80221139,9.9351015
1999-01-29,20600,16.19,2.0,1.0,1.0,2.0,84.71590613238344,44.977418592281595,96.26603698730469,61.67314529418945,92.202392578125,41.58122253417969,103.5025634765625,52.59040069580078,105.7051010131836,52.92258834838867,107.50700389105053,45.82665369649803,,,27.541739521833335,12.2943626275,22.354500450000003,11.5249655
1999-02-01,18900,15.6,2.0,2.0,2.0,2.0,59.69623707249106,24.38125620927683,43.54926300048828,19.205965042114258,55.525367736816406,22.679061889648438,43.432861328125,22.837247848510742,61.95717239379883,30.899002075195312,47.39105058365759,19.03307392996108,,,29.796558029333333,12.643471159999999,24.078725900000002,12.753265500000001
1999-02-05,21100,16.35,1.0,1.0,0.0,1.0,69.14842644886578,34.12460808544268,58.32779312133789,37.81586456298828,55.198265075683594,19.714248657226562,50.94953155517578,33.31548309326172,63.7747802734375,31.83544158935547,60.56264591439693,29.582684824902756,,,59.423466862850006,25.103243533333337,62.725713,29.027536499999997
1999-02-12,16300,14.65,1.0,1.0,1.0,1.0,9.780072650204842,4.847323133572794,18.562702178955078,8.787490844726562,11.325679779052734,6.588948726654053,8.017790794372559,6.514354228973389,11.90812873840332,9.938316345214844,6.2354085603112805,5.665175097276261,,,19.708528848883333,9.420167483333332,10.25500165,4.9311627499999995
1999-02-16,14700,14.02,1.0,0.0,0.0,1.0,12.460403427741415,8.241722738765622,26.095426559448242,23.063867568969727,19.09485626220703,11.506217956542969,21.768766403198242,21.34331703186035,22.733991622924805,22.263450622558594,25.063618677042825,21.973929961089517,,,20.722632544000003,9.528116410666668,19.6761199,9.04939725
1999-02-24,18900,15.54,1.0,1.0,1.0,1.0,88.59980310764641,41.06808989636073,119.42486572265625,61.7835578918457,98.21565246582031,36.48362350463867,129.05447387695312,70.8092041015625,109.96247863769531,57.215538024902344,112.61887159533073,60.523735408560285,,,23.707863547833334,10.587071516666667,16.914404615,7.753359
1999-03-02,22000,16.65,1.0,0.0,0.0,1.0,56.26879930245489,28.09834616498783,42.90467834472656,19.82828712463379,48.89499282836914,19.13117218017578,48.87191390991211,21.896709442138672,45.626895904541016,22.287172317504883,41.2270428015564,18.257198443579753,,,15.661646220716666,7.0832119103833335,11.2834135,6.06822385
1999-03-07,17600,15.13,0.0,0.0,0.0,0.0,11.90406882955918,7.991237089066387,8.251805305480957,8.148419380187988,1.8397812843322754,0.8133556246757507,5.7926716804504395,5.576149940490723,8.02894401550293,7.621636867523193,4.16906614785992,3.4712062256809313,,,22.534150633333333,14.632462049999999,6.703055450000001,4.189122
1999-03-13,15400,14.29,2.0,1.0,0.0,2.0,29.711250470568565,17.492653937458307,56.26422882080078,36.61679458618164,36.49481201171875,19.4660701751709,35.43537902832031,28.292510986328125,40.135528564453125,30.1739559173584,38.58093385214008,25.899027237354105,,,34.83598755283333,14.608005,32.75722725,11.833758
1999-03-27,17400,15.03,0.0,0.0,0.0,0.0,41.816380480279435,18.783630979220682,55.694862365722656,24.06271743774414,35.976226806640625,16.3267822265625,44.441162109375,21.555166244506836,50.8580322265625,25.420547485351562,36.74669260700389,13.902140077821018,,,18.977633525583332,7.459898128933333,13.059810615,5.1953423999999995
1999-05-31,26100,18.03,2.0,2.0,2.0,2.0,3.601826006927693,2.7294435980050853,3.747631311416626,3.7456953525543213,11.66999340057373,8.358916282653809,4.11093807220459,3.870342493057251,4.745132923126221,4.679856300354004,14.749610894941627,11.53424124513618,,,8.166588013666667,4.454847271166667,6.811602199999999,3.8651399
1999-06-05,27100,18.36,0.0,1.0,1.0,1.0,11.449762887702265,8.537426368541967,22.01365852355957,21.521360397338867,18.093002319335938,9.094053268432617,14.478819847106934,13.564520835876465,19.39055061340332,17.639400482177734,25.587159533073947,24.174902723735425,,,10.13897141,5.415862021666666,3.6184842,1.65755195
1999-06-12,22500,16.82,1.0,1.0,0.0,1.0,0.4139254300080037,0.2681950285082975,1.4910361766815186,0.7674666047096252,0.18402287364006042,0.18402287364006042,0.7330167889595032,0.7173888683319092,0.9698851108551025,0.7307717204093933,2.9233463035019462,1.8636186770428018,,,5.697321563833333,4.269623183333334,4.1081985315,3.10959735
1999-06-17,37600,21.54,0.0,0.0,0.0,0.0,1.2663996170974297,0.9304608013155918,1.7645851373672485,1.6032360792160034,0.3425839841365814,0.3425839841365814,3.3637044429779053,3.33310604095459,4.211532115936279,3.8321733474731445,1.6379377431906619,1.155058365758755,,,7.871687867666666,3.431622546,4.754053365,2.102652735
1999-06-23,29000,19.03,1.0,0.0,0.0,1.0,12.671724668928345,4.739562141292338,10.307936668395996,4.117640495300293,13.39796257019043,7.199347496032715,6.959596157073975,5.1207194328308105,12.321252822875977,7.617157459259033,5.448832684824904,3.233852140077823,,,10.330504353333334,4.534370105,5.977879665,4.0463059
1999-08-16,20800,16.25,0.0,0.0,0.0,0.0,25.77017400696888,14.516495230548925,12.182750701904297,7.426959991455078,20.239273071289062,12.905330657958984,18.571636199951172,10.963298797607422,12.561567306518555,5.816356658935547,16.526848249027235,8.443190661478596,,,1.3047102755833335,0.8341580325,0.27155282999999997,0.10613786
1999-08-25,14800,14.08,3.0,3.0,3.0,3.0,0.687043976955326,0.3448718926670336,2.5203747749328613,2.436619758605957,2.4640285968780518,1.3384555578231812,2.9886245727539062,2.9884119033813477,5.609505653381348,5.607354640960693,2.021011673151752,1.2459143968871609,,,3.797486447333333,2.448673166666667,0.637026267,0.60861515
1999-08-31,13800,13.67,0.0,0.0,0.0,0.0,15.079495199273534,10.940368999258737,3.8491859436035156,2.967195510864258,11.61336898803711,9.097000122070312,12.024032592773438,10.434248924255371,18.841054916381836,11.070673942565918,9.799610894941628,6.4392996108949365,,,5.646353688633334,4.309906753333334,2.0620294282500002,1.7402503
1999-09-05,9220,11.78,1.0,1.0,1.0,1.0,4.267424473450626,3.8628891002525707,6.664557456970215,6.650158405303955,16.784381866455078,13.604852676391602,6.066985607147217,6.055577278137207,8.322288513183594,8.25520133972168,14.757392996108935,14.407782101167301,,,22.92451256,14.111916646666666,6.00051672,3.0414095999999997
1999-09-09,10900,12.49,0.0,0.0,0.0,0.0,2.531076484019681,1.8585258133542042,0.057751379907131195,0.057747505605220795,0.0,0.0,0.053336795419454575,0.05333033949136734,0.04892851412296295,0.04282466694712639,0.08210116731517517,0.0667315175097277,,,5.163637134333333,2.7617538833333337,0.00724433,0.00724433
1999-09-25,8790,11.58,1.0,1.0,1.0,1.0,9.173665396460727,7.730950291708369,16.34328269958496,13.43185043334961,22.197614669799805,10.742563247680664,15.72841739654541,14.042023658752441,28.565446853637695,23.657318115234375,18.71653696498053,16.55505836575874,,,17.820494161616665,6.8168106593,7.361139055,4.37106528
1999-09-29,8820,11.6,0.0,0.0,0.0,0.0,3.410734230045667,2.0057112840901308,0.24579888582229614,0.17105594277381897,0.33679938316345215,0.33679938316345215,0.785848081111908,0.6142774224281311,0.7498357892036438,0.6505742073059082,3.735992217898831,1.7330739299610902,,,2.4441824641,1.4625583213666664,0.23282260319999998,0.22605198999999998
1999-10-08,19000,,2.0,2.0,1.0,2.0,62.18458125024547,43.02989673614502,35.90282440185547,25.298595428466797,77.81310272216797,37.966224670410156,68.98101043701172,50.69822692871094,72.59136199951172,53.58135986328125,104.08346303501946,65.91770428015563,,,18.38025261825,16.434888268250003,1.40065045475,0.7201345
1999-10-13,13700,,2.0,2.0,2.0,2.0,23.48692349734828,12.456730397469782,19.112138748168945,18.986719131469727,26.01165008544922,11.365070343017578,15.471914291381836,8.976705551147461,23.294742584228516,18.799137115478516,27.81322957198445,16.915758754863827,,,9.7670379465,3.9843588971666666,5.57565287,3.10346785
1999-10-17,11300,,0.0,0.0,0.0,0.0,2.0609005745233215,1.8188279169232338,0.019820373505353928,0.019439343363046646,0.009939384646713734,0.009939384646713734,0.06984838098287582,0.06984618306159973,0.8107352256774902,0.49359020590782166,1.9926070038910495,1.806420233463034,,,25.583999045833334,14.256913058333334,15.92772863,9.49610475
1999-10-25,10800,,1.0,0.0,0.0,1.0,16.656019109396315,7.0785965591270195,14.809090614318848,9.498379707336426,17.354887008666992,7.238537788391113,13.11922836303711,8.049786567687988,14.267932891845703,8.094139099121094,23.143385214007793,14.755058365758762,,,17.864749957,8.791625605333335,13.01592508,7.1643875
1999-10-31,26300,,2.0,2.0,2.0,2.0,96.62744543087415,39.110672981743605,76.06301879882812,32.59124755859375,63.9870491027832,26.726308822631836,73.8675308227539,29.46944808959961,86.4246597290039,38.26227569580078,74.213813229572,26.925875486381308,,,28.794032280100005,17.980018735,13.5152689788,9.9555075
1999-11-04,15800,,1.0,1.0,1.0,1.0,22.67508220064176,16.858361351672368,19.97162437438965,13.616626739501953,18.3763484954834,15.774239540100098,12.319646835327148,9.21129035949707,19.07880401611328,10.138130187988281,21.58482490272374,16.001167315175095,,,26.624477916000004,11.875579826666668,15.290971305000001,6.8951452
1999-11-06,16300,,4.0,4.0,3.0,4.0,38.1551185245777,16.858361351672368,66.60657501220703,52.962379455566406,29.979469299316406,15.602662086486816,49.345855712890625,40.13443374633789,49.38213348388672,39.19166946411133,42.343774319066156,24.056031128404683,,,28.857729486544997,11.875579826666668,15.82533174,10.25701235
1999-11-10,24800,,2.0,2.0,2.0,2.0,52.72052964034097,30.54799996097047,66.26983642578125,29.09433937072754,56.792930603027344,24.552560806274414,54.123329162597656,23.637113571166992,60.801177978515625,24.191553115844727,40.01692607003889,20.119844357976636,,,18.340640931666666,10.867564791666666,13.485309200000001,11.881398
1999-11-13,76800,,3.0,1.0,1.0,3.0,134.5603595937871,64.95868254801967,72.8339614868164,59.32511901855469,123.52513122558594,60.12458038330078,124.34754180908203,68.59425354003906,104.16645050048828,69.94784545898438,153.75466926070038,71.05603112840467,,,26.691020666666667,15.154739333333334,22.063274049999997,11.6025985
1999-11-14,74400,,1.0,1.0,1.0,1.0,129.90038636628802,64.95868254801967,67.62445068359375,59.32511901855469,64.7257080078125,43.642818450927734,87.37512969970703,68.59425354003906,78.04841613769531,69.94784545898438,122.07295719844356,71.05603112840467,,,34.665671366666665,15.154739333333334,27.978483,11.6025985
1999-11-15,55900,,2.0,2.0,2.0,2.0,68.30580323227672,48.04273249587867,8.407547950744629,5.167056083679199,25.154674530029297,19.757732391357422,19.996471405029297,14.8792085647583,10.908025741577148,4.656670570373535,52.87879377431906,46.290466926070025,,,37.158005216666666,15.154739333333334,23.3716185,11.6025985
1999-11-20,29700,,2.0,2.0,0.0,2.0,32.220088004268376,21.828692204380822,38.0700569152832,29.613082885742188,40.06563186645508,19.48785400390625,37.47404861450195,25.853940963745117,43.674224853515625,32.13569641113281,43.76595330739297,24.26536964980543,,,40.75603297033333,20.208162853666668,29.367059850000004,12.8205288
1999-11-25,29000,,2.0,2.0,2.0,2.0,58.66483173132598,36.9770841065146,64.92617797851562,29.134754180908203,60.9771728515625,30.43324851989746,71.64350128173828,43.469390869140625,62.37177658081055,36.32585525512695,64.59338521400777,38.82762645914397,,,50.49814421666667,20.174791616666667,36.552632599999995,15.878642
1999-11-30,22700,,2.0,1.0,1.0,2.0,28.075282999374913,16.034091782615473,40.57316970825195,27.198633193969727,35.47080993652344,16.915603637695312,25.985578536987305,19.804195404052734,29.831180572509766,23.678848266601562,44.3375486381323,26.712062256809336,,,44.86504949,16.768855339999998,40.72934875,19.041066999999998
1999-12-02,27900,,1.0,1.0,0.0,1.0,64.19057360069246,25.786755251838873,84.13163757324219,48.51430892944336,60.12839889526367,22.965473175048828,85.32186889648438,51.37303924560547,79.78285217285156,50.487403869628906,98.26731517509727,49.25700389105059,,,50.38648377818333,21.707627505,45.906997000000004,22.5064165
1999-12-08,18900,,1.0,0.0,0.0,1.0,42.391751359802726,19.954315439009076,50.25934982299805,42.31734085083008,31.927492141723633,20.262407302856445,49.344417572021484,42.20539093017578,63.923912048339844,49.805877685546875,53.835603112840445,43.866536964980526,,,38.73133708333334,17.214404716666667,30.48054285,13.3439895
1999-12-16,49000,,3.0,2.0,2.0,3.0,117.97956023845344,46.60974956060231,110.90633392333984,70.68158721923828,84.08538818359375,39.32330322265625,115.35774993896484,74.69845581054688,105.5274429321289,63.10517883300781,107.07879377431907,74.91050583657588,,,21.37423337758333,9.722547975,7.73087789,4.365843925
1999-12-17,37200,,1.0,1.0,1.0,1.0,103.17768264603562,46.60974956060231,94.14979553222656,70.68158721923828,76.71519470214844,39.32330322265625,99.64859008789062,74.69845581054688,87.1380844116211,63.10517883300781,102.14649805447472,74.91050583657588,,,27.59705995266667,10.754556720666669,13.204969085,5.8762159
1999-12-22,21600,,0.0,0.0,0.0,0.0,2.528420647176652,2.1231759043186047,0.15659132599830627,0.15345768630504608,0.022507572546601295,0.022507572546601295,0.1858471781015396,0.18113049864768982,1.0493148565292358,0.9783350229263306,3.009533073929961,1.5042801556420236,,,43.76943017666667,22.434471666666667,26.172864724999997,12.837537000000001
2000-01-03,17500,,1.0,1.0,1.0,1.0,58.492458880061626,24.498418736868107,41.665252685546875,21.85309600830078,56.95637512207031,22.119909286499023,45.681095123291016,19.95223617553711,54.856815338134766,27.30972671508789,53.12315175097278,27.531517509727642,,,20.094243824266666,9.960972898333333,16.242262125,6.534745924999999
2000-01-10,17700,,0.0,0.0,0.0,0.0,57.57325044827069,25.0672064866892,67.86600494384766,33.101871490478516,43.90331268310547,20.63128662109375,69.88558197021484,32.13198471069336,84.5049057006836,34.1993522644043,65.3227626459144,29.188715953307387,,,26.512631216666666,13.8065315,21.878892649999997,13.2887025
2000-02-01,13600,,2.0,2.0,0.0,2.0,38.516646300709624,27.859521997818298,29.50046157836914,23.333065032958984,63.26987838745117,36.9393196105957,42.51678466796875,37.465858459472656,29.969358444213867,22.999330520629883,50.63132295719845,38.76692607003891,,,31.039240916666667,14.878285033333334,25.13801755,12.774325000000001
2000-02-07,12100,,1.0,1.0,1.0,1.0,7.752652000312437,5.254053530370528,19.45198631286621,16.897602081298828,11.379343032836914,6.421841621398926,4.207892894744873,3.537407159805298,3.956667423248291,3.091010332107544,13.953696498054473,7.171789883268481,,,25.492435416666662,9.6025785,25.66234315,11.140949500000001
2000-02-11,14200,,0.0,0.0,0.0,0.0,11.72682983660692,10.811082224089146,14.254705429077148,13.569475173950195,0.59433513879776,0.59433513879776,10.43932056427002,10.122461318969727,7.0592451095581055,6.941906452178955,6.6686770428015505,4.112256809338518,,,20.58445147733333,8.894702103166667,9.6248849725,7.80688435
2000-02-22,11800,,1.0,1.0,0.0,1.0,14.6021912083182,8.89654685115267,23.876937866210938,15.780284881591797,24.632171630859375,12.26207447052002,25.965227127075195,15.682358741760254,23.83635139465332,14.439860343933105,30.898443579766557,15.974319066147872,,,26.70496017833333,10.1456599,5.526950785,2.84541475
2000-03-19,16000,,0.0,0.0,0.0,0.0,56.45837286656035,22.868887215681788,81.9946060180664,44.48017883300781,41.85398483276367,20.526321411132812,55.851341247558594,23.069433212280273,63.907493591308594,32.19448471069336,40.65350194552532,21.665953307393004,,,24.08595079616667,11.008929753666669,16.88487815,8.52866825
2000-04-26,15300,,2.0,0.0,0.0,2.0,15.849759102166615,5.867145321337261,20.99581527709961,9.400016784667969,10.576786994934082,5.296685695648193,12.382568359375,6.552844524383545,17.17522430419922,9.14942741394043,7.189105058365764,6.375680933852145,,,10.413164545333332,6.245685991666666,6.1749561,3.3086104
2000-04-30,14400,,1.0,1.0,1.0,1.0,15.018359464781987,7.663334605114866,18.060779571533203,9.482596397399902,9.940686225891113,3.489180326461792,19.119457244873047,11.20630168914795,16.684188842773438,8.039081573486328,15.480933852140076,9.428988326848243,,,10.852945145166666,3.98880608,10.7115058,4.6575197
2000-05-12,16100,,0.0,0.0,0.0,0.0,33.43167305025263,15.826349903019162,45.592567443847656,26.863540649414062,17.64984893798828,8.709288597106934,39.27009582519531,22.8115177154541,23.19981575012207,10.92187213897705,23.548249027237347,11.660311284046692,,,19.850545984500002,8.145683103333335,16.18672955,7.182447
2000-05-21,19600,,2.0,2.0,2.0,2.0,16.94444169434425,7.310868072335966,29.356060028076172,18.951801300048828,14.027711868286133,5.862487316131592,13.605389595031738,6.820488929748535,16.30023956298828,12.706143379211426,21.30642023346304,12.745330739299618,,,2.669939702633333,1.444774205833333,1.3081983300000002,0.6906041350000001
2000-05-29,21600,,0.0,0.0,0.0,0.0,26.658552618259225,12.124430221991602,34.85751724243164,19.379131317138672,21.245710372924805,11.905702590942383,34.73579788208008,20.448705673217773,32.55498504638672,16.93524932861328,32.35836575875487,22.703696498054477,,,10.267607497333334,4.820731487333334,1.9734109749999997,1.4045258999999999
2000-06-12,27100,,2.0,1.0,0.0,2.0,45.92003256432983,32.96247233943319,82.24530792236328,68.99986267089844,55.0108642578125,27.21548080444336,79.49134826660156,59.68937301635742,68.77947998046875,52.05481719970703,65.93229571984439,43.50389105058368,,,8.97084195435,5.723773733333334,5.2159721925,3.7161274
2000-06-13,36500,,3.0,3.0,2.0,3.0,62.861000047815004,32.96247233943319,78.2244873046875,68.99986267089844,55.588134765625,27.21548080444336,69.51248168945312,59.68937301635742,64.98091888427734,52.05481719970703,60.33268482490274,43.50389105058368,,,9.288715956016667,5.723773733333334,5.284353775,3.7161274
2000-07-05,19500,,0.0,0.0,0.0,0.0,17.277915854111626,12.041956014395424,5.781889915466309,3.1935834884643555,10.434646606445312,9.468746185302734,4.197381496429443,3.0815625190734863,18.106895446777344,9.830192565917969,11.711673151750976,6.259727626459147,,,1.5548376681666665,0.8658847793333333,0.38888484300000004,0.34833837
2000-07-28,15000,,3.0,3.0,3.0,3.0,1.83605544716004,1.022244742712679,3.1205286979675293,1.6013134717941284,7.848855018615723,6.013417720794678,2.7593801021575928,1.4772248268127441,4.665038108825684,3.9779584407806396,7.358171206225681,5.632295719844359,,,8.463942213666668,4.9806842935,0.709964776,0.3870609955
2000-08-20,11100,,0.0,0.0,0.0,0.0,33.22973614934824,18.93034988345425,19.499080657958984,10.069916725158691,25.824188232421875,15.24088191986084,22.167678833007812,10.398938179016113,13.323873519897461,6.933584213256836,31.598249027237358,15.596498054474717,,,3.27698219275,2.6287804444166665,0.08902571675000001,0.087106945
2000-08-28,9590,,0.0,0.0,1.0,1.0,3.4179407271303246,1.8844034427429246,1.4585533142089844,1.141974687576294,1.0267267227172852,0.6491274833679199,0.9017056822776794,0.7553009986877441,2.0915474891662598,2.027090072631836,3.147665369649808,2.6256809338521423,,,10.027564997598333,7.023800860333334,0.336588644,0.242784323
2000-09-03,5840,,0.0,0.0,0.0,0.0,5.669994254018016,2.6660286754313645,31.294612884521484,28.167762756347656,4.292063236236572,1.6859773397445679,5.867743492126465,3.547565460205078,23.842012405395508,20.64127540588379,6.714202334630352,3.6383268482490294,,,6.883655648916665,3.7620813949999996,0.36532017175,0.315540285
2000-09-10,14000,,0.0,2.0,2.0,2.0,48.733470406860505,22.600175950540866,34.486297607421875,21.9746036529541,44.649383544921875,18.13150405883789,42.75328063964844,18.822004318237305,50.11262512207031,21.663772583007812,41.38929961089494,22.71498054474709,,,10.20113249,4.4265558333333335,7.563108125,3.7491652500000003
2000-09-14,10600,,1.0,1.0,0.0,1.0,0.34089101368475017,0.25475525780604086,0.23408247530460358,0.13890627026557922,0.0,0.0,0.0001296048576477915,0.00012748260633088648,0.23299433290958405,0.18794842064380646,0.02120622568093386,0.02120622568093386,,,1.7474696563666667,0.8890288833333333,0.2479238441,0.2452705
2000-09-19,12600,,3.0,3.0,3.0,3.0,7.4619732421108775,6.269464636851907,0.6372031569480896,0.6018730401992798,6.007566928863525,3.928290605545044,4.8139777183532715,3.0787131786346436,10.99526309967041,8.747751235961914,6.2429961089494155,4.213035019455253,,,5.64828483989,2.9506676043333333,2.03854061367,2.0378325
2000-09-20,12300,,1.0,1.0,0.0,1.0,7.5328355751062235,6.269464636851907,0.7345690131187439,0.6018730401992798,6.626535415649414,3.928290605545044,5.708250999450684,3.0787131786346436,11.76811408996582,8.747751235961914,8.167509727626458,4.213035019455253,,,7.227102087056666,3.654491613833333,3.73765521367,2.0378325
2000-09-24,7200,,0.0,0.0,0.0,0.0,0.2669560226538783,0.15271319312944537,1.2936561688547954e-05,1.2936561688547954e-05,0.0,0.0,0.0,0.0,0.0009819342521950603,0.0009819342521950603,0.00603112840466926,0.002723735408560311,,,4.0820879770000005,2.2611500953333334,0.99356573,0.579479705
2000-10-01,21000,,3.0,3.0,0.0,3.0,69.48836135858781,34.02484892476813,66.1550521850586,36.598716735839844,48.674293518066406,24.500024795532227,68.39335632324219,47.62340545654297,46.7972412109375,29.907583236694336,62.6941634241245,39.39766536964978,,,19.006899116383334,8.461674705000002,4.708039614,2.7986658999999996
2000-10-10,6920,,0.0,0.0,0.0,0.0,7.612072661389503,5.499181647284622,14.664875984191895,10.142266273498535,7.047277450561523,4.562607288360596,9.406315803527832,5.536365032196045,5.067805290222168,4.085134506225586,9.766731517509736,9.638910505836584,,,19.177980995,10.26020954,7.664728,3.4653039000000003
2000-10-19,14600,,3.0,3.0,2.0,3.0,59.14017969107765,26.09328487224834,32.87127685546875,22.215221405029297,43.96432113647461,17.947383880615234,32.450767517089844,15.266973495483398,51.45814895629883,26.58729362487793,42.645914396887186,17.039883268482505,,,9.9997523424,5.09306553,2.2261272565,1.92308285
2000-10-28,11400,,1.0,1.0,1.0,1.0,13.655034453683331,7.839170197162948,14.398112297058105,14.053535461425781,21.120664596557617,9.962985038757324,17.544504165649414,17.513492584228516,15.194945335388184,13.321803092956543,22.040466926070042,21.193579766536967,,,46.056935550000006,19.770599666666666,37.7434457,18.277759500000002
2000-11-04,10400,,1.0,1.0,1.0,1.0,8.119992344973415,5.479204588136983,23.4014892578125,22.822525024414062,27.1685791015625,16.828842163085938,21.197467803955078,21.169322967529297,21.47638702392578,21.291000366210938,40.47782101167316,40.466926070038916,,,45.573027247,23.960237583333335,33.444857465,18.25139
2000-11-10,11200,,0.0,0.0,0.0,0.0,16.1844741691687,11.786307825413079,3.5045361518859863,2.781097412109375,11.446320533752441,10.535956382751465,14.51744556427002,11.289518356323242,14.169580459594727,11.798005104064941,32.68463035019455,28.849416342412447,,,28.288268653882664,11.687620699999998,14.89119988,8.53952865
2000-11-23,7780,,1.0,1.0,1.0,1.0,1.6610611842225804,1.1654550646138815,15.641357421875,15.614619255065918,11.545686721801758,11.173096656799316,7.944680213928223,7.944680213928223,12.383922576904297,12.344103813171387,15.940661478599212,15.685408560311275,,,23.729409224333335,12.633026666666666,7.799630270000001,4.0336511
2000-11-28,11300,,0.0,0.0,0.0,0.0,49.22512435705097,35.26633467820133,49.22088623046875,28.68956756591797,33.257999420166016,26.41708755493164,49.700111389160156,27.33197784423828,44.0808219909668,22.98054313659668,30.216342412451386,26.827626459143996,,,20.109227522,8.173098417666667,4.308475553,2.3035525629999998
2000-12-16,7940,,2.0,2.0,2.0,2.0,38.571720858974636,21.768499056194297,78.0443344116211,50.1195182800293,72.97712707519531,43.231075286865234,65.59756469726562,40.09496307373047,77.70343017578125,56.1429328918457,56.931906614785994,38.4854085603113,,,20.432311623666667,7.227879903333334,18.02309935,6.7230422999999995
2000-12-24,8530,,0.0,0.0,0.0,0.0,28.547856597201346,12.861845126343503,26.862855911254883,11.488265037536621,22.092626571655273,9.838665962219238,24.845094680786133,8.909444808959961,33.69697952270508,14.494686126708984,21.021595330739295,10.74961089494163,,,29.294755735966667,12.254423033333333,18.5280887,7.04230645
2001-01-05,15100,,2.0,3.0,1.0,3.0,44.23445125767337,27.53216634699309,92.43826293945312,63.1045036315918,51.479888916015625,24.502931594848633,54.936187744140625,46.0512809753418,71.81436157226562,49.2314338684082,62.992023346303505,37.55214007782102,,,14.333095110000002,6.870554316666667,9.40173068,6.78375195
2001-01-07,13200,,1.0,0.0,0.0,1.0,43.818801139631844,27.53216634699309,66.3636245727539,63.1045036315918,17.7656192779541,16.909276962280273,47.44658660888672,46.0512809753418,50.5560417175293,49.2314338684082,38.30486381322958,37.55214007782102,,,37.090863,18.675206733333336,8.078861,5.65303862
2001-01-22,9370,,0.0,0.0,0.0,0.0,33.40013767257096,17.405659640040497,40.56363296508789,33.89472198486328,22.937477111816406,15.26733112335205,23.243446350097656,21.489580154418945,35.806541442871094,25.452476501464844,24.05525291828796,22.699416342412473,,,37.026438105,15.602480649999999,24.98868285,9.5674435
2001-02-01,9300,,1.0,1.0,0.0,1.0,47.72011087256453,21.50032502378606,36.19239044189453,18.331327438354492,30.885028839111328,18.517751693725586,28.060636520385742,14.160719871520996,40.3312873840332,21.24287986755371,23.414980544747074,12.712645914396887,,,29.53875517755,15.79191206,14.2653931,6.91464475
2001-02-06,9710,,0.0,0.0,0.0,0.0,37.42000187204057,19.435194987867803,40.90989303588867,26.54025650024414,21.380285263061523,17.820751190185547,30.035003662109375,17.212827682495117,33.97075271606445,19.135393142700195,33.44435797665369,21.02003891050584,,,23.282729818,8.147145543333332,16.298081749999998,7.34883275
2001-03-19,13400,,1.0,1.0,1.0,1.0,42.451110945811074,29.112491432612988,61.95184326171875,27.641862869262695,38.05548095703125,25.510387420654297,43.65338134765625,23.909194946289062,45.37798309326172,20.913742065429688,45.81556420233465,36.73560311284048,,,19.5871866415,7.8129309445,13.9866338,5.7815866499999995
2001-03-25,8470,,1.0,1.0,0.0,1.0,4.692466538102075,3.09156214213622,12.500357627868652,10.985526084899902,10.530773162841797,7.149499893188477,8.579795837402344,8.578022956848145,10.18309211730957,10.173320770263672,17.621595330739304,16.444357976653702,,,14.201083845833335,5.9329776999999995,10.700190485,5.443838749999999
2001-03-28,9150,,1.0,0.0,0.0,1.0,35.619900570534185,17.714149129778203,31.180377960205078,18.591081619262695,26.23935317993164,14.342488288879395,34.984127044677734,14.420994758605957,33.99632263183594,15.13090705871582,31.883852140077817,17.74513618677042,,,25.967867168495,10.233154533333332,26.108031749999995,11.237499499999998
2001-04-01,11800,,0.0,0.0,0.0,0.0,37.209837492534014,18.909206521670633,25.500659942626953,15.50601577758789,24.721511840820312,13.963743209838867,27.537418365478516,13.38271427154541,27.6932430267334,13.322834014892578,26.04377431906613,19.32509727626458,,,16.677094226333335,6.848061804666667,10.182243415,5.17691765
2001-04-17,7350,,1.0,0.0,0.0,1.0,7.46237093828802,6.706070747019912,20.108619689941406,18.64618682861328,12.160408020019531,6.282271385192871,11.568511009216309,11.567737579345703,9.030298233032227,9.017075538635254,16.699221789883264,16.500778210116728,,,7.594080071666666,3.463294516666666,5.544807329999999,2.5619453
2001-05-01,14900,,0.0,0.0,0.0,0.0,57.510382381878635,25.732294429567276,71.46543884277344,24.077577590942383,44.57521057128906,21.521102905273438,63.04155731201172,21.421104431152344,71.59326171875,24.43766975402832,48.81245136186773,26.133657587548658,,,15.270042149850003,8.607246690333335,7.741933865,4.4307321250000005
2001-05-19,12600,,1.0,0.0,0.0,1.0,12.24920842949796,6.893260046298372,3.9885616302490234,2.366140365600586,10.863042831420898,4.93782377243042,4.80647087097168,3.275101661682129,6.7402448654174805,4.170356750488281,10.362840466926068,10.102918287937742,,,10.064370694359999,4.7600083983333334,6.4430012082,3.7546602
2001-06-12,19300,,0.0,0.0,0.0,0.0,41.98246843203988,19.904973251641824,34.18748474121094,17.669279098510742,37.37907028198242,15.454126358032227,41.87886047363281,23.748775482177734,43.525482177734375,27.456073760986328,30.357198443579783,14.299610894941644,,,3.245307888166667,1.4772220600000001,0.5090224655000001,0.45958963
2001-06-28,15700,,2.0,1.0,0.0,2.0,12.641323130770122,9.636726574277787,17.015993118286133,13.702510833740234,10.1259765625,7.948604583740234,20.885034561157227,16.720552444458008,15.349191665649414,12.029703140258789,36.875291828793756,26.935408560311274,,,3.9977598782499997,2.7838125181666666,0.6468574945,0.353825005
2001-07-18,10200,,0.0,0.0,0.0,0.0,11.014543011098526,4.906736137911706,5.579158782958984,3.9676525592803955,5.470200061798096,2.4366209506988525,14.856785774230957,8.417043685913086,11.192538261413574,5.910719394683838,4.741050583657588,2.9264591439688723,,,2.694484251,2.0500390763333334,0.435940545,0.337387895
2001-08-03,9640,,2.0,2.0,1.0,2.0,1.134883367314705,0.7919044006120833,5.703123569488525,4.242849349975586,2.1539814472198486,1.8396028280258179,2.758610248565674,2.6645002365112305,4.031180381774902,2.897056818008423,3.2087548638132297,2.8817120622568098,,,3.6724602834666666,3.26877955,0.7205503204,0.6768964
2001-08-06,8870,,1.0,1.0,1.0,1.0,6.480841295541902,3.058351819716433,3.325136661529541,2.5871963500976562,2.422261953353882,2.1613738536834717,2.1044764518737793,1.549768090248108,3.3688974380493164,1.7922720909118652,2.9896887159533043,1.2682879377431884,,,3.763275742333333,2.9276949066666664,0.559185505,0.267141385
2001-08-17,10200,,0.0,0.0,0.0,0.0,0.06737858506055802,0.06737858506055802,0.0018398055108264089,0.0018338304944336414,0.0,0.0,0.006962385028600693,0.005439301487058401,0.03711487352848053,0.021828165277838707,0.025680933852140087,0.025680933852140087,,,4.629280977,2.3982602816666665,0.367659756,0.253930195
2001-08-22,11500,,2.0,2.0,2.0,2.0,37.453625257157256,30.833499078768845,42.29475402832031,39.0650634765625,53.61674880981445,30.736635208129883,55.161346435546875,47.50102615356445,59.610286712646484,46.30592346191406,66.80155642023352,52.43949416342419,,,2.5892323335666667,1.8026799833333333,0.7375622057,0.5206148
2001-08-26,12700,,0.0,0.0,0.0,0.0,8.34540154478788,8.061149154634823,4.221579074859619,4.221516132354736,0.9706999063491821,0.9706999063491821,8.618415832519531,8.618393898010254,5.842309474945068,5.835404872894287,0.858560311284047,0.858560311284047,,,9.436622448900001,4.884824660733334,0.288695063,0.23139776850000002
2001-09-02,11000,,1.0,1.0,0.0,1.0,11.12381643487517,6.278326953232402,6.799284934997559,5.352138996124268,11.730822563171387,5.5551323890686035,7.087828636169434,6.6796698570251465,11.657475471496582,10.237936019897461,5.5926070038910405,5.53715953307392,,,6.682703802883333,3.7420624651666667,1.47865399315,0.7597136800000001
2001-09-07,9570,,0.0,0.0,0.0,0.0,0.04887380486311495,0.02872084128718474,0.5975257754325867,0.2980821132659912,0.08821449428796768,0.08821449428796768,0.29468220472335815,0.17941133677959442,1.328891396522522,1.0084214210510254,0.012062256809338524,0.012062256809338524,,,14.9030751821,7.026848709599999,5.8992250238,3.7498957649999998
2001-09-22,6030,,1.0,1.0,1.0,1.0,4.061357559191498,2.443636716805117,0.6841495633125305,0.43857690691947937,3.9837350845336914,2.387693166732788,3.351562976837158,3.0758841037750244,7.595141887664795,6.657688617706299,3.9038910505836575,3.896692607003891,,,11.235899808833334,6.925327923333334,4.33187875,2.9066823
2001-09-27,9600,,0.0,0.0,0.0,0.0,26.40765397493544,17.801694119181732,44.54650115966797,33.06227493286133,23.716577529907227,14.883343696594238,26.032821655273438,19.992321014404297,27.881820678710938,24.20235824584961,32.99630350194551,30.646498054474698,,,10.848535289766666,6.169633117333333,2.364841634,1.7491762999999998
2001-10-10,6510,9.91,1.0,1.0,1.0,1.0,13.971674951109243,7.002328875864389,32.668643951416016,22.80193519592285,28.816967010498047,19.732975006103516,29.673179626464844,20.665212631225586,23.1450252532959,13.690519332885742,22.940466926070044,18.059143968871602,,,10.8110943045,4.840413909333333,2.1631905305,1.77543747
2001-10-13,9720,11.51,3.0,3.0,3.0,3.0,56.13825809903177,25.42536132057584,38.92462158203125,21.43584632873535,33.81441116333008,14.286669731140137,35.31105041503906,22.452375411987305,46.02278137207031,26.62769317626953,42.06964980544749,24.305447470817132,,,6.4801062903333335,3.3096953911666667,1.33497119325,0.57255317
2001-10-14,9140,11.24,2.0,1.0,1.0,2.0,40.2580306207929,19.740428315066016,25.478504180908203,14.714300155639648,30.054061889648438,14.286669731140137,40.01750183105469,22.452375411987305,44.513980865478516,26.62769317626953,41.349805447470835,24.305447470817132,,,4.1965128152333335,3.3096953911666667,1.0851472122,0.57255317
2001-10-19,10900,12.03,1.0,1.0,2.0,2.0,31.11867690730277,15.750782078698306,31.300762176513672,19.035905838012695,31.766143798828125,13.352688789367676,29.998584747314453,18.9451961517334,36.53631591796875,20.633529663085938,30.74863813229571,14.747859922178984,,,36.776719488266664,14.231170388333332,35.41702295,17.8263915
2001-10-23,21500,16.36,2.0,0.0,0.0,2.0,69.85856205465858,35.625063012708445,87.62257385253906,54.4182014465332,72.9255599975586,29.350576400756836,91.80463409423828,48.35001754760742,75.63888549804688,47.84135818481445,91.05603112840464,37.87782101167315,,,41.78882618916667,26.328402268,22.155211065,12.4985348
2001-10-25,18600,15.29,2.0,2.0,2.0,2.0,90.21371883165313,35.625063012708445,83.9109878540039,54.4182014465332,50.42720413208008,23.491586685180664,77.9640884399414,48.35001754760742,79.03538513183594,47.84135818481445,80.42412451361868,37.87782101167315,,,38.1223560748,26.328402268,18.01193413,12.4985348
2001-10-31,19300,15.49,0.0,0.0,0.0,0.0,35.46391589526153,25.614579374885924,31.069019317626953,25.685544967651367,44.88978576660156,19.852264404296875,45.92182540893555,38.63280487060547,52.31150436401367,35.424110412597656,59.33365758754866,42.18754863813233,,,16.60394377,7.107680333333334,7.65941256,3.056186045
2001-11-04,15500,14.04,0.0,1.0,1.0,1.0,12.008929232937636,6.192292533743678,13.791620254516602,12.420343399047852,12.072221755981445,7.489996433258057,9.313630104064941,4.770041465759277,12.39659309387207,7.54736328125,10.734435797665371,7.847470817120623,,,28.481548751000002,14.072522666666664,19.27622021,14.610541000000001
2001-11-12,9840,11.56,2.0,2.0,1.0,2.0,5.284904397207617,4.634864244186257,11.389375686645508,10.599284172058105,12.668195724487305,10.129639625549316,2.452711820602417,2.4523348808288574,5.604048728942871,5.5855793952941895,5.749610894941631,5.68871595330739,,,48.14161052,22.61987855,36.0536138,17.869292299999998
2001-11-15,63800,26.96,4.0,4.0,3.0,4.0,132.4797898063696,61.06675537503244,115.55377197265625,60.35446548461914,115.51216125488281,49.729740142822266,146.95480346679688,89.86101531982422,142.7021942138672,79.17879486083984,161.73891050583651,86.988326848249,,,35.66927183666667,18.725479449999998,16.50005543,9.760284
2001-11-21,28100,18.26,4.0,4.0,0.0,4.0,65.82508412146665,34.889055486390966,63.125877380371094,32.07984924316406,56.77616500854492,26.185274124145508,66.2929916381836,28.437292098999023,58.83136749267578,20.577775955200195,59.80058365758753,23.58949416342413,,,43.06525147533334,17.162364383333337,38.23868725,18.000569
2001-11-28,15900,13.88,1.0,0.0,0.0,1.0,22.049126191858925,12.42031357108293,33.93006896972656,26.740966796875,35.94416809082031,22.513891220092773,34.39241409301758,27.478046417236328,31.033119201660156,24.868268966674805,32.9385214007782,27.47587548638131,,,27.544278608,11.430951483333331,25.53124385,9.335182499999998
2001-12-01,17400,14.46,1.0,1.0,0.0,1.0,69.95136517821945,28.176759076164057,84.87271118164062,41.017242431640625,65.09271240234375,28.670024871826172,79.29815673828125,41.963191986083984,77.65423583984375,42.28712463378906,87.8145914396887,49.223151750972754,,,36.70718920766667,12.834183367666668,29.8407892,15.0778275
2001-12-08,15500,13.75,1.0,1.0,0.0,1.0,45.68724666567195,24.455388140268123,71.22280883789062,32.59825134277344,47.768524169921875,18.511178970336914,42.629425048828125,32.51262283325195,85.48568725585938,42.74311828613281,65.24357976653695,36.97470817120621,,,28.22167168885,15.942137025183335,10.56558982625,4.9465476412500005
2001-12-14,32300,19.57,1.0,1.0,1.0,1.0,85.63461951252134,55.96931361969753,86.35694122314453,44.5615234375,84.22611999511719,43.219757080078125,103.20439147949219,63.54616165161133,89.16049194335938,54.40706253051758,99.70758754863817,55.61634241245139,,,34.01774960783333,13.852065283333332,18.831457765,9.402467
2001-12-17,48400,23.75,2.0,2.0,2.0,2.0,117.68544751211972,65.18693503275884,130.51788330078125,83.64904022216797,96.94542694091797,48.08735275268555,111.09552001953125,71.00312805175781,138.16062927246094,82.6292724609375,106.48346303501947,77.95214007782101,,,24.303078720000002,9.367878176666666,19.09556018,9.9258668
2001-12-21,18500,14.87,0.0,0.0,0.0,0.0,24.81607840248218,18.024181669118526,14.557989120483398,14.552101135253906,8.104021072387695,7.006268501281738,13.226889610290527,12.848727226257324,19.908220291137695,19.76653480529785,8.676264591439683,6.121206225680931,,,18.540511054150002,8.306879913333333,15.51893815,5.911578700000001
2001-12-28,12000,12.33,1.0,1.0,1.0,1.0,3.3023824058700155,2.5799694050274375,13.280553817749023,13.125218391418457,6.504461288452148,3.918144941329956,7.85308313369751,7.852862358093262,10.761340141296387,8.885180473327637,6.705058365758755,6.608171206225681,,,40.350914192333335,17.010223142333334,24.89379865,9.0919405
2002-01-03,12200,12.4,2.0,2.0,0.0,2.0,24.41397512757912,12.64811471224287,19.600645065307617,11.991829872131348,21.79599380493164,8.650047302246094,18.48628807067871,13.004999160766602,25.9129638671875,14.509883880615234,27.285603112840477,12.860700389105066,,,39.97652615566666,22.062120326666662,40.270110800000005,23.9171765
2002-01-05,15800,13.86,1.0,1.0,0.0,1.0,14.264871888447876,8.93293116075017,19.507793426513672,7.960009574890137,11.996192932128906,6.8100996017456055,5.374764442443848,2.163881540298462,19.92378807067871,14.509883880615234,9.296498054474709,4.976070038910503,,,35.018367741666665,19.847091237666664,20.285992229999998,14.2250225
2002-01-08,73700,28.6,3.0,3.0,3.0,3.0,137.89297705062845,75.56879915789938,147.68292236328125,76.15080261230469,136.15374755859375,69.24314880371094,149.45797729492188,96.69176483154297,167.8602294921875,105.47968292236328,183.76926070038917,97.65155642023343,,,19.390289163166667,10.53005001,1.9465915395000002,1.6420025800000002
2002-01-12,27200,17.97,1.0,1.0,0.0,1.0,8.73405160925335,5.41480304884865,90.67668914794922,69.95291900634766,30.757850646972656,19.683483123779297,25.486539840698242,22.195388793945312,34.59412384033203,25.42155647277832,33.4443579766537,31.40758754863813,,,19.720265285333333,9.616303183333335,16.854428900000002,9.2030265
2002-01-19,19300,15.16,0.0,0.0,0.0,0.0,12.9408240893784,9.916959845996951,18.2659912109375,16.998088836669922,25.392654418945312,16.715856552124023,13.04631519317627,11.800166130065918,22.467533111572266,19.781301498413086,20.706614785992198,14.030350194552515,,,35.7591284165,12.216102518166666,33.451926150000006,13.736663
2002-01-25,26100,17.59,1.0,1.0,1.0,1.0,92.72898852893545,47.2235008954546,114.5992202758789,76.23531341552734,88.57513427734375,42.61410903930664,107.23123931884766,53.80027389526367,107.43557739257812,49.89649963378906,105.43015564202331,50.85136186770426,,,13.554822292299999,5.5811322063,6.358097075,3.3660778999999996
2002-02-08,15300,13.65,0.0,0.0,0.0,0.0,46.058600337965764,19.605680656022823,51.13852310180664,24.260271072387695,42.6048583984375,18.89599609375,50.548030853271484,22.233760833740234,55.90550231933594,24.350875854492188,48.847276264591414,24.89708171206223,,,25.596626524999998,10.091002566666665,13.948145324999999,12.157437999999999
2002-02-22,49700,23.81,2.0,2.0,2.0,2.0,144.73970164646383,90.94883360051288,109.69287109375,53.07362747192383,142.92864990234375,80.99178314208984,124.88417053222656,70.59284210205078,142.99868774414062,75.92814636230469,185.83657587548635,102.279766536965,,,20.7939196379,8.508568933333335,14.27506135,6.3188467500000005
2002-02-26,26200,17.62,0.0,0.0,0.0,0.0,11.025636730826038,8.132426399516786,0.07442352175712585,0.04700090363621712,3.1333882808685303,2.209617853164673,0.26234203577041626,0.26234036684036255,0.032867431640625,0.024412816390395164,1.980155642023347,1.8729571984435804,,,27.658908486666668,10.458709716666666,18.4790613,11.213102500000002
2002-03-11,14800,13.45,1.0,1.0,1.0,1.0,39.35078964699714,26.247189272625814,78.58260345458984,57.32805252075195,75.36540985107422,43.965110778808594,77.79367065429688,53.83634567260742,81.0890884399414,54.671592712402344,88.66887159533073,70.12334630350192,,,39.562993590000005,15.288286271666669,17.577797675,8.346949125
2002-03-21,15600,13.76,0.0,0.0,0.0,0.0,57.51450854699425,28.026728467777172,48.00181579589844,34.0697135925293,50.81072235107422,25.564037322998047,48.88747787475586,28.23066520690918,50.226173400878906,31.596323013305664,40.51634241245136,25.06322957198444,,,36.88930639233333,14.93453325,26.004806350000003,14.602483500000002
2002-04-14,45400,22.99,2.0,2.0,2.0,2.0,93.63690237606917,54.232581153198595,97.11634826660156,44.35227584838867,80.23538208007812,43.77421188354492,76.65496063232422,34.850704193115234,70.84386444091797,28.838647842407227,139.9791828793774,71.5103112840467,,,16.7387227445,9.1576760945,12.527796,5.14423465
2002-05-07,18800,14.97,0.0,0.0,0.0,0.0,22.684252399553227,11.104977065700874,25.316415786743164,14.975371360778809,17.01363182067871,8.922268867492676,30.331031799316406,15.522672653198242,24.70566749572754,16.089946746826172,26.387743190661464,19.587354085603103,,,9.590284110666666,4.1318117716666665,8.17644065,3.64814285
2002-05-29,37100,20.97,1.0,1.0,1.0,1.0,22.488827869895065,12.412644337314264,20.261451721191406,10.902711868286133,23.94820213317871,11.61153507232666,24.065731048583984,13.035306930541992,25.051685333251953,12.571878433227539,28.986964980544748,16.548443579766534,,,7.650482103333333,3.54902265,5.32951342,2.65848875
2002-06-19,31000,19.2,0.0,0.0,0.0,0.0,23.66738624551937,14.199349910761612,16.741573333740234,13.895392417907715,21.807893753051758,13.719327926635742,14.104656219482422,13.507000923156738,22.153400421142578,16.325607299804688,30.9566147859922,21.2134241245136,,,1.4192362337833333,0.7095089664500001,0.8285250190000001,0.6336348500000001
2002-06-26,33400,19.92,0.0,1.0,1.0,1.0,0.6555047782819565,0.6555047782819565,0.03598102182149887,0.03333784267306328,0.0,0.0,0.10633174329996109,0.10633174329996109,0.041152019053697586,0.04007767513394356,0.0,0.0,,,21.292755807533332,8.829384323533333,11.533298829999998,8.9925825
2002-06-29,51300,24.33,3.0,1.0,1.0,3.0,38.898466524255355,25.26793498518818,30.224788665771484,26.22649383544922,36.24060821533203,18.342374801635742,51.77519226074219,36.4320068359375,38.99995803833008,28.354909896850586,37.442801556420235,19.513813229571976,,,8.950094749333335,5.514275610666666,5.4834867885,3.9383998499999997
2002-07-09,30200,18.93,0.0,0.0,0.0,0.0,28.3426539382437,21.569202697527796,12.191044807434082,10.837027549743652,23.309980392456055,17.657215118408203,11.395757675170898,11.294319152832031,9.184313774108887,8.349534034729004,30.778599221789875,20.851945525291832,,,0.22861694218333334,0.18791620543333334,0.00734255205,0.00664767575
2002-07-17,27300,17.99,1.0,1.0,1.0,1.0,0.09626194996956067,0.07918929195910315,0.002164629055187106,0.002164629055187106,0.0,0.0,0.002881974447518587,0.0028793541714549065,0.0957249253988266,0.08851467818021774,0.0027237354085603116,0.0027237354085603116,,,1.7939914056666666,0.9775525283333333,0.948688852,0.765713285
2002-07-24,23700,16.74,0.0,0.0,0.0,0.0,0.18458508650338665,0.18458508650338665,0.0006757716764695942,0.0006757716764695942,0.0,0.0,4.265166717232205e-05,4.265166717232205e-05,0.007395841646939516,0.00739335035905242,0.0,0.0,,,2.4425587039166667,1.0744481266666668,0.27387099425,0.2713528
2002-07-30,20100,15.42,3.0,3.0,3.0,3.0,3.7235736105217994,1.9136042035503997,0.25278377532958984,0.24639861285686493,3.1620500087738037,1.6778780221939087,1.5821480751037598,0.8435883522033691,3.922222375869751,2.559274435043335,2.1867704280155635,1.0877431906614787,,,3.96808611087,2.0449685333333334,0.00020346086,0.00020346086
2002-08-07,12400,12.48,0.0,0.0,0.0,0.0,19.892810722751577,9.515783948281577,1.5352834463119507,1.173346996307373,8.238998413085938,5.672750473022461,11.601638793945312,6.010998725891113,6.887221336364746,3.0988991260528564,14.101945525291821,11.663229571984425,,,0.5594553564499999,0.44370791549999994,0.0544155615,0.0544155615
2002-09-02,9370,11.2,3.0,3.0,3.0,3.0,2.886615678613265,2.5770535359582483,3.2731244564056396,2.439133882522583,10.952933311462402,8.50877571105957,3.951955795288086,2.9931461811065674,4.805432319641113,3.3918466567993164,8.547470817120614,8.419844357976645,,,9.978808602916667,5.101358383333333,0.08586025875,0.082765085
2002-09-09,7120,10.15,0.0,0.0,0.0,0.0,6.004780117721728,2.4595124279727614,3.7958669662475586,2.574352979660034,3.8482089042663574,2.1872053146362305,3.516702890396118,2.763984441757202,4.893296241760254,1.967856526374817,4.2970817120622575,3.317898832684826,,,5.360224615,2.286060815,1.229425935,0.7006415850000001
2002-09-19,9530,11.28,0.0,1.0,1.0,1.0,13.81939962259485,12.776606123032579,6.042901515960693,5.540854454040527,7.797734260559082,4.240294933319092,9.407791137695312,7.5008649826049805,7.357879161834717,4.390866756439209,3.8538910505836554,3.7881322957198424,,,2.2022321231166666,1.1689149636666667,0.07026102735,0.062238341
2002-09-30,6270,9.73,0.0,0.0,0.0,0.0,11.206791582838747,8.294824093751195,17.050634384155273,8.917373657226562,14.209983825683594,7.566653251647949,10.180488586425781,6.362661838531494,14.596700668334961,11.312551498413086,14.325875486381326,8.420817120622571,,,9.701219030833332,4.8538641,3.6234758819999997,2.2232553999999998
2002-10-04,5310,9.25,2.0,2.0,1.0,2.0,14.201873778521588,7.236500934364691,27.19485092163086,25.280195236206055,15.294493675231934,7.4782328605651855,13.848834991455078,13.5628080368042,23.300397872924805,21.884700775146484,16.641050583657606,15.18579766536967,,,11.984922227833332,5.611337341666666,0.667056302,0.528291925
2002-10-29,4790,8.95,0.0,0.0,0.0,0.0,4.58409368364233,2.9991089781772087,2.349456787109375,1.4976413249969482,4.160476207733154,2.613369941711426,2.3042049407958984,1.7885644435882568,3.1138010025024414,2.139084577560425,6.383268482490274,3.590272373540857,,,27.975858563633338,10.001772171666667,24.795628899999997,9.1202683
2002-11-08,5440,9.31,4.0,3.0,3.0,4.0,34.27646078027244,14.98760804174963,45.864952087402344,20.847209930419922,31.31310272216797,11.097712516784668,56.23406219482422,34.966922760009766,45.40522003173828,16.337928771972656,40.27431906614783,21.14474708171204,,,38.364990007628336,14.174298019195001,14.50590875,6.58118735
2002-11-13,12700,12.63,3.0,3.0,2.0,3.0,60.36610136889135,31.883544938742087,65.52145385742188,37.664215087890625,46.17703628540039,24.792465209960938,60.43006134033203,29.55048942565918,71.10360717773438,45.109413146972656,62.53968871595333,44.37957198443581,,,28.050293478333334,10.714955966666666,20.01902025,8.71481715
2002-11-15,8650,10.88,2.0,2.0,0.0,2.0,45.8171663803848,31.883544938742087,25.36681365966797,13.35350513458252,21.530263900756836,9.827536582946777,24.441259384155273,13.21307373046875,28.97430992126465,15.396890640258789,27.064980544747087,14.208754863813228,,,34.50516313333333,15.0258566,29.685552,11.972034650000001
2002-11-20,28800,18.51,3.0,3.0,3.0,3.0,85.71897897105993,36.13923322766962,75.5081558227539,50.62358856201172,43.763267517089844,21.93407440185547,80.93441772460938,50.240482330322266,74.69206237792969,39.727115631103516,62.23579766536969,35.828793774319074,,,42.17846607166667,15.928901999999999,34.1975775,13.994674
2002-12-06,6280,9.46,0.0,0.0,0.0,0.0,3.0255717039633594,2.5119808820407057,3.292931079864502,1.9873414039611816,1.8418679237365723,1.795220136642456,3.386073112487793,2.651686429977417,1.4107699394226074,1.0858937501907349,2.4741245136186776,2.470038910505837,,,43.592506916666665,19.443816866666666,35.016366,17.3672025
2002-12-12,10800,11.68,3.0,3.0,2.0,3.0,60.61734802032292,30.534315498563572,101.61245727539062,60.70414733886719,65.01252746582031,24.18857765197754,83.24333190917969,34.75816345214844,91.52328491210938,39.94968795776367,75.83073929961085,26.50719844357975,,,13.178482297499997,7.538676126333333,4.8202841135,2.6046393
2002-12-13,16000,13.91,1.0,1.0,0.0,1.0,79.01913200441328,30.534315498563572,95.52255249023438,60.70414733886719,66.79032897949219,24.18857765197754,76.29342651367188,34.75816345214844,79.27535247802734,39.94968795776367,63.27237354085602,25.239494163424126,,,13.828456672833333,8.188650501666666,3.1230288935,2.17934649
2002-12-15,25700,17.54,2.0,2.0,1.0,2.0,88.09486241367989,40.122963688341656,70.2032470703125,36.30856704711914,77.17472839355469,36.93153762817383,84.19561004638672,47.50307083129883,57.38826370239258,32.807655334472656,71.07529182879378,38.99961089494165,,,30.41854687716667,13.951439076666668,16.82037973,8.8512675
2002-12-16,22700,16.46,1.0,1.0,0.0,1.0,80.56018933465786,40.122963688341656,93.27745056152344,37.91225814819336,83.06084442138672,36.93153762817383,100.64983367919922,47.50307083129883,61.47882843017578,32.807655334472656,87.48891050583654,38.99961089494165,,,27.82492625516667,13.951439076666668,17.911378515,8.8512675
2002-12-20,12000,12.2,0.0,0.0,0.0,0.0,11.488347990834555,5.413917786760495,9.15682315826416,7.708728313446045,5.7307891845703125,4.793663024902344,7.124525547027588,4.865328788757324,8.071527481079102,5.4266767501831055,4.433268482490273,3.641050583657588,,,34.41384166755,20.46063386,12.87019835,5.143459050000001
2002-12-26,8290,10.48,2.0,2.0,0.0,2.0,31.659227529319182,21.050755237758047,55.49403762817383,28.95557975769043,43.515586853027344,19.837913513183594,47.35668182373047,24.385576248168945,60.95677185058594,30.89120864868164,26.892801556420217,15.802140077821,,,46.75230625067666,24.509425925533332,16.39552565,7.2277035000000005
2003-01-03,23600,16.8,3.0,4.0,2.0,4.0,79.96501148764193,35.621701742264214,88.70744323730469,63.73260498046875,74.26493835449219,32.74989318847656,91.02320098876953,50.10204315185547,93.95783233642578,53.78346252441406,149.50136186770428,38.540661478599205,,,21.650307975,10.058001283333335,9.5383262,4.850388
2003-01-04,22400,16.35,1.0,1.0,1.0,1.0,80.61602299399367,35.621701742264214,113.90579986572266,63.73260498046875,69.80909729003906,32.74989318847656,99.0145034790039,50.10204315185547,101.91163635253906,53.78346252441406,95.20836575875481,40.46731517509725,,,21.130496413333333,10.058001283333335,9.07629369,4.850388
2003-01-12,16900,14.25,1.0,0.0,0.0,1.0,19.338806863725285,14.374053520268012,31.748741149902344,30.950777053833008,26.7418212890625,13.565353393554688,37.24412155151367,35.609188079833984,29.588747024536133,27.826887130737305,36.440856031128405,30.714202334630354,,,34.50308465361667,11.753946214266668,13.697461785,5.811743035
2003-01-16,16100,13.94,0.0,0.0,0.0,0.0,10.5109311728046,9.343261956598745,7.002748012542725,6.820684432983398,0.5633111596107483,0.5633111596107483,9.300771713256836,9.285969734191895,10.818066596984863,10.703289031982422,6.907198443579768,6.907198443579768,,,15.991797898333335,9.017097383333335,4.641880824999999,4.05847015
2003-01-23,22200,16.29,2.0,2.0,2.0,2.0,65.03161943306253,35.9720764205743,59.91844940185547,35.640869140625,67.09204864501953,32.9639892578125,71.00507354736328,32.10462188720703,59.5932502746582,29.921010971069336,87.4830739299611,37.1385214007782,,,15.410183340166668,7.132755141166666,6.132192862,4.341442765
2003-01-25,21600,16.08,2.0,1.0,1.0,2.0,69.68076470636728,35.9720764205743,50.224544525146484,35.640869140625,52.6968994140625,27.04744529724121,50.398563385009766,32.10462188720703,51.47323989868164,26.06057357788086,42.60466926070042,26.856225680933868,,,32.629704544,17.033351049999997,13.265312481999999,8.917396499999999
2003-01-31,32500,19.72,1.0,1.0,1.0,1.0,64.81419885357067,32.21988723747589,72.79235076904297,45.519195556640625,62.494483947753906,25.439117431640625,49.17335510253906,22.75921630859375,59.94291687011719,38.73529815673828,83.23210116731512,30.238910505836586,,,7.906145195333333,3.055613087833333,2.582224061,2.4052669134999998
2003-02-22,13700,12.94,0.0,0.0,0.0,0.0,56.50442256252807,22.718042095578195,56.0788459777832,28.642000198364258,37.44218826293945,19.420610427856445,53.77277374267578,34.951786041259766,50.43134307861328,32.60517883300781,58.11731517509729,29.03968871595331,,,16.1591334702,5.927546947333333,11.915199229999999,5.4967935
2003-03-14,45200,23.09,4.0,4.0,3.0,4.0,127.06073814573526,54.65485097778459,123.54692840576172,69.14505767822266,93.4561996459961,46.012725830078125,108.08274841308594,48.995670318603516,112.98580932617188,52.86482620239258,124.21147859922175,60.17898832684823,,,6.920671455,2.816271,3.198589815,1.56923508
2003-03-22,25000,17.28,1.0,1.0,1.0,1.0,56.3250669101912,31.495273398623638,71.71263122558594,44.234989166259766,63.93049621582031,28.09705924987793,86.29219055175781,52.214839935302734,86.42731475830078,54.496463775634766,83.6192607003891,45.22548638132294,,,34.91496601666667,18.633589216666667,21.88714645,9.468767
2003-03-31,19300,15.11,1.0,1.0,1.0,1.0,24.019699795032274,21.288196932973186,71.97705078125,46.21443176269531,29.689453125,21.876522064208984,22.99300193786621,21.96551513671875,23.070079803466797,19.139402389526367,27.37237354085603,14.87373540856031,,,18.056510138333334,7.994166416666666,13.261344099999999,5.52790235
2003-04-09,19900,15.43,2.0,2.0,2.0,2.0,33.0354780049382,16.409753341952527,55.2410888671875,22.51775360107422,26.613426208496094,11.3650484085083,29.764314651489258,12.319483757019043,41.619346618652344,17.88038444519043,19.13910505836577,9.336770428015562,,,25.951488255883334,11.34454011255,24.488274999999998,13.7897605
2003-05-17,14000,13.07,0.0,0.0,0.0,0.0,29.757187362703323,13.492959838353425,26.811473846435547,16.787086486816406,25.291763305664062,10.332253456115723,29.024927139282227,13.233320236206055,32.799964904785156,14.58247184753418,33.85622568093386,14.11673151750973,,,7.799975091,3.2453846666666664,4.98225708,3.5793355
2003-05-23,13800,12.97,3.0,2.0,2.0,3.0,8.988244725245249,3.8024799194664163,0.9488959312438965,0.6984406113624573,6.591257095336914,3.815037488937378,11.113765716552734,5.43620491027832,8.783419609069824,5.812461853027344,8.466536964980547,5.274319066147862,,,5.649624877171667,2.8950690780049997,2.820254662,1.953793975
2003-06-23,14600,13.33,0.0,0.0,0.0,0.0,11.321858489511973,5.18732121417274,18.973594665527344,11.950167655944824,5.4225006103515625,3.7912404537200928,22.73509407043457,12.606440544128418,18.962968826293945,11.625828742980957,7.306614785992217,6.43112840466926,,,15.232901098166666,6.797236749,0.9924584945000001,0.806018097
2003-09-12,7790,10.23,2.0,0.0,0.0,2.0,19.338560204368427,11.64229253840492,11.983206748962402,9.203986167907715,14.579042434692383,7.965043067932129,13.467116355895996,10.451223373413086,20.053735733032227,15.515803337097168,8.273151750972762,5.919844357976654,,,6.509280122833333,3.2229533666666668,2.0954827685,0.98186975
2003-09-19,8430,,0.0,1.0,1.0,1.0,19.141168257869985,10.264548756969054,17.338224411010742,10.868443489074707,11.608412742614746,8.188263893127441,8.009580612182617,3.5354771614074707,18.9435977935791,7.497703552246094,22.408754863813225,12.853891050583655,,,8.4378285955,3.9492025603333336,1.9039685405000002,1.0197189850000001
2003-09-28,6560,9.59,0.0,0.0,0.0,0.0,0.08662906315166105,0.04806692174183522,0.0,0.0,0.0,0.0,1.5666520994273014e-05,1.5666520994273014e-05,0.011335781775414944,0.011335781775414944,0.0,0.0,,,15.396296644666666,6.7533653933333335,12.426758549999999,5.2609778
2003-10-08,8290,10.49,1.0,1.0,1.0,1.0,25.881546828740884,14.513122354593149,21.217872619628906,15.221637725830078,39.704280853271484,18.817781448364258,27.402502059936523,17.361080169677734,34.29255676269531,17.258771896362305,42.86653696498053,21.424902723735414,,,20.584971389666666,9.071539001333333,6.040990937,4.2206547720000005
2003-10-13,18400,14.84,0.0,1.0,0.0,1.0,59.32042835357561,33.86685087667141,60.638648986816406,46.7541618347168,47.64056396484375,30.117422103881836,63.76972961425781,44.828800201416016,64.01947784423828,46.3585090637207,60.43249027237356,47.0649805447471,,,23.344260735216665,13.550230651666668,5.85560916,3.069179
2003-10-21,98000,,5.0,4.0,4.0,5.0,184.9266080882246,126.41818177494902,44.286582946777344,15.623891830444336,157.2429656982422,106.63755798339844,167.56573486328125,103.91749572753906,176.6739959716797,95.57237243652344,206.44980544747094,161.65505836575886,,,32.47350794833333,13.056890608333333,10.97738595,4.5702761
2003-10-22,115000,34.07,3.0,2.0,1.0,3.0,186.2835354121192,126.41818177494902,35.450950622558594,14.596711158752441,140.34214782714844,106.63755798339844,153.7523956298828,103.91749572753906,157.11605834960938,95.57237243652344,206.1750972762647,161.65505836575886,,,28.17503185833333,13.056890608333333,10.6303225,4.5702761
2003-10-23,78800,29.27,0.0,0.0,1.0,1.0,154.83417788153625,126.41818177494902,39.83198547363281,18.44701385498047,41.18092346191406,20.283662796020508,68.84393310546875,49.532142639160156,77.6427230834961,56.23874282836914,52.937548638132306,30.134824902723754,,,29.017156374999995,13.899015124999998,23.6233019,17.5632555
2003-10-29,31100,19.03,3.0,3.0,3.0,3.0,41.9856864048193,27.822841293725183,34.37065124511719,30.6351261138916,35.397850036621094,23.69636344909668,37.104366302490234,34.40679168701172,37.39575958251953,29.493114471435547,39.32568093385215,33.95311284046693,,,44.233060134166664,26.349064878333333,19.270467385,10.751214000000001
2003-11-02,17900,14.38,0.0,0.0,0.0,0.0,0.8504646264293086,0.6975239003072697,1.2429932355880737,1.0227324962615967,0.0005534325609914958,0.0005534325609914958,0.9053893089294434,0.7748219966888428,1.0628730058670044,1.0323121547698975,0.37821011673151744,0.37529182879377426,,,40.830402925,22.384387216666667,24.028775300000003,15.283889
2003-11-11,18700,14.7,1.0,0.0,0.0,1.0,49.58700764273275,40.148904381928894,38.980186462402344,33.31977081298828,48.65237808227539,31.250825881958008,41.330196380615234,29.166545867919922,47.82009506225586,33.338008880615234,63.41673151750978,40.25953307393001,,,16.733689496666667,9.745886016666667,12.07567019,9.4438539
2003-11-19,64500,26.82,4.0,4.0,3.0,4.0,201.53625997393812,92.31759846324447,178.177978515625,78.53173828125,159.81686401367188,82.31532287597656,197.6646728515625,91.32943725585938,203.97146606445312,94.30976867675781,193.95486381322957,103.64280155642018,,,31.137430466666665,10.987212,28.2579645,9.6059925
2003-11-24,22800,16.25,0.0,0.0,0.0,0.0,22.22481642145219,16.603864220542615,22.083436965942383,19.06062889099121,25.704898834228516,14.692954063415527,19.731576919555664,15.700845718383789,28.559053421020508,21.37554359436035,32.77023346303501,17.556031128404662,,,48.07810466666667,17.560468450000002,40.8914025,14.121814
2003-11-29,33400,19.75,3.0,3.0,2.0,3.0,90.7868029720165,54.5767800639282,70.44866180419922,52.793094635009766,77.5973892211914,52.1317138671875,77.78904724121094,58.26604080200195,71.1295166015625,54.61817932128906,85.24727626459136,78.75272373540848,,,35.0399868045,15.276963443333335,23.38436,9.23877025
2003-12-03,22300,16.07,1.0,1.0,0.0,1.0,22.71719119037425,15.961456960747393,35.68018341064453,26.304306030273438,22.363433837890625,15.2885160446167,26.317981719970703,19.101490020751953,31.689208984375,23.52698516845703,17.82607003891049,13.795525291828778,,,29.813667213616668,11.770100833333332,29.430437899999998,13.639351999999999
2003-12-06,23100,16.38,2.0,2.0,0.0,2.0,38.803749592615745,20.953149182846623,56.79761505126953,28.155242919921875,42.07283401489258,20.875776290893555,53.83633041381836,35.00363540649414,42.21263885498047,21.366064071655273,51.77062256809333,22.113813229571964,,,29.06948321266667,16.885579424333333,26.179661399999997,15.761808499999999
2003-12-11,15200,13.3,0.0,0.0,0.0,0.0,4.516934989854946,3.027630977468595,2.4509267807006836,2.3857614994049072,6.241030693054199,5.217266082763672,1.6051068305969238,1.0568124055862427,3.7132859230041504,3.415438175201416,6.991439688715955,3.681322957198443,,,12.835763866666667,6.480532306666667,3.70559501,1.92185965
2003-12-15,16600,13.89,2.0,2.0,2.0,2.0,48.08908419456355,21.558411127522618,38.616302490234375,13.646502494812012,36.04908752441406,17.04049301147461,38.83355712890625,18.53754997253418,42.04970932006836,17.433609008789062,40.69221789883267,24.517704280155634,,,12.769818462166667,6.281165376666666,4.529921715,2.7433612
2003-12-19,14500,13.04,1.0,1.0,0.0,1.0,24.01031929507195,20.427147212949354,12.344653129577637,12.34180736541748,5.812275409698486,4.044795036315918,7.603198528289795,7.6031813621521,6.840549945831299,6.8000664710998535,3.05603112840467,1.7299610894941626,,,29.259809365883335,12.651506907716668,13.910354439999999,6.791606499999999
2003-12-23,14300,12.93,2.0,2.0,1.0,2.0,7.455999994262283,6.323137660298931,8.193867683410645,6.683021545410156,4.117312431335449,3.853090524673462,7.671543121337891,7.633500099182129,10.480156898498535,7.446285724639893,2.6638132295719825,1.7252918287937726,,,11.306086158333333,4.179337631666667,3.4369554750000004,1.9777497400000001
2003-12-28,12000,11.95,0.0,0.0,0.0,0.0,31.33110326117712,13.172659624603009,26.06145477294922,12.05961799621582,26.750545501708984,12.015922546386719,31.183521270751953,14.147589683532715,30.427448272705078,14.040377616882324,28.402334630350204,18.088715953307396,,,57.027791844999996,24.555347666666666,55.615892,21.378666000000003
2004-01-08,17800,14.37,1.0,1.0,0.0,1.0,40.63221223820375,26.519824106880172,61.29847717285156,27.346923828125,40.62432098388672,18.719167709350586,46.14793395996094,24.84589958190918,49.950992584228516,26.13880157470703,58.34883268482491,31.25194552529183,,,12.440892063333333,5.744105266666668,6.447580439999999,4.26935825
2004-01-09,18600,14.66,2.0,2.0,1.0,2.0,50.12878586191606,26.519824106880172,72.35880279541016,27.346923828125,35.75812911987305,18.719167709350586,47.77426528930664,24.84589958190918,53.483673095703125,26.13880157470703,55.68210116731518,31.25194552529183,,,21.86806984616667,11.8197693295,14.16999405,7.76687875
2004-01-15,27900,18.01,2.0,2.0,2.0,2.0,41.04195406001567,25.994778155368785,44.4422607421875,23.301271438598633,37.663299560546875,17.011764526367188,49.908348083496094,26.103683471679688,48.25196838378906,21.35728645324707,34.691828793774306,16.780544747081713,,,37.92508153266667,18.337619916666668,13.857492381,11.637854
2004-01-24,18100,14.49,0.0,0.0,0.0,0.0,20.079277243551996,13.908730406606175,44.035255432128906,35.845027923583984,23.85124969482422,10.75991439819336,27.344356536865234,16.322824478149414,31.554737091064453,19.518171310424805,34.57276264591441,20.79221789883269,,,36.15122266666667,13.9488699,32.720080800000005,13.674503999999999
2004-01-30,34400,20.02,2.0,1.0,1.0,2.0,85.38504208661402,43.981508595993596,116.390380859375,53.969730377197266,72.81549072265625,35.62623977661133,98.97065734863281,44.9315185546875,127.3734130859375,53.65263748168945,131.02684824902724,56.09357976653694,,,17.219195957866667,9.1895345,13.0958105145,9.4245375
2004-02-03,21300,15.7,0.0,0.0,0.0,0.0,16.88948757731735,10.40415679040876,5.880768775939941,5.027442932128906,11.949191093444824,5.197024345397949,10.28705883026123,8.64816665649414,15.250775337219238,11.950716018676758,8.85408560311284,4.564591439688717,,,18.518375089733333,7.776007688900001,16.4935886,6.87605065
2004-02-16,15700,13.52,1.0,0.0,0.0,1.0,16.930720842638173,8.00527151125567,35.87356948852539,12.959228515625,23.395286560058594,11.47036075592041,27.44219207763672,10.769344329833984,18.288890838623047,7.8948283195495605,28.353891050583655,13.330350194552521,,,12.352783494833334,5.766132638166667,1.03170754,0.625970425
2004-02-20,15600,13.46,0.0,0.0,0.0,0.0,17.733543019502264,8.51643020564238,20.990076065063477,17.105632781982422,10.347268104553223,7.942327499389648,27.0876407623291,22.91382598876953,28.57131576538086,21.36178207397461,14.341050583657587,10.35330739299611,,,23.872587251,10.037211829333332,16.498908915,8.2598658
2004-03-08,12800,12.31,1.0,2.0,1.0,2.0,62.20801335721353,26.67616441646452,52.533382415771484,35.920135498046875,40.176631927490234,23.431535720825195,38.47263717651367,27.4549503326416,50.070011138916016,35.348880767822266,49.2081712062257,38.83132295719846,,,36.175253177833326,15.260552276166665,13.665041899999999,4.94552645
2004-03-27,13100,12.49,0.0,0.0,0.0,0.0,38.53594265920938,15.792946478604815,29.167415618896484,12.630805015563965,31.054807662963867,10.99594497680664,43.36738204956055,17.915128707885742,28.941390991210938,13.676899909973145,35.29922178988326,12.31284046692606,,,32.68352152833334,12.559410345000002,34.31308575,15.198546499999999
2004-05-26,13700,12.94,2.0,2.0,2.0,2.0,10.545108985629051,9.288753344953403,22.02888298034668,21.193174362182617,20.880779266357422,11.102197647094727,16.013303756713867,12.877933502197266,21.433143615722656,16.533601760864258,28.03385214007784,19.01303501945527,,,24.679048495816666,9.467379056816666,20.7012701,8.047213
2004-05-30,16200,14.0,0.0,0.0,0.0,0.0,32.63900189076054,16.611470327322614,27.734283447265625,15.121491432189941,27.131420135498047,12.678383827209473,34.90843200683594,17.47307014465332,31.714271545410156,13.373064041137695,32.75856031128407,17.978599221789896,,,2.0331470722933336,1.4005653616666667,0.6585687521799999,0.50524386
2004-07-05,13700,12.93,0.0,0.0,1.0,1.0,0.5160745677151353,0.2552466530919994,1.1466050148010254,0.757504403591156,0.20067593455314636,0.1917445808649063,0.9938917756080627,0.9079449772834778,0.7314143180847168,0.6485086679458618,0.5811284046692605,0.4982490272373539,,,1.8943430203166667,0.8231928924333335,0.49856458965000006,0.224121756
2004-07-11,11800,12.14,0.0,0.0,0.0,0.0,6.447644346892917,5.890885263532721,2.6676578521728516,1.7145683765411377,2.9292280673980713,2.725949764251709,1.8824127912521362,0.9713706970214844,4.562602996826172,2.5419135093688965,5.8519455252918275,4.676848249027237,,,3.4234837566499996,1.6593479715833332,0.99239841995,0.62094706475
2004-07-19,13700,12.93,1.0,1.0,1.0,1.0,1.8586883404114984,1.851219889159398,5.530488014221191,2.8904104232788086,1.601157307624817,1.161489725112915,1.525665521621704,1.1960488557815552,12.212786674499512,11.73100471496582,3.9784046692606987,2.9198443579766526,,,0.22647670433333333,0.2062304,0.0,0.0
2004-07-23,11400,11.96,0.0,0.0,0.0,0.0,0.03529254309957701,0.03529254309957701,0.04088756814599037,0.04088756814599037,0.0,0.0,0.0673154965043068,0.06718788295984268,0.046185627579689026,0.039628710597753525,0.0,0.0,,,1.8944123106666668,1.5409839466666668,0.121453932,0.11466734
2004-08-06,9340,10.98,1.0,0.0,0.0,1.0,4.774598470951357,2.672535374668475,4.162583827972412,3.2854385375976562,19.51074981689453,11.054656982421875,15.22323226928711,11.858838081359863,15.602974891662598,10.725976943969727,23.19883268482491,18.581906614786,,,1.4214486947833334,0.9417278108333335,0.31367927484999997,0.3105530075
2004-08-17,10700,11.64,0.0,0.0,0.0,0.0,1.336847033246374,1.3073212204614109,2.2885468006134033,2.284071922302246,0.6277031302452087,0.6277031302452087,5.170126914978027,5.102210521697998,5.992292881011963,5.986639499664307,0.1941634241245135,0.13560311284046686,,,5.292990697483333,2.0071299566666667,0.22849032245,0.2265526
2004-08-22,11000,11.76,1.0,0.0,0.0,1.0,30.07380688548632,28.796564058409594,23.76663589477539,23.306604385375977,32.61689758300781,20.78093910217285,44.47663497924805,28.717374801635742,35.00672149658203,33.675498962402344,30.556614785992224,20.03365758754864,,,1.3868934671333333,1.3047417033333333,0.0,0.0
2004-08-26,29200,18.72,1.0,1.0,0.0,1.0,86.80954689525574,45.90168833869365,74.19273376464844,37.693824768066406,77.14868927001953,36.0428466796875,71.91419982910156,42.246368408203125,90.03353881835938,40.57893753051758,82.94669260700388,39.46653696498057,,,5.236710125166667,3.4716459475000003,0.8873772755,0.8662548425
2004-08-28,12600,12.46,0.0,0.0,1.0,1.0,39.69883560914062,35.58613962698621,7.281342029571533,6.729915142059326,18.516605377197266,11.003564834594727,13.23206901550293,10.259074211120605,15.319936752319336,12.849371910095215,14.011478599221785,7.029571984435795,,,7.333401822333333,3.4716459475000003,1.072653755,0.8662548425
2004-09-03,16000,13.91,0.0,0.0,0.0,0.0,31.123697889440322,23.855015285156426,18.050046920776367,11.52586555480957,30.623598098754883,20.505224227905273,27.153305053710938,14.789219856262207,22.200912475585938,13.5831937789917,17.409143968871593,10.66342412451362,,,14.724662345016666,6.7861279266666665,6.392418665,5.17069555
2004-09-11,21000,,3.0,3.0,2.0,3.0,55.11150477664192,35.57337667563677,28.44010353088379,23.381858825683594,56.813079833984375,26.098735809326172,47.55709457397461,40.65057373046875,59.93262481689453,47.269866943359375,50.688521400778214,32.927821011673146,,,5.986857969166667,4.4269826666666665,0.08066513450000001,0.041078992
2004-09-16,27500,,0.0,0.0,0.0,0.0,61.56250288860292,24.093254325494712,29.43406105041504,14.107714653015137,51.97053527832031,20.186355590820312,51.67839813232422,27.22873878479004,45.33814239501953,23.758930206298828,68.94455252918289,32.056031128404676,,,16.892032967066665,7.331996417533333,2.7023331649999998,1.8208259
2004-10-06,8770,10.72,1.0,1.0,1.0,1.0,5.449808785666037,5.326673030425896,10.94675350189209,10.933919906616211,11.906744956970215,6.939074516296387,11.246783256530762,11.230456352233887,21.665952682495117,20.193632125854492,8.739688715953307,5.07898832684825,,,17.91626453583333,10.180733479999999,2.49819423,1.2285062
2004-10-09,12100,12.21,3.0,3.0,3.0,3.0,39.915334614114855,32.8215086090861,40.07984161376953,27.906421661376953,42.16022872924805,25.382022857666016,26.795907974243164,16.32228660583496,49.69816970825195,35.309207916259766,45.31011673151749,28.39571984435795,,,22.810718901166666,10.939381782,8.3885278775,4.441957577499999
2004-10-11,11200,11.87,1.0,1.0,1.0,1.0,44.8314149150697,32.8215086090861,16.324628829956055,11.341410636901855,11.769707679748535,10.765427589416504,21.930574417114258,16.32228660583496,17.438047409057617,14.361088752746582,17.634046692607015,16.00953307392997,,,13.156646742833333,6.87962045,3.5268427635,2.33804435
2004-10-16,10700,11.6,1.0,0.0,0.0,1.0,8.799485654151022,8.712416821125588,19.51578140258789,19.118492126464844,19.5328369140625,11.772991180419922,15.728645324707031,15.344773292541504,14.917364120483398,12.655848503112793,15.501167315175081,11.326459143968856,,,17.844983337666665,10.946591616666666,10.01189018,4.8447299
2004-10-24,13900,13.01,0.0,0.0,0.0,0.0,28.140376624368116,13.192739928201782,35.90837860107422,20.90082359313965,20.22443389892578,9.214941024780273,26.917272567749023,13.202982902526855,25.895797729492188,11.733370780944824,26.001361867704283,11.93268482490273,,,2.7185961326166668,1.3185040016666665,0.8690375325,0.51966649
2004-10-30,11600,12.04,1.0,1.0,1.0,1.0,20.535560222380226,15.676919692561002,32.46340560913086,30.905710220336914,28.625911712646484,14.180676460266113,24.022777557373047,22.888992309570312,33.03569412231445,32.32802963256836,36.79533073929964,29.771400778210143,,,9.828789404333332,5.017612933333333,2.94715222,1.4686577
2004-11-02,30900,18.98,2.0,2.0,1.0,2.0,79.9459024985311,51.35919118702525,65.00989532470703,43.2638053894043,72.7261962890625,43.316017150878906,74.632080078125,51.938331604003906,74.58306121826172,47.56351089477539,99.45583657587551,53.982101167315186,,,35.365975821666666,12.600550858333333,25.970844300000003,13.8718985
2004-11-05,21800,16.15,0.0,0.0,3.0,3.0,23.248147205457876,22.796311641058548,0.24930736422538757,0.24875350296497345,5.445253849029541,5.433095455169678,0.7837833762168884,0.783197820186615,1.0428580045700073,0.9960206747055054,1.7036964980544735,1.5785992217898823,,,27.385743949333335,11.043387683333334,26.9511608,11.398076
2004-11-15,17000,14.32,3.0,3.0,3.0,3.0,13.15630594243088,10.359778214367124,34.23350143432617,31.896806716918945,25.12612533569336,11.015861511230469,18.02571678161621,15.472161293029785,26.111366271972656,21.99213218688965,28.03210116731519,19.497470817120636,,,53.720570724,22.92308290166667,52.81245,26.656868
2004-11-19,17600,14.56,0.0,0.0,0.0,0.0,40.351248615558475,21.3613155084176,32.374237060546875,22.90641975402832,28.0184268951416,18.604393005371094,36.252159118652344,27.64704704284668,44.55276107788086,31.303354263305664,39.302723735408534,31.93968871595329,,,35.640481783333335,15.38868025,25.18522825,9.10358475
2004-11-25,51100,24.42,2.0,2.0,2.0,2.0,113.90059274640183,80.46202490753699,75.67961883544922,43.34664535522461,90.72673797607422,59.88559341430664,87.60044860839844,58.314815521240234,99.65617370605469,69.61140441894531,105.99844357976647,76.06011673151745,,,33.67761907926667,22.796998300000002,13.341466904999999,9.94500115
2004-11-29,18800,15.01,0.0,0.0,0.0,0.0,9.39324663887664,4.398091775053546,6.120904445648193,6.114060878753662,19.40403938293457,13.05567455291748,6.67091703414917,6.670865058898926,9.159621238708496,8.080931663513184,17.516342412451355,9.468871595330732,,,38.96043449933333,15.436471682666665,15.98797416,8.8416893
2004-12-04,17300,14.42,0.0,1.0,1.0,1.0,11.340282991526731,8.626441694468431,26.83255386352539,22.963703155517578,25.111183166503906,15.458561897277832,21.841569900512695,21.051183700561523,41.90802001953125,31.60196304321289,19.335019455252908,17.12295719844357,,,33.38650759183333,13.181397726999998,14.140691565,7.8219201499999995
2004-12-11,66800,27.48,3.0,3.0,2.0,3.0,140.37013193389424,79.53919876784258,108.57515716552734,70.48548126220703,100.73590087890625,67.3958969116211,116.24188995361328,74.50979614257812,80.88292694091797,39.31330490112305,121.82587548638122,85.2523346303501,,,28.775364723333333,12.172947383333335,25.127125200000002,9.8566595
2004-12-13,30800,19.26,2.0,2.0,1.0,2.0,84.95559072882061,79.53919876784258,32.20575714111328,27.202768325805664,18.371158599853516,14.388655662536621,36.40473937988281,32.076881408691406,35.22111511230469,27.918991088867188,29.294357976653686,16.777431906614783,,,16.865774264166667,12.172947383333335,13.55818882,9.8566595
2004-12-27,18700,14.96,0.0,0.0,0.0,0.0,23.34428106832815,16.988913953703175,34.38288116455078,18.68491554260254,20.032337188720703,16.73829460144043,22.229223251342773,12.053483963012695,21.902137756347656,13.865193367004395,28.16848249027237,23.567120622568087,,,27.55032956566667,12.898905234166667,13.96379645,6.018987750000001
2005-01-19,62700,26.96,4.0,4.0,4.0,4.0,157.15815112103013,75.37598276958867,212.72329711914062,85.43998718261719,119.74337005615234,59.59922790527344,128.83502197265625,61.01890182495117,129.14849853515625,70.52313995361328,144.40466926070047,89.47684824902728,,,34.47785159633334,14.376547096333333,30.3172467,11.518718699999999
2005-01-23,41400,22.24,3.0,3.0,3.0,3.0,50.19447611715337,29.10822371816544,51.158660888671875,39.349456787109375,35.25703430175781,24.84278106689453,40.44174575805664,27.929113388061523,34.11750411987305,20.391759872436523,40.27276264591438,34.79785992217897,,,24.947164545166668,11.104867052666668,19.641437642,9.0445225
2005-02-07,17900,14.82,0.0,0.0,0.0,0.0,33.29773807480537,25.002613790632434,23.68025779724121,11.648674011230469,9.401673316955566,4.847078323364258,15.2993803024292,11.354585647583008,21.965059280395508,12.64648723602295,10.131517509727622,5.414202334630349,,,29.326406834166665,16.8067400925,18.2147889,9.4637605
2005-03-19,7050,10.6,1.0,0.0,0.0,1.0,28.357632906526952,21.0148623595958,7.561637878417969,5.0861616134643555,25.001171112060547,15.85793685913086,12.640439987182617,6.739831447601318,5.269265651702881,2.5829074382781982,19.072957198443575,13.912451361867697,,,16.17510857,7.920314601666667,12.398733165,5.07272285
2005-03-26,8000,11.01,1.0,1.0,1.0,1.0,8.216925433372552,6.241806886620093,52.59835433959961,51.243682861328125,50.18033218383789,37.93391036987305,50.173362731933594,49.98845672607422,51.87789535522461,51.78292465209961,48.59474708171205,48.04844357976653,,,41.18855952166667,16.120191936666668,36.195715,15.7579975
2005-04-01,16500,14.42,1.0,2.0,0.0,2.0,49.44424669468779,21.48330977268474,44.73440170288086,32.656497955322266,50.063194274902344,20.022136688232422,40.84437942504883,29.18094253540039,46.231441497802734,33.35144805908203,47.950778210116766,28.251167315175135,,,9.013644777366666,3.7083776149999994,1.901379705,0.949916795
2005-04-05,14700,13.71,1.0,1.0,1.0,1.0,13.834340348348277,8.931032517615057,16.935129165649414,7.677889823913574,18.174179077148438,12.294028282165527,14.693326950073242,7.775561332702637,22.850872039794922,11.197065353393555,13.452334630350197,8.93501945525292,,,7.9705895325,3.347646193333334,1.9240041715,0.9403983515000001
2005-04-10,11200,12.18,0.0,0.0,0.0,0.0,12.908585065157762,11.81447607814468,9.539389610290527,9.348544120788574,8.976683616638184,8.834418296813965,7.539969444274902,7.3934102058410645,8.31982707977295,8.021710395812988,3.5441634241245135,1.5044747081712062,,,7.505090027433333,3.5650426266666666,1.8951233075,1.3154124935
2005-04-16,17500,,2.0,1.0,0.0,2.0,27.65388149013084,18.314868092536926,67.84303283691406,42.56865310668945,40.76302719116211,17.603199005126953,57.46316146850586,40.02532196044922,58.532012939453125,41.83845520019531,51.584046692607,37.04630350194552,,,9.844678190833333,4.5136986666666665,4.370513949999999,1.7577424
2005-05-11,13300,13.13,0.0,0.0,0.0,0.0,17.674539188795634,7.4901472224389165,27.00848388671875,18.58780288696289,6.583804607391357,5.132421016693115,15.392915725708008,7.785160541534424,32.82236862182617,18.024221420288086,20.335019455252922,10.249221789883267,,,23.832722528333335,9.542856166666667,25.31212625,10.4669655
2005-05-17,17900,15.01,1.0,0.0,0.0,1.0,28.693290603719294,17.62953151115724,32.27824783325195,16.265230178833008,20.469022750854492,11.054656028747559,22.255599975585938,12.93759536743164,22.0904483795166,11.7168550491333,26.513035019455273,17.35116731517511,,,7.740684618333333,3.38140451,5.285239785,2.7637560999999997
2005-05-22,15400,13.98,0.0,0.0,0.0,0.0,27.179751405980344,10.832590805298967,15.68134880065918,8.014856338500977,18.449138641357422,8.058594703674316,25.83625030517578,13.43931770324707,26.01653480529785,10.641744613647461,20.386770428015566,6.916147859922179,,,3.0420996360666672,1.5846763500000003,1.200870975,0.5895317
2005-07-06,11900,12.48,1.0,2.0,2.0,2.0,9.19160803948417,8.643982798480794,19.055208206176758,18.984703063964844,17.78412628173828,9.56816577911377,15.241927146911621,15.19784164428711,20.104476928710938,16.799692153930664,14.12120622568094,11.797081712062264,,,3.454842034216667,1.5365080358833334,0.82491240015,0.80980750765
2005-07-08,12000,12.56,1.0,1.0,1.0,1.0,17.701216078579943,8.643982798480794,23.17826271057129,18.984703063964844,40.1379508972168,23.18875503540039,33.33122253417969,17.989574432373047,37.80464172363281,20.66412353515625,40.551945525291856,28.611673151750992,,,4.83876242355,2.0456684666666667,1.82867442065,0.80980750765
2005-07-18,10400,11.84,0.0,0.0,0.0,0.0,7.970447431344282,5.027531566714465,1.2572389841079712,1.256179690361023,2.82185435295105,2.82185435295105,0.9668389558792114,0.9658721089363098,2.4933021068573,2.489720344543457,4.832879377431908,4.606420233463036,,,0.37534108554999995,0.21800598833333332,0.00317285165,0.00317285165
2005-07-30,7890,10.63,0.0,1.0,2.0,2.0,0.12472275377497838,0.09298852840140212,1.132646616497368e-06,1.1275599263171898e-06,0.0,0.0,5.764938123320462e-06,4.289622211217647e-06,0.00688887620344758,0.00640869140625,0.00330739299610895,0.00330739299610895,,,4.8219461923599996,3.542319839333333,1.482127346,0.857231093
2005-08-12,7900,10.62,0.0,0.0,0.0,0.0,0.3070344180264911,0.28985468565662664,0.15805010497570038,0.13197177648544312,0.0006509421509690583,0.0006509421509690583,0.631579577922821,0.49351271986961365,0.1406652331352234,0.1307109296321869,1.1603112840466925,0.6601167315175096,,,1.4973166578333335,1.4763711400000001,1.10998882,1.10998882
2005-08-17,7680,10.51,1.0,0.0,0.0,1.0,8.887332715512338,8.832652027674204,3.7644550800323486,3.7579410076141357,15.091382026672363,9.047186851501465,6.671592712402344,6.671477317810059,6.712869644165039,6.704827308654785,18.62704280155641,18.58715953307392,,,1.879932938833333,1.3956783816666665,0.062106861500000006,0.040019995
2005-08-21,6070,9.68,0.0,0.0,0.0,0.0,0.15245697874354153,0.09945697892309446,8.537118446838576e-06,4.64914228359703e-06,0.0,0.0,1.5080902812769637e-05,7.878186806919985e-06,0.007724684197455645,0.007692920975387096,0.03249027237354086,0.03249027237354086,,,4.845797725333333,3.531398216666666,3.571267617,2.8778994
2005-08-28,5480,9.36,0.0,1.0,0.0,1.0,0.16437093795047464,0.13134225725862295,0.012799506075680256,0.012610957026481628,4.875194549560547,4.848159313201904,0.0011404063552618027,0.0011364603415131569,1.027477502822876,1.0215215682983398,3.676459143968872,3.676459143968872,,,2.2905039895,1.846419807,0.1501731355,0.099891221
2005-09-11,9950,11.62,0.0,0.0,0.0,0.0,15.69710131310395,11.449277233211307,12.914809226989746,5.501993656158447,14.534770965576172,11.333379745483398,12.906896591186523,6.792433738708496,11.852106094360352,6.12880277633667,13.217898832684828,7.867704280155646,,,5.880152917863334,2.3556563986666665,2.76921529759,2.41424815
2005-09-30,17500,14.69,4.0,3.0,3.0,4.0,86.0547457592939,75.51880690244599,49.599063873291016,35.92043685913086,79.74807739257812,60.09078598022461,64.56140899658203,56.697410583496094,83.89012145996094,66.53727722167969,103.78832684824903,92.89533073929961,,,11.557460555203331,4.757815279609999,3.9830724,1.769439
2005-10-04,8640,10.99,0.0,0.0,0.0,0.0,12.614590811695864,7.2662523897154605,3.6728765964508057,2.82969069480896,5.925963401794434,5.794328212738037,6.1447272300720215,4.211478233337402,13.849505424499512,10.05673885345459,9.252334630350198,6.613035019455258,,,15.980950721166668,7.691959206666667,4.3575503985,2.39742765
2005-10-09,8900,11.12,0.0,0.0,1.0,1.0,34.23896746182512,27.081164396515767,12.620490074157715,12.092711448669434,9.028759956359863,8.03825569152832,24.84805679321289,23.858076095581055,15.372835159301758,14.119834899902344,17.90661478599223,15.68657587548639,,,12.064361200050001,6.567651487666667,1.3126058721499998,1.175428325
2005-10-13,8310,10.83,1.0,1.0,1.0,1.0,21.704973204451814,12.386759045475072,15.66779899597168,11.16578483581543,12.347396850585938,9.139540672302246,14.349464416503906,12.792136192321777,36.93472671508789,29.07478141784668,12.408560311284049,6.762451361867704,,,31.4387544895,19.585230533333334,18.34511715,9.99027925
2005-10-18,20700,16.09,0.0,3.0,3.0,3.0,51.32765202431888,23.485709370208287,23.44427490234375,13.64031982421875,41.067222595214844,17.59711265563965,37.598106384277344,20.60902976989746,47.393707275390625,26.16543197631836,36.534241245136194,23.890272373540864,,,8.622469724166667,5.075977544,1.2734349704999999,1.09630948
2005-10-26,12300,12.68,1.0,1.0,1.0,1.0,15.930476115899424,8.562801148535872,9.520454406738281,8.914746284484863,10.383062362670898,7.085998058319092,11.470992088317871,9.580501556396484,12.012977600097656,11.506591796875,11.524124513618679,7.02451361867704,,,36.013326876,14.629156967666669,17.25869565,7.25862765
2005-11-01,21500,16.39,3.0,3.0,0.0,3.0,63.815845103268416,25.945640494673018,37.74407958984375,21.700708389282227,55.463722229003906,20.04636001586914,55.139530181884766,28.31169891357422,55.722381591796875,31.20369529724121,76.2663424124514,41.217315175097276,,,21.6050289922,10.368613116666667,16.700464744999998,11.52778835
2005-11-05,21200,16.27,0.0,0.0,0.0,0.0,54.791694122564266,23.753001958872574,66.79798889160156,34.29694366455078,54.893978118896484,19.433067321777344,68.44219970703125,26.24018669128418,60.92949676513672,27.198760986328125,74.56147859922181,26.410505836575886,,,21.870471681333335,8.349626753333334,14.857337495000001,7.915797700000001
2005-11-09,17600,14.86,0.0,2.0,2.0,2.0,25.861401507890932,9.279154863229902,15.981186866760254,6.072153568267822,17.23672103881836,7.8497314453125,16.22595977783203,10.579480171203613,21.71548080444336,11.821004867553711,19.77237354085602,9.747470817120616,,,31.53180987416667,12.544550928333335,19.706621625,7.7554815
2005-11-14,22100,16.59,0.0,0.0,0.0,0.0,45.65962720236404,18.935994293220183,45.47175598144531,26.220401763916016,25.398414611816406,14.232994079589844,40.58881759643555,27.37244987487793,46.5252571105957,28.754270553588867,31.67743190661482,25.806031128404708,,,48.44207959433333,21.441797795,28.286620035000002,12.969810085
2005-11-24,16100,14.28,1.0,1.0,0.0,1.0,0.15043212269098064,0.12162141519198888,6.888744974276051e-05,6.888744974276051e-05,4.5725531578063965,4.5725531578063965,0.037348855286836624,0.037331536412239075,0.19974984228610992,0.19974984228610992,0.9859922178988318,0.9756809338521393,,,13.206259695,7.5204288833333335,7.245654419999999,4.98370995
2005-11-28,14500,13.64,0.0,0.0,0.0,0.0,22.06898661293548,16.298013390820067,13.678729057312012,13.00014877319336,10.684957504272461,7.150582790374756,6.111769676208496,3.2625138759613037,10.318209648132324,6.764983654022217,9.679961089494164,5.865175097276264,,,10.991663813066667,6.679595403733334,5.71037869,3.84948595
2005-12-23,28700,18.8,4.0,4.0,3.0,4.0,88.76023897112668,37.43270363999142,80.14302062988281,48.376556396484375,72.22953796386719,29.908145904541016,88.39193725585938,43.44350814819336,67.93475341796875,35.46384811401367,79.58132295719844,36.26322957198443,,,39.39547161666666,15.367222583333332,32.8627175,11.91226375
2005-12-25,43900,22.79,3.0,3.0,3.0,3.0,97.55866918873832,37.43270363999142,122.2528305053711,66.72908020019531,68.6653060913086,27.334835052490234,108.58354187011719,61.27157974243164,99.20878601074219,62.075965881347656,91.00642023346296,36.32587548638129,,,52.494130549999994,24.274305233333333,44.70097475,22.667220999999998
2005-12-27,31700,19.65,1.0,1.0,0.0,1.0,67.99451052253606,30.373254311016368,78.01223754882812,40.991798400878906,45.316688537597656,17.013246536254883,61.20299530029297,24.648290634155273,71.22256469726562,26.543113708496094,62.68385214007781,29.40369649805445,,,52.64010018,24.274305233333333,51.2323085,22.667220999999998
2006-01-05,18900,15.65,2.0,2.0,2.0,2.0,28.11434033974635,11.926676853892909,36.000770568847656,22.19976234436035,50.78778839111328,35.104164123535156,38.346046447753906,22.790523529052734,53.08486557006836,40.27216339111328,51.292996108949374,37.50661478599217,,,17.81367796583333,8.60752885,17.1477545,8.28379035
2006-01-06,31000,19.44,1.0,0.0,0.0,1.0,61.08280298381645,41.352623273947955,71.405517578125,36.63627243041992,62.854698181152344,35.104164123535156,55.950233459472656,22.790523529052734,76.08890533447266,40.27216339111328,63.30330739299603,37.50661478599217,,,12.412366310000001,4.890573483333333,10.7425543825,5.0721367
2006-01-12,49300,23.82,1.0,1.0,1.0,1.0,126.04554491608366,51.58103829998359,85.5779037475586,42.22903823852539,88.36454010009766,38.999271392822266,98.12205505371094,41.02315902709961,97.54202270507812,40.69102096557617,119.0040856031129,52.64338521400781,,,41.521719137666665,19.36404073333333,12.739143112999999,6.2501209
2006-01-17,34200,20.31,1.0,1.0,1.0,1.0,51.168447403304896,37.39725238734404,53.107086181640625,30.34650993347168,51.27419662475586,31.74573516845703,55.96590805053711,33.19827651977539,66.43758392333984,38.158573150634766,57.74105058365763,40.91459143968875,,,31.916967993333333,11.732650433333333,28.6290885,11.089457
2006-01-21,23800,17.31,0.0,0.0,0.0,0.0,34.9174225264419,15.07540535243018,26.176048278808594,18.693824768066406,30.68429183959961,16.953166961669922,30.078737258911133,25.142906188964844,33.9659309387207,25.99925994873047,32.55350194552532,24.463618677042824,,,41.46886807956666,18.68249307956667,27.9802684,11.97242125
2006-02-01,27700,18.51,1.0,1.0,0.0,1.0,106.68997327684217,49.55341689582081,106.52033996582031,50.27302551269531,82.75382232666016,32.71741485595703,114.94085693359375,62.60839080810547,129.85801696777344,59.88311004638672,109.73112840466922,61.93832684824903,,,14.5455373,7.428778493333333,0.95181069,0.57194123
2006-02-03,27100,18.34,3.0,2.0,1.0,3.0,71.06859657823698,26.958173991617237,76.8470458984375,42.65058517456055,58.33146667480469,24.668928146362305,73.44762420654297,37.60865783691406,89.86461639404297,54.6197624206543,62.21614785992215,28.458560311284018,,,16.60101752275333,7.574414566666666,4.21816753925,3.6416512
2006-02-08,21400,16.52,0.0,0.0,0.0,0.0,8.002954105668955,7.043068826198578,2.0495362281799316,2.046247959136963,1.7612605094909668,1.5491338968276978,3.962573528289795,3.9625723361968994,5.139740943908691,5.139636516571045,3.97684824902724,3.6437743190661505,,,32.24759280333333,12.591908616666666,31.18562595,13.3558385
2006-02-26,13600,13.65,1.0,1.0,0.0,1.0,35.574328873929105,23.828390049432933,19.40533447265625,17.75707244873047,23.478670120239258,12.054384231567383,11.792344093322754,11.073183059692383,18.941612243652344,15.21728229522705,14.375875486381325,8.845914396887162,,,23.949512932166666,9.45229841,17.85817055,7.709847
2006-03-03,16000,14.6,0.0,0.0,0.0,0.0,23.703154854447963,10.257474180617251,4.750607490539551,3.750659942626953,15.085532188415527,8.340343475341797,8.453058242797852,7.249121189117432,10.027031898498535,6.0620012283325195,15.26186770428015,14.344163424124506,,,16.158886692499998,7.661548733333333,6.49687345,3.60186385
2006-03-08,14700,14.09,1.0,0.0,0.0,1.0,18.197103266347817,9.197426404882343,48.30418014526367,18.94693374633789,41.702816009521484,24.69858169555664,41.147403717041016,23.441495895385742,42.99957275390625,20.946584701538086,56.7038910505837,40.03715953307397,,,9.791768225333334,4.2787671199999995,4.82873534,2.69114745
2006-03-12,12500,13.23,0.0,0.0,0.0,0.0,15.054237074452857,12.365556380944772,6.443933486938477,5.7860307693481445,0.4510359466075897,0.4320571720600128,9.47242259979248,8.985804557800293,4.384028434753418,3.430701971054077,1.4529182879377425,1.4431906614785985,,,15.37878168195,7.941921287283333,9.64977611,7.7055115
2006-03-24,11000,12.62,2.0,2.0,1.0,2.0,11.28716250945481,5.375281056015259,33.23162078857422,16.41522216796875,18.05259895324707,8.308158874511719,19.513748168945312,10.216575622558594,20.210235595703125,10.29625129699707,13.182101167315187,8.420622568093396,,,8.621521499,4.29985309,4.36693808,2.072729
2006-04-15,14900,14.17,0.0,0.0,0.0,0.0,58.68494069211569,24.202583170757695,51.504066467285156,36.57238006591797,50.267215728759766,21.08329963684082,46.03507995605469,31.120101928710938,53.491790771484375,34.82618713378906,52.53735408560315,33.66926070038914,,,19.26996722266667,7.070241976666668,15.68154975,7.6861935
2006-05-24,24100,17.62,1.0,1.0,0.0,1.0,18.65448373833575,9.340692151800852,20.997249603271484,11.469106674194336,19.949970245361328,8.000288963317871,25.159053802490234,12.493696212768555,27.12030029296875,16.424644470214844,23.584630350194562,11.003307392996117,,,5.913768432366666,2.398282310833333,1.3639198325,0.619724725
2006-06-02,26100,18.39,2.0,1.0,0.0,2.0,13.356910126970682,11.706797317838578,23.074993133544922,19.939725875854492,21.502290725708008,9.54538631439209,19.988338470458984,16.777053833007812,12.51441764831543,7.7071027755737305,24.44221789883267,13.427237354085594,,,9.492184362133333,4.304347075,2.11988428,1.5472108
2006-07-14,16200,15.24,0.0,0.0,0.0,0.0,19.991617615780985,16.788022970834152,12.190587043762207,6.096893787384033,13.029738426208496,10.416340827941895,7.708990573883057,5.443821907043457,13.760176658630371,7.334989070892334,17.402140077821016,13.023735408560313,,,10.921650933833332,7.3689717298333335,2.688326562,2.03691195
2006-09-17,5650,10.58,1.0,1.0,1.0,1.0,10.723682604360405,6.6682562210363825,7.266692161560059,4.141064167022705,11.47546672821045,7.056482315063477,6.070469856262207,3.184974431991577,25.048965454101562,21.27493667602539,9.218093385214006,6.0616731517509725,,,18.987980812666667,7.418491312666667,11.91400495,6.65672895
2006-09-21,7420,11.51,1.0,0.0,0.0,1.0,28.625118566944085,12.831042077299742,14.88333511352539,10.132817268371582,20.234100341796875,10.26861572265625,20.303871154785156,12.292113304138184,22.422420501708984,10.786678314208984,23.697276264591444,12.756420233463041,,,19.097393308333334,10.521808808333335,12.848035849999999,8.6011665
2006-10-09,3790,9.48,0.0,0.0,0.0,0.0,1.5304741877323482,0.7890325054244973,3.7174668312072754,3.7090108394622803,3.380067825317383,1.5326837301254272,1.5514816045761108,1.5178000926971436,0.2853069305419922,0.2245797961950302,2.146887159533074,1.8994163424124513,,,22.699231255033332,10.600546016666668,11.2111610101,9.6993435
2006-10-18,3930,9.57,1.0,1.0,0.0,1.0,19.28697131145287,14.38317589504541,14.380721092224121,10.390542984008789,13.249275207519531,5.273931980133057,11.651405334472656,10.296760559082031,13.789468765258789,11.169685363769531,9.793190661478597,5.168677042801554,,,22.977555835721663,15.353873643999998,9.866965865000001,7.4171717
2006-10-27,6130,10.82,0.0,1.0,1.0,1.0,31.78850476167398,14.128795406558545,9.019712448120117,3.0282158851623535,17.035011291503906,9.202713966369629,11.633743286132812,4.161304473876953,30.927143096923828,15.451570510864258,16.19941634241245,8.570038910505835,,,19.854916787083333,9.911814868333334,18.095205550000003,8.94523
2006-11-04,38100,21.24,4.0,4.0,3.0,4.0,92.34494079142297,53.17852588274283,103.90282440185547,49.3245735168457,106.32209777832031,46.209903717041016,148.423095703125,73.91509246826172,119.6805648803711,56.70404815673828,133.19591439688716,57.632684824902704,,,22.957357811666665,8.457042845,15.175753450000002,6.2916772000000005
2006-11-07,116000,31.76,5.0,4.0,4.0,5.0,234.5107572037677,121.68285080670854,280.90753173828125,149.3391876220703,190.48997497558594,97.75455474853516,188.0174102783203,133.61978149414062,164.68338012695312,99.9629898071289,259.0577821011674,152.68035019455263,,,23.58131864008333,8.20448725,13.118107,5.6015499
2006-11-10,49500,23.38,1.0,0.0,0.0,1.0,58.58966351273411,46.80330403585051,27.163036346435547,16.27770233154297,46.68342208862305,29.13220977783203,44.13253402709961,30.196691513061523,49.571903228759766,34.917999267578125,63.584046692606954,47.57042801556416,,,26.413160763666667,12.289931126666668,1.737395261,1.1290636
2006-11-16,54000,24.07,4.0,4.0,3.0,4.0,92.2374340957369,60.39532507172506,94.95706939697266,62.64346694946289,62.44362258911133,48.61534118652344,66.48181915283203,45.00377655029297,74.39698028564453,47.89875030517578,71.17159533073932,60.40330739299612,,,22.075521126666665,11.597204366666665,20.278795700000003,12.124406500000001
2006-11-19,25500,18.48,2.0,2.0,2.0,2.0,7.372342241823364,3.3789827862245176,23.245471954345703,13.502367973327637,23.769363403320312,19.562747955322266,33.08952331542969,20.840049743652344,38.36245346069336,21.947952270507812,18.281517509727603,17.856420233463012,,,47.119626209416666,22.335723983333335,39.523932,13.916562500000001
2006-11-24,24200,18.14,0.0,0.0,0.0,0.0,60.987774342013594,22.5295449315248,60.59348678588867,22.483112335205078,49.841880798339844,18.857114791870117,47.24189758300781,20.38767433166504,62.65333557128906,24.563711166381836,55.813618677042804,22.321400778210133,,,45.37928576666666,20.292258333333333,38.04577965,18.211434
2006-11-30,12300,14.2,1.0,0.0,0.0,1.0,27.93409557345374,12.3813288581075,44.75444412231445,41.175594329833984,30.114154815673828,17.688329696655273,25.942304611206055,24.02527618408203,35.515899658203125,33.462257385253906,31.02626459143968,24.62431906614785,,,43.927017983333336,17.03593366666667,41.77066070000001,19.5199615
2006-12-05,11200,13.76,0.0,0.0,0.0,0.0,12.445172084345845,8.56601720911595,12.608104705810547,10.663541793823242,11.744175910949707,9.410089492797852,10.195409774780273,8.067474365234375,14.0791654586792,10.296320915222168,8.928404669260695,8.635214007782094,,,24.716235472333334,13.519950242333335,9.539782915000002,6.8973024
2006-12-15,34000,20.48,2.0,1.0,1.0,2.0,105.57535758209957,50.26424473239177,114.52450561523438,47.696292877197266,103.51460266113281,53.87522506713867,115.0008316040039,45.469017028808594,119.65901184082031,49.896480560302734,144.46731517509727,56.184435797665365,,,28.541710535,12.165339216666666,27.0543527,12.160532499999999
2006-12-21,14800,15.17,1.0,1.0,1.0,1.0,22.602978960925448,14.378202672670266,42.83306884765625,29.209012985229492,36.95721435546875,16.842884063720703,30.820600509643555,25.857919692993164,43.021263122558594,24.999038696289062,37.65972762645913,27.64221789883268,,,20.150895527733333,8.389255950666666,14.9190693,9.2005982
2006-12-25,17000,15.98,2.0,2.0,1.0,2.0,54.35970172690616,26.23542637396497,66.86161804199219,41.061256408691406,49.835819244384766,25.05742073059082,48.79473876953125,28.284406661987305,60.09199905395508,33.40315246582031,59.486381322957214,25.121206225680957,,,59.99436079733333,29.823659499999994,39.681392869999996,26.729383499999997
2007-01-03,49900,23.51,3.0,3.0,0.0,3.0,102.2573021105395,57.53821792383723,140.65060424804688,104.0367202758789,107.43168640136719,51.00928497314453,112.87799835205078,81.74955749511719,119.81431579589844,83.55197143554688,190.67529182879377,89.17782101167316,,,33.68096716083333,12.877541729999999,29.7626682,14.5486835
2007-01-05,25800,18.55,1.0,1.0,0.0,1.0,93.0130305627564,57.53821792383723,49.74079895019531,24.211469650268555,70.15457153320312,37.929046630859375,51.116268157958984,19.742216110229492,56.74163055419922,20.856342315673828,67.52451361867702,32.51906614785991,,,31.767095868421663,11.440765270921666,28.800405299999998,10.931232999999999
2007-01-08,28900,19.32,2.0,2.0,2.0,2.0,94.87079525518143,39.57950855167601,94.23486328125,45.66817092895508,57.87976837158203,26.178508758544922,78.3697509765625,41.82930374145508,89.52361297607422,43.934364318847656,72.36984435797666,52.01634241245136,,,23.553297785216664,8.864120701883333,6.776608100000001,2.8173884
2007-01-18,14300,15.0,0.0,0.0,0.0,0.0,12.661843193529563,5.354217964707096,21.53420639038086,11.33598804473877,22.140342712402344,11.45389175415039,16.838951110839844,9.843820571899414,28.523815155029297,18.9903621673584,20.824124513618685,12.109533073929965,,,18.528886898,9.613930796333333,5.957224709,2.9466577199999997
2007-01-22,13800,14.83,1.0,1.0,0.0,1.0,31.210153002569267,18.730261966785555,43.197509765625,29.39125633239746,26.338205337524414,16.183326721191406,24.351974487304688,12.442770957946777,36.08434295654297,20.0723819732666,20.6554474708171,14.76653696498053,,,19.918007629499996,9.662004423166666,16.56593994,11.536633
2007-02-06,11700,13.95,0.0,0.0,0.0,0.0,12.086145295856793,8.289667293457866,21.86053466796875,11.313450813293457,14.988014221191406,12.142107009887695,3.9111125469207764,3.24950909614563,20.18341636657715,19.07089614868164,7.61322957198443,6.492217898832679,,,19.884125943033332,8.480775077533334,18.3170599,9.086594
2007-02-15,18800,16.56,1.0,0.0,0.0,1.0,23.920193113947118,17.622240915353167,44.52763366699219,34.08260726928711,44.56287384033203,22.713895797729492,41.354862213134766,29.26844596862793,44.12025451660156,35.74435806274414,49.328404669260664,30.013035019455224,,,24.3457315305,10.3112039305,12.9186110915,7.9342965
2007-02-21,24400,18.19,0.0,0.0,0.0,0.0,74.67521981253905,34.2486921532888,76.4577407836914,42.96293258666992,50.17367935180664,26.464529037475586,72.31809997558594,39.19680404663086,78.21083068847656,40.203914642333984,73.10797665369653,36.019844357976645,,,16.576603137305,9.545336123983333,4.9350244519499995,2.0925263
2007-03-12,60000,24.99,3.0,3.0,3.0,3.0,91.25467115617846,57.85548951475388,141.986328125,86.98709869384766,83.08319854736328,52.479793548583984,97.23847961425781,56.328834533691406,109.22171020507812,62.94814682006836,103.22198443579764,60.42101167315174,,,26.77812125841,13.813047311666667,20.48955785,7.0684788
2007-03-16,25800,18.56,1.0,1.0,1.0,1.0,26.306833631755254,11.686665393198425,38.136268615722656,30.294275283813477,25.972515106201172,10.281601905822754,33.49712371826172,21.847137451171875,34.51767349243164,19.63028335571289,30.69202334630351,18.23404669260701,,,13.650698933766668,7.440948301266666,4.676595005,3.0543184500000002
2007-03-25,74200,27.1,1.0,0.0,0.0,1.0,116.80842055519955,59.96701520442051,108.50775146484375,58.8431510925293,85.0453109741211,51.26144790649414,82.08126068115234,58.93415451049805,95.19141387939453,58.05010223388672,121.07548638132289,86.27548638132289,,,20.016235029333338,8.817335866666669,14.6887349,5.61032865
2007-04-09,21100,17.24,0.0,0.0,0.0,0.0,11.022988528831252,9.13468642524278,30.258586883544922,27.075672149658203,23.361129760742188,13.420537948608398,26.89017105102539,23.611543655395508,27.06539535522461,21.86642074584961,39.35272373540856,31.498249027237357,,,24.890578635833332,11.078236769166667,9.59775095,3.9898292
2007-04-14,16100,15.67,0.0,1.0,0.0,1.0,17.734957909550747,14.680699781979476,35.72469711303711,27.353595733642578,17.508920669555664,10.369767189025879,14.707084655761719,7.931586742401123,30.63912010192871,14.501022338867188,24.69455252918288,12.93365758754864,,,33.82003175,20.552910049999998,25.09385425,11.7701475
2007-04-18,14600,15.14,0.0,0.0,0.0,0.0,12.587225639716504,6.181730421135348,23.333879470825195,12.411710739135742,10.28164005279541,4.976573467254639,18.209854125976562,6.600193500518799,25.66978645324707,11.287372589111328,10.378988326848253,4.905058365758755,,,12.349892918333333,4.968272183333333,9.98385915,4.16107105
2007-04-28,28400,19.16,1.0,0.0,0.0,1.0,44.41597508640522,26.903017215473476,37.21906280517578,23.41022491455078,36.7700309753418,26.417572021484375,32.39482879638672,15.288318634033203,38.6099967956543,16.398639678955078,41.30369649805445,22.559922178988316,,,9.505664765,5.671681066666667,3.52500564,1.7831242
2007-05-21,18000,16.28,0.0,0.0,0.0,0.0,24.34206881066143,16.97864625285278,7.107436180114746,3.9798340797424316,22.327682495117188,15.716443061828613,31.27894401550293,24.864612579345703,24.224132537841797,12.627852439880371,22.033657587548646,12.64902723735409,,,6.151114544549999,2.9953833683333326,0.5632131069,0.27205604
2007-06-05,41200,21.95,2.0,2.0,1.0,2.0,6.819097505340373,4.77267494552678,7.472382545471191,5.199227809906006,18.763704299926758,9.308581352233887,16.423105239868164,10.067004203796387,12.568780899047852,7.848351955413818,19.044163424124505,9.267509727626459,,,7.835432165,3.46018464,4.47861745,1.86659585
2007-06-18,24100,18.08,0.0,0.0,0.0,0.0,21.357353738913343,10.927405373088261,10.632083892822266,7.829805374145508,15.244781494140625,9.439735412597656,29.509275436401367,22.631750106811523,12.299210548400879,9.618382453918457,19.321984435797663,12.08229571984436,,,12.241811748333333,4.996007633333334,3.966872135,2.33320065
2007-07-02,22300,17.61,1.0,0.0,0.0,1.0,9.382986615221398,9.342986615221541,0.5338186621665955,0.5258738398551941,0.015336671844124794,0.015336671844124794,2.783024311065674,2.7830238342285156,2.0209879875183105,2.0174684524536133,0.9933852140077826,0.9856031128404674,,,8.3478693813,5.207914893333333,4.8891921405,3.87820168
2007-07-07,34000,20.49,0.0,0.0,0.0,0.0,0.0,0.0,0.0,0.0,0.0,0.0,2.8297461085458053e-07,2.805961685226066e-07,0.0017046247376129031,0.0012163434876129031,0.007976653696498056,0.004280155642023347,,,3.86995509,1.9636681999999999,1.4288695345,0.7374449000000001
2007-07-14,29000,19.35,1.0,1.0,0.0,1.0,1.1567590833137642,1.046499046163605,0.9900326132774353,0.9489266872406006,0.8288029432296753,0.8238840103149414,0.5114776492118835,0.5114140510559082,0.8847930431365967,0.7358353137969971,2.854474708171207,2.7313229571984445,,,1.540514967,1.2965714333333334,0.57142875,0.5351333
2007-07-23,24300,18.16,5.0,4.0,4.0,5.0,45.340361364144854,23.26565578916105,8.006811141967773,3.6416337490081787,24.437843322753906,12.328678131103516,20.44606590270996,15.20901870727539,15.616079330444336,9.920997619628906,34.63852140077819,16.07879377431906,,,3.8547813505000006,2.687321424666667,0.1933826775,0.168265165
2007-08-21,7810,12.51,0.0,0.0,0.0,0.0,18.874824092760825,8.788938815917385,14.715818405151367,5.775856018066406,17.418245315551758,8.162075996398926,15.80349349975586,8.84557056427002,14.427757263183594,8.508670806884766,21.3931906614786,10.409338521400777,,,1.3843756088333334,0.80308775,0.033610626000000005,0.033610626000000005
2007-09-03,6730,11.94,2.0,1.0,0.0,2.0,0.8726883353665471,0.32904971303729014,0.012631256133317947,0.011831600219011307,0.4558045268058777,0.4117078185081482,0.013914995826780796,0.013764327391982079,0.1666640192270279,0.13372865319252014,0.28735408560311315,0.2756809338521404,,,7.594724003575001,2.709960124741667,0.952533310725,0.463650095
2007-09-07,7150,12.18,0.0,0.0,0.0,0.0,0.7961510496123215,0.7961510496123215,0.03738737851381302,0.032828252762556076,0.035533010959625244,0.035533010959625244,0.04932751506567001,0.04109900817275047,0.07945121824741364,0.05854018032550812,0.831517509727626,0.8027237354085598,,,5.745668882833333,4.273224923333333,0.8565122235,0.43781106999999997
2007-09-20,5720,11.35,0.0,1.0,1.0,1.0,4.586263861788533,2.5396845117923634,0.5871918797492981,0.5381605625152588,5.398603916168213,2.912858724594116,2.3992772102355957,1.1390429735183716,0.7021209001541138,0.41573622822761536,11.072568093385208,6.4297665369649755,,,11.323472780216665,5.9354029683333325,1.9298669506500001,1.3344335150000002
2007-09-24,5610,11.28,0.0,0.0,0.0,0.0,9.216456983895103,6.85018929651089,6.779562473297119,6.555070877075195,3.0034797191619873,2.8509299755096436,3.862097978591919,3.8378214836120605,4.088377952575684,3.896005392074585,0.5414396887159535,0.2949416342412454,,,12.399951860816667,7.319453177483333,4.779381175000001,2.6648446000000003
2007-09-30,6470,11.79,2.0,2.0,2.0,2.0,33.4593193137281,16.58570362755719,51.8508415222168,37.336673736572266,44.054901123046875,28.76714324951172,53.60975646972656,41.88520431518555,88.6830825805664,73.56944274902344,59.45758754863814,42.51575875486381,,,21.15881797745,13.640715338333331,11.3493957575,6.97508955
2007-10-02,12800,14.55,1.0,0.0,0.0,1.0,77.85933081050676,42.36661381657675,87.2106704711914,37.336673736572266,85.20260620117188,39.211334228515625,108.88694763183594,42.364112854003906,141.52635192871094,73.56944274902344,118.28346303501944,56.4873540856031,,,11.603581587166667,6.49460805,11.801929243,6.97508955
2007-10-06,13600,14.75,1.0,2.0,2.0,2.0,24.19238238134105,19.04856785487946,7.036557674407959,6.60009765625,14.553549766540527,9.536057472229004,16.011489868164062,14.83910846710205,8.914119720458984,6.39511775970459,10.911284046692607,5.213813229571985,,,4.6673750502499995,2.4956057533333333,0.9413540007500001,0.38265056000000003
2007-10-09,18700,16.52,3.0,2.0,2.0,3.0,35.8214302415651,24.18762143209833,63.8574104309082,49.53046798706055,22.75809097290039,21.024242401123047,32.792884826660156,29.646995544433594,45.843772888183594,38.401405334472656,28.82412451361869,27.880155642023357,,,8.18220402775,3.7184732610833335,5.203333600000001,3.1417795
2007-10-17,12300,14.24,0.0,0.0,0.0,0.0,10.82732693893932,5.527244724461499,23.61316680908203,12.146342277526855,16.569561004638672,6.677878379821777,16.20401382446289,9.196099281311035,17.16201400756836,8.7949800491333,13.299027237354085,5.901556420233465,,,23.680062275,13.374116355000004,13.491443914999998,8.826722499999999
2007-10-21,14100,14.92,2.0,2.0,2.0,2.0,58.50177811909588,27.64382785228197,47.16204071044922,21.986865997314453,41.26408767700195,19.682655334472656,54.359039306640625,26.534893035888672,57.36008834838867,24.575733184814453,56.02256809338523,34.278988326848264,,,16.77064661833333,8.57239911,11.728281899999999,5.8426279
2007-10-24,17900,16.28,1.0,1.0,1.0,1.0,35.41818357440224,20.468887206245334,21.534564971923828,13.424863815307617,21.52889633178711,11.1991605758667,21.18303680419922,17.522077560424805,35.003536224365234,27.130630493164062,28.740272373540847,14.93210116731517,,,20.781418054883332,9.236928943216666,14.2442186,5.656549500000001
2007-10-30,16300,15.73,0.0,0.0,0.0,0.0,0.8891548757540617,0.8761606117613421,0.745840311050415,0.6504771113395691,0.6599605679512024,0.5987469553947449,0.5328676104545593,0.5261241793632507,6.70252799987793,6.217264652252197,1.4019455252918298,1.36614785992218,,,35.9148756875,15.218880050000001,26.151225750000002,10.8535245
2007-11-04,9670,13.05,0.0,0.0,1.0,1.0,17.84612046061244,13.954782039667862,19.858802795410156,9.950177192687988,16.312820434570312,12.38740062713623,7.355010986328125,4.447693347930908,22.877822875976562,13.337207794189453,2.3525291828793784,1.6050583657587536,,,19.299680206666665,9.2445832,14.5786655,6.75959965
2007-11-06,9860,13.14,1.0,1.0,1.0,1.0,17.26687955551551,13.954782039667862,9.920843124389648,9.908110618591309,2.0673327445983887,1.54219388961792,4.447789669036865,4.447693347930908,13.362512588500977,13.337207794189453,3.00525291828794,2.530739299610896,,,17.4135489019,9.28504175,13.879165,7.57629225
2007-11-09,9820,13.11,2.0,2.0,1.0,2.0,13.771738048300973,6.759791585728953,20.010398864746094,13.093411445617676,21.901628494262695,10.206830978393555,14.666254043579102,6.084054946899414,18.832679748535156,8.527372360229492,10.272373540856028,5.410505836575873,,,30.955325787750002,12.745118856333333,12.500334534,6.95055875
2007-11-12,14200,14.96,3.0,3.0,2.0,3.0,32.844416866452924,12.946051649222182,53.22931671142578,28.3822021484375,44.653404235839844,27.04644012451172,57.66133117675781,30.847261428833008,80.05753326416016,54.066959381103516,21.103891050583655,11.649610894941633,,,21.08472128933333,9.12407196,16.79791205,6.1641878000000005
2007-11-16,28700,19.21,2.0,2.0,2.0,2.0,49.52159464621407,30.255443589409268,58.54073715209961,37.21550750732422,47.34568786621094,24.210615158081055,56.57655334472656,33.07667541503906,64.5533447265625,33.90888977050781,48.23560311284051,29.135992217898863,,,36.776109083166666,23.380184073833334,26.63199815,15.4552125
2007-11-28,9560,12.99,0.0,0.0,0.0,0.0,22.84662908113835,17.16000193346071,16.749561309814453,14.879154205322266,23.332578659057617,15.936529159545898,18.778217315673828,16.615367889404297,26.3245849609375,20.626358032226562,1.035408560311284,0.5412451361867705,,,32.43354246166667,18.243838561666667,25.7492874,12.30956575
2007-12-04,71300,26.68,5.0,5.0,4.0,5.0,152.60001349175639,91.05348575730625,155.62330627441406,85.45210266113281,157.6444549560547,84.10769653320312,192.1265869140625,107.13172149658203,169.91162109375,91.89580535888672,21.58385214007781,11.49941634241244,,,33.68011959916666,12.575402953333333,32.708799049999996,12.911586
2007-12-19,14100,14.93,0.0,0.0,0.0,0.0,46.06793881055274,23.816996171415195,57.00405502319336,27.45257568359375,55.606143951416016,23.357017517089844,63.40772247314453,31.66942024230957,59.6294059753418,29.25320053100586,60.08190661478597,27.717120622568068,,,16.008412288333332,6.7728022333333335,11.116721199999999,6.77042815
2007-12-24,17800,16.25,1.0,1.0,0.0,1.0,56.42435953026747,32.152258185538,65.67057800292969,37.973297119140625,60.683929443359375,30.894895553588867,65.90438079833984,25.84600067138672,62.55793380737305,22.62179946899414,108.8789883268483,56.77704280155649,,,14.860834282333332,5.207838828333333,5.379005652,2.7204858
2007-12-30,12600,14.35,0.0,0.0,0.0,0.0,48.903483713106255,24.230629070311156,73.123779296875,40.608123779296875,48.134891510009766,17.946706771850586,59.954673767089844,31.53375816345215,65.32511138916016,30.725927352905273,72.07334630350195,38.48677042801555,,,36.239157956666666,12.5952287,39.4835865,15.117467000000001
2008-01-03,11500,13.86,1.0,1.0,0.0,1.0,18.871097524655738,10.188221809285093,29.12506103515625,20.246850967407227,37.51784133911133,19.423128128051758,32.24075698852539,16.562469482421875,34.47637176513672,17.465566635131836,30.496303501945526,16.097665369649803,,,31.087983773283334,11.99783254995,26.3661969,10.06662195
2008-01-05,15800,15.56,2.0,1.0,0.0,2.0,40.93076676574765,15.775424475879559,64.10171508789062,33.96171188354492,53.665321350097656,21.846158981323242,54.08811569213867,20.110393524169922,49.13752746582031,18.447124481201172,45.38424124513619,18.75856031128405,,,20.93123182333333,8.596594866666665,18.6261175,8.777437599999999
2008-01-10,13900,14.86,0.0,0.0,0.0,0.0,37.481772438916835,18.50280879332504,77.38391876220703,40.1126823425293,72.16552734375,35.914432525634766,66.15423583984375,38.67409896850586,70.02264404296875,32.04013442993164,72.14785992217894,47.59513618677038,,,20.869399091666665,8.073609166666666,18.01715585,8.27768
2008-01-14,18000,16.3,0.0,1.0,0.0,1.0,24.518791597852275,14.992407275431471,43.89141082763672,29.73118782043457,29.286046981811523,14.750846862792969,25.846969604492188,12.569001197814941,36.71124267578125,18.579713821411133,32.963424124513594,23.306031128404644,,,20.991678924333332,12.910587533333333,13.340287417999999,6.2825748500000005
2008-02-01,10200,13.26,0.0,0.0,0.0,0.0,58.866091805024084,21.843386250745727,47.01121520996094,21.261638641357422,52.432411193847656,17.958297729492188,44.652870178222656,22.55677604675293,64.40396118164062,30.361417770385742,60.87276264591446,22.990466926070066,,,30.991275960000003,12.729401643333333,17.05295625,8.1919875
2008-02-09,16300,15.71,1.0,1.0,1.0,1.0,102.81856583819561,41.55001331515339,97.83442687988281,53.91811752319336,79.87779998779297,37.06218719482422,102.26905822753906,51.12971878051758,112.91024017333984,59.247711181640625,104.3070038910506,56.96225680933856,,,25.044169671833334,9.641873683333333,23.329734350000003,9.475133750000001
2008-03-04,11700,13.95,0.0,0.0,0.0,0.0,35.61944164138378,19.629464594857414,36.79267883300781,17.364574432373047,22.65627098083496,16.645204544067383,29.470226287841797,15.294321060180664,30.20266342163086,15.539464950561523,18.85603112840466,16.08015564202334,,,21.933220786666666,10.02178655,11.76171205,4.34593355
2008-03-11,18300,16.37,1.0,1.0,0.0,1.0,24.89490442967842,19.540883396597255,34.37714385986328,24.57916831970215,31.88565444946289,14.38026237487793,34.263877868652344,19.438295364379883,32.13387680053711,21.609621047973633,34.372762645914406,24.07801556420235,,,18.191509174333333,7.577714950000001,5.138545715,3.2887285
2008-03-26,12300,14.23,0.0,0.0,0.0,0.0,33.38357554822911,25.474252412697552,29.168601989746094,13.594346046447754,20.542232513427734,10.52592658996582,21.309967041015625,11.402883529663086,35.04350280761719,14.764283180236816,13.936381322957203,9.820038910505842,,,7.848352658333333,3.383313865666667,4.8786153795,2.9420077
2008-05-14,14100,14.91,2.0,2.0,2.0,2.0,17.324288695061668,13.266801125232849,17.572921752929688,9.80482006072998,14.89328670501709,9.802721977233887,13.406428337097168,6.657992839813232,19.061092376708984,10.394609451293945,16.563035019455242,9.520233463035009,,,4.988271824066666,3.032607052399999,0.4904263437,0.28061342
2008-05-20,56200,24.53,1.0,1.0,1.0,1.0,12.397565979614718,12.388307853479002,16.211326599121094,16.20248794555664,26.236896514892578,16.392850875854492,13.631449699401855,13.630623817443848,4.086565971374512,3.8659355640411377,32.65972762645914,27.33268482490272,,,3.498891618295,2.0997054109866666,2.023265236925,1.5073067
2008-06-06,25700,18.62,0.0,0.0,0.0,0.0,34.1130765094128,16.98175336115675,31.163860321044922,20.115365982055664,20.505645751953125,12.010198593139648,32.27637481689453,18.13994026184082,27.289976119995117,16.88617515563965,25.02762645914397,14.443968871595327,,,11.961204526,5.514770366666667,5.275360450000001,3.20039975
2008-08-01,13300,15.05,1.0,0.0,0.0,1.0,24.18015483927728,15.120061168251256,16.58732032775879,8.79555892944336,21.297094345092773,16.11782455444336,16.8039608001709,9.631219863891602,18.69088363647461,11.078386306762695,12.25272373540857,8.522762645914407,,,1.8408302367833334,0.9353528433333334,0.041872585500000004,0.04087218
2008-08-11,12500,14.77,0.0,0.0,0.0,0.0,13.168334612028314,9.785502874258599,11.008115768432617,7.285381317138672,8.714553833007812,8.363727569580078,9.579950332641602,7.439965724945068,9.713622093200684,8.338239669799805,5.7392996108949355,4.435603112840461,,,1.0923728432333335,0.7692027833333334,0.1917829562,0.19074205
2008-08-20,13100,14.97,1.0,1.0,1.0,1.0,20.919583190134798,15.931495240723882,35.361968994140625,25.65066146850586,45.20802307128906,24.9284610748291,24.403535842895508,22.174951553344727,27.159358978271484,20.899234771728516,52.26322957198445,41.68657587548639,,,1.43837315605,0.8336707083333333,0.37303335815000005,0.35847320000000005
2008-08-23,15400,15.78,0.0,3.0,3.0,3.0,49.29097326994512,29.9254837701699,16.744142532348633,16.402042388916016,17.740108489990234,17.740108489990234,23.267688751220703,23.215431213378906,18.81590461730957,18.79033851623535,22.451556420233448,22.25233463035018,,,7.351002500833334,3.9674777333333338,0.4115373025,0.4115373025
2008-08-29,16000,15.98,3.0,3.0,3.0,3.0,35.23843211757578,15.509279152631304,21.38905143737793,16.799468994140625,31.552410125732422,11.600349426269531,25.63227081298828,15.835928916931152,34.93013000488281,15.51010799407959,35.61926070038912,15.797859922178997,,,2.1148483026666667,1.4480063733333335,0.224550505,0.203251135
2008-09-06,9750,13.64,1.0,0.0,0.0,1.0,0.01872657751108041,0.01872657751108041,0.004642242565751076,0.0038404236547648907,0.0,0.0,0.10860983282327652,0.08784116059541702,0.1655963957309723,0.1086871474981308,0.0,0.0,,,8.055893947166666,6.369893670166667,1.1799225530000002,1.049568767
2008-09-23,7550,12.62,0.0,0.0,0.0,0.0,26.52065584699162,13.807108990320968,7.297904014587402,4.167729377746582,14.566840171813965,8.013970375061035,6.393802165985107,4.044538974761963,6.976515293121338,6.098308563232422,12.014202334630342,5.851361867704275,,,9.689731861945667,4.156055299999999,3.069983537,2.07859995
2008-10-04,6580,12.1,2.0,1.0,0.0,2.0,16.920996187283055,12.106659674051842,18.301143646240234,9.510237693786621,36.09780502319336,16.307676315307617,27.445831298828125,21.44805335998535,18.61600112915039,8.97843074798584,39.23638132295721,26.946108949416352,,,19.162003044499997,10.982555099999999,10.841413918499999,5.5798485
2008-10-07,11200,14.22,1.0,1.0,1.0,1.0,50.89322749456706,29.917542977269246,39.620933532714844,19.847333908081055,42.62366485595703,23.589412689208984,41.708152770996094,24.79258918762207,43.413536071777344,22.821767807006836,51.07762645914397,29.19513618677043,,,6.4946039750499995,3.8663149999999997,3.4405059951499997,2.15580815
2008-10-11,7540,12.62,0.0,0.0,0.0,0.0,1.7394416820862015,1.501420650443322,0.5184054374694824,0.35183659195899963,0.21385428309440613,0.21385428309440613,2.1167893409729004,1.483113408088684,1.5563044548034668,0.8020370006561279,0.42976653696498074,0.3126459143968874,,,31.31418413775,20.131441690000003,10.535436811499999,5.830458699999999
2008-10-16,8160,12.93,0.0,1.0,2.0,2.0,23.66805165438903,20.04897326219606,6.852550029754639,4.864073753356934,10.010433197021484,4.145447254180908,11.708486557006836,8.143379211425781,22.23575782775879,11.132634162902832,9.301750972762642,4.378793774319062,,,10.133398935333334,4.050150403333333,4.512564267999999,2.740618
2008-10-25,6920,12.29,2.0,1.0,1.0,2.0,1.8710038252190437,1.4841892926775215,1.483621597290039,1.3639103174209595,1.186148762702942,1.0068734884262085,0.3751627206802368,0.21483752131462097,3.9812064170837402,2.582502603530884,2.037937743190661,1.375486381322956,,,50.03139692276667,22.891293666666666,45.69105265,24.3619805
2008-11-02,8170,12.94,2.0,2.0,2.0,2.0,20.860022930695273,9.83859844690983,28.431095123291016,16.22724151611328,28.648799896240234,11.649009704589844,27.69417953491211,15.17525577545166,29.06525421142578,13.455911636352539,29.708171206225668,10.515564202334627,,,37.397412322166666,16.945974059333334,33.91915615,13.423937
2008-11-09,29500,20.84,4.0,2.0,0.0,4.0,122.67752205573349,62.56433275051372,96.77458190917969,58.156707763671875,54.93385696411133,37.22856521606445,73.14855194091797,47.002010345458984,85.88868713378906,59.66598892211914,91.86926070038909,62.6359922178988,,,24.54525354811667,10.420031015000001,10.957222219999998,5.58113415
2008-11-13,60000,26.49,4.0,3.0,3.0,4.0,121.1252694974438,69.71105348995494,88.09410858154297,46.425628662109375,100.91304779052734,53.76716232299805,95.11046600341797,61.02367401123047,110.17170715332031,81.93203735351562,83.07217898832685,70.07120622568094,,,37.073375255,13.787284833333336,37.676311,14.0705375
2008-11-23,11500,15.29,0.0,0.0,0.0,0.0,29.649229462990398,14.740250494466457,35.61226272583008,20.141822814941406,11.506762504577637,7.909603118896484,19.640962600708008,10.824957847595215,29.746440887451172,18.308223724365234,12.784241245136187,9.230350194552527,,,23.933754152516666,11.589922891666667,17.005969198,11.115485
2008-11-30,13200,15.97,1.0,1.0,1.0,1.0,36.490087951845126,17.40202292839838,22.73714256286621,16.575023651123047,26.173030853271484,13.494376182556152,21.20778465270996,10.314309120178223,26.751983642578125,12.387107849121094,38.475486381322945,21.657976653696497,,,19.006720477333335,6.903048683333334,16.4720053,6.084203799999999
2009-01-02,7770,13.42,0.0,0.0,0.0,0.0,57.35780689433702,23.08540348979301,,,,,44.25294494628906,25.844730377197266,47.84743118286133,24.445960998535156,,,,,33.649134829999994,14.980390578333335,27.02676625,17.524720000000002
2009-01-08,72900,27.74,4.0,4.0,4.0,4.0,232.7683444232831,112.42822391626711,174.09506225585938,97.62925720214844,193.34591674804688,89.18240356445312,182.24708557128906,103.56344604492188,203.1248779296875,113.8020248413086,286.5651750972764,152.66731517509737,,,19.108733528666665,7.7358680595,6.593532751,4.71632015
2009-01-10,34400,21.3,2.0,1.0,1.0,2.0,146.32679746107664,112.42822391626711,82.35662841796875,56.040283203125,46.38068771362305,24.9257869720459,56.478851318359375,47.55194091796875,78.49454498291016,51.74376678466797,75.29435797665364,52.909143968871554,,,18.058052500833334,8.139335916666665,10.447661867499999,5.27449155
2009-01-29,10200,14.04,0.0,0.0,0.0,0.0,18.862449332671044,10.501673034967473,23.84632682800293,14.983745574951172,16.637901306152344,11.391073226928711,20.770782470703125,13.4179105758667,25.458406448364258,11.302751541137695,19.04610894941635,16.437743190661486,,,23.73206655833333,11.010589583333333,5.76880605,3.75472925
2009-02-28,8230,13.06,1.0,0.0,0.0,1.0,23.269235226871263,19.732730434228085,8.193976402282715,8.113787651062012,8.010454177856445,4.791445255279541,4.172235488891602,4.1699442863464355,4.766920566558838,4.581980228424072,3.9453307392996115,2.0785992217898848,,,30.55974961916667,17.495412746166668,16.90498528,8.6934065
2009-04-14,18200,16.34,0.0,0.0,0.0,0.0,57.343919696482196,42.35756214171021,54.79689407348633,30.75286865234375,43.4814453125,34.37712097167969,54.94390869140625,28.170848846435547,48.61062240600586,24.170856475830078,63.774124513618716,47.518482490272405,,,12.8099740469,5.443625795,5.478296355,3.60240005
2009-05-05,18400,16.41,1.0,1.0,0.0,1.0,21.674386238886076,16.318889103701647,50.007225036621094,38.809932708740234,39.529457092285156,27.68073844909668,47.3511848449707,35.890380859375,48.69704818725586,31.920461654663086,56.790856031128385,42.58463035019454,,,29.727591121666663,10.804008583333333,25.505925500000004,9.344888000000001
2009-05-09,17700,16.83,0.0,0.0,0.0,0.0,38.46134610651849,28.169250503780738,29.75602149963379,29.06084442138672,10.649857521057129,10.43414306640625,31.9539852142334,31.05609130859375,37.054203033447266,30.54452896118164,14.470817120622561,12.080350194552526,,,12.543368696346,5.595219624166667,2.518897775,1.23715453
2009-06-24,15000,16.28,2.0,2.0,1.0,2.0,9.735131923469668,6.816726564449288,2.081634044647217,1.4815868139266968,7.609714508056641,5.5331878662109375,8.552176475524902,6.322820663452148,2.512277126312256,1.557399868965149,12.350194552529182,8.7704280155642,,,15.15691127,8.445384393333333,13.312092700000001,7.620782350000001
2009-07-08,14500,16.06,0.0,0.0,0.0,0.0,12.146196935508609,10.149499035645393,6.584653377532959,3.556859016418457,7.27452278137207,4.952035903930664,3.273423194885254,2.0871517658233643,7.629372596740723,4.383820533752441,5.586186770428012,4.643385214007778,,,0.568968893,0.273748128,0.003362534,0.003362534
2009-08-11,8090,13.23,2.0,2.0,1.0,2.0,27.537441714259664,27.140762936316758,4.739889621734619,4.228507995605469,25.291946411132812,18.244293212890625,27.63688850402832,17.485393524169922,35.597679138183594,17.82648277282715,33.838521400778205,21.042607003891053,,,1.6341041255,1.0131869333333332,0.21522404,0.21522404
2009-08-15,7180,12.71,0.0,0.0,0.0,0.0,13.645831733547155,9.155925424516656,2.962477445602417,1.5682687759399414,13.885146141052246,9.299798965454102,8.353312492370605,6.860341548919678,11.450287818908691,9.756232261657715,14.710894941634244,9.445719844357981,,,11.770136716993335,5.378190041260001,5.4912433922,3.9658764499999997
2009-09-05,7570,12.95,1.0,1.0,0.0,1.0,20.55641490167557,13.367860423690813,18.72174835205078,16.228429794311523,32.791229248046875,17.991348266601562,23.396875381469727,18.620624542236328,13.486159324645996,11.566081047058105,32.54630350194554,21.35116731517512,,,3.5856080400000003,1.2493463233333333,1.3148587200000001,1.19737877
2009-09-09,8930,13.65,0.0,0.0,0.0,0.0,41.727887187231005,34.070049716227366,28.793170928955078,21.795822143554688,11.555685043334961,7.489809036254883,29.413923263549805,24.638017654418945,16.860767364501953,12.427151679992676,15.925486381322951,11.383852140077817,,,6.696519314833333,4.276542037333333,1.9909414125,1.591872
2009-09-19,7560,12.94,2.0,2.0,2.0,2.0,3.6978221831219558,2.788191208619683,10.101692199707031,7.444160461425781,15.860627174377441,10.836935997009277,7.865077018737793,7.047367095947266,17.21843719482422,15.464574813842773,14.109533073929963,13.722762645914399,,,4.783417831616667,2.370259152666667,1.5921258418500002,1.02589448
2009-10-02,5770,11.83,0.0,0.0,0.0,0.0,27.344942606451347,14.14310706505128,11.44084644317627,8.316372871398926,16.727312088012695,10.307731628417969,16.19941520690918,7.559804439544678,21.111061096191406,10.037179946899414,20.600583657587535,8.491828793774312,,,9.618692250225,7.60004262,2.48007902465,1.86469011
2009-10-14,4980,11.28,2.0,1.0,1.0,2.0,5.359087957772222,4.985556407936673,37.437583923339844,22.01859474182129,22.793624877929688,17.585908889770508,29.632829666137695,27.33076286315918,26.09882354736328,24.33426856994629,35.82256809338522,32.098638132295726,,,27.11448814233333,10.851486365,22.730462595,8.447253595
2009-10-18,29200,20.35,4.0,4.0,0.0,4.0,106.74991970399597,52.94858127433529,84.46866607666016,55.39344787597656,105.53522491455078,50.01363754272461,71.28323364257812,56.51968002319336,88.93199157714844,67.55863952636719,111.26731517509722,69.30447470817117,,,21.08911986,8.901862916666667,18.0438328,7.4496472
2009-10-23,10900,14.63,1.0,1.0,0.0,1.0,20.535208451860793,11.515674962596274,41.151039123535156,29.528133392333984,53.159847259521484,32.5681037902832,47.73667907714844,38.6843147277832,41.19932556152344,23.64302635192871,55.711284046692604,42.79066147859921,,,33.720324567333336,14.558109266666667,27.723569149999996,10.999804000000001
2009-10-26,19800,17.69,1.0,1.0,1.0,1.0,71.52773802355554,41.21856021972277,27.338951110839844,18.987857818603516,56.829551696777344,30.060550689697266,55.110965728759766,53.166526794433594,55.09129333496094,52.69700241088867,78.88073929961097,63.04805447470824,,,20.94737749316667,9.646572583333333,17.2984456,7.03680825
2009-10-28,19500,17.76,4.0,4.0,0.0,4.0,67.53464621996389,35.029627124392505,24.897024154663086,18.987857818603516,39.58830642700195,30.060550689697266,59.13047409057617,53.166526794433594,59.52507400512695,52.69700241088867,67.34182879377438,63.04805447470824,,,18.803530436,9.646572583333333,13.380135329999998,7.03680825
2009-11-06,26800,19.79,2.0,2.0,2.0,2.0,37.76891397736587,37.63428491479352,52.27686309814453,41.41971969604492,56.709678649902344,32.20638656616211,57.01604080200195,45.69843292236328,55.55585479736328,37.438838958740234,63.13560311284049,34.55311284046696,,,37.52954574726667,18.1116766406,25.390703419999998,11.6657543
2009-11-09,22100,18.55,1.0,1.0,1.0,1.0,64.58461954186797,28.11449717563607,42.043460845947266,25.579879760742188,44.89093780517578,23.615558624267578,55.582115173339844,33.24462127685547,70.31489562988281,29.03647232055664,58.424319066147845,37.014007782101146,,,36.700218244750005,17.983649993333334,20.656722768999998,8.63427635
2009-11-17,66000,26.97,4.0,4.0,0.0,4.0,105.25617979008199,68.20105551943952,126.77822875976562,48.95397186279297,118.58946228027344,63.89432144165039,120.74464416503906,47.86453628540039,134.2660369873047,54.45244216918945,122.32140077821009,48.909727626459116,,,31.423041183833334,12.692370721666668,19.43015545,7.690675000000001
2009-11-18,58400,25.81,1.0,1.0,1.0,1.0,128.21729642642845,68.20105551943952,109.40596008300781,48.95397186279297,117.10148620605469,63.89432144165039,104.84803771972656,47.86453628540039,114.93394470214844,54.45244216918945,94.68579766536959,48.909727626459116,,,26.610047118833332,9.534172932166667,18.22681665,7.690675000000001
2009-11-26,47900,24.05,2.0,2.0,2.0,2.0,53.47398665575328,29.473072662864087,36.32391357421875,24.519943237304688,37.8034553527832,23.02163314819336,39.500816345214844,27.83053207397461,54.68794250488281,31.369569778442383,62.80233463035019,38.68599221789882,,,33.0989691655,17.33217981666667,17.520758299999997,8.31718545
2009-12-01,25700,19.51,0.0,0.0,0.0,0.0,33.742170157584134,13.956848957342581,24.4400691986084,18.138309478759766,16.095245361328125,8.950356483459473,11.10432243347168,5.6291069984436035,30.13078498840332,15.98591423034668,17.344747081712068,9.28093385214008,,,23.538176533333335,8.823291083333332,20.711712900000002,7.8087577999999995
2009-12-21,22500,18.58,1.0,1.0,0.0,1.0,40.56013000752228,23.855183573457523,83.21495056152344,41.30060577392578,42.8914794921875,17.84893226623535,53.726318359375,34.840431213378906,41.02965545654297,30.056678771972656,79.35272373540859,38.80856031128406,,,16.792530935316666,7.707545557083333,15.058473,7.82370965
2010-01-03,20700,18.1,0.0,0.0,0.0,0.0,70.52039768328858,36.45898086824107,80.79859924316406,45.47430419921875,48.21894836425781,28.666501998901367,81.39120483398438,39.3361930847168,64.12556457519531,32.53821563720703,128.4599221789884,37.16245136186773,,,27.585677648666667,11.585885800333335,13.0792989,6.5157937
2010-01-09,17400,17.12,1.0,2.0,1.0,2.0,26.180066965956215,21.954663529222827,38.081153869628906,22.169469833374023,23.850040435791016,14.633977890014648,22.319448471069336,19.883930206298828,35.92533493041992,26.17537498474121,26.945525291828776,22.16245136186769,,,45.782729878333335,21.6810535,43.087075250000005,18.844594999999998
2010-01-12,33300,21.33,3.0,3.0,3.0,3.0,47.54835754902352,34.94709560383346,108.01608276367188,56.969444274902344,51.85313415527344,27.828266143798828,35.068458557128906,19.17410659790039,40.4212760925293,28.350950241088867,55.445525291828815,30.388521400778224,,,16.057773983,7.667367364666667,7.967969135000001,3.5801934
2010-01-14,28100,20.13,2.0,2.0,2.0,2.0,69.49567304286629,34.94709560383346,87.19983673095703,49.21950149536133,43.69249725341797,18.637279510498047,40.035072326660156,15.892719268798828,66.57766723632812,28.350950241088867,53.703307392996145,21.097081712062284,,,23.851654651333334,8.468307266666665,10.90094526,5.7722573
2010-01-17,30800,20.37,1.0,1.0,0.0,1.0,53.76825049473952,25.938357568379796,87.0555191040039,79.6705551147461,35.880577087402344,20.905662536621094,46.9840202331543,39.69099044799805,95.90196228027344,83.71568298339844,35.64338521400778,28.57237354085603,,,25.180277792116662,10.866066433333332,8.87077316485,5.4802852
2010-01-26,12700,14.95,0.0,0.0,0.0,0.0,14.112634801797313,9.816022941760762,18.428359985351562,15.323509216308594,14.900421142578125,10.065163612365723,19.771791458129883,17.61151695251465,18.779619216918945,14.544532775878906,13.343579766536957,10.023151750972753,,,15.466573507116667,8.051862528783333,7.53397077,5.554461
2010-02-14,11600,14.51,1.0,1.0,1.0,1.0,37.0118394208,12.879030604891295,61.17424392700195,26.84218978881836,33.19013977050781,11.799613952636719,48.74518966674805,23.117469787597656,64.6369400024414,24.85877799987793,34.036770428015565,14.278793774319066,,,16.710801047833336,7.558824412833334,7.440088785,3.9981268
2010-02-18,9750,13.68,0.0,0.0,0.0,0.0,15.310441654225603,10.427801129466944,18.1395320892334,18.074756622314453,8.702278137207031,8.702278137207031,13.803351402282715,13.78101634979248,22.945093154907227,22.85114860534668,11.88210116731517,11.825486381322952,,,12.658545918333335,5.729150266666667,8.59151218,6.4632658
2010-02-26,9880,13.73,1.0,0.0,0.0,1.0,18.322118540155124,10.853869980824381,36.006534576416016,16.214557647705078,29.21927261352539,12.476256370544434,37.00287628173828,15.461918830871582,43.099090576171875,16.407970428466797,27.48443579766537,12.658560311284036,,,12.854366504708334,5.82848109,3.58074508215,2.89794537
2010-03-12,7850,12.71,0.0,0.0,0.0,0.0,28.147684492224233,24.61083172293056,40.62717056274414,22.99883270263672,44.48524475097656,24.703096389770508,47.88188552856445,23.32979393005371,41.51079177856445,25.194778442382812,41.13696498054474,23.6556420233463,,,19.85313474666667,7.774841701666666,17.480550299999997,6.94275835
2010-03-17,8510,13.06,2.0,1.0,1.0,2.0,15.859441698953976,10.790929263568062,19.59347152709961,10.666901588439941,17.13258934020996,9.262136459350586,11.976326942443848,7.539150714874268,17.4818058013916,8.921863555908203,15.24961089494164,9.757587548638137,,,29.393947165,10.340569105,18.839792950000003,6.948783000000001
2010-03-23,10800,14.18,0.0,0.0,0.0,0.0,20.636755268344565,14.93328680955657,28.643314361572266,14.793017387390137,16.09710121154785,12.52615737915039,20.38750457763672,11.403077125549316,25.5694522857666,13.821940422058105,15.943190661478596,13.229766536964979,,,44.37510380066667,15.678765474,28.01509735,12.9047215
2010-03-29,12200,,1.0,1.0,1.0,1.0,32.63034226213997,21.367275343798315,53.72990798950195,42.1265754699707,49.839866638183594,24.646135330200195,54.63947296142578,42.2060432434082,54.33955001831055,36.26283264160156,47.72392996108948,23.391050583657584,,,18.16729091266667,8.314240625,12.8481837,6.218647649999999
2010-04-09,13500,15.29,0.0,0.0,0.0,0.0,38.99998473232152,17.3857476059383,49.71986770629883,24.74554443359375,35.10333251953125,18.10584259033203,34.3409423828125,19.917665481567383,46.81580352783203,26.53126335144043,33.19513618677042,19.186575875486373,,,21.990180897116666,11.515356983333332,14.730762550000001,6.92147465
2010-04-26,11400,14.43,1.0,0.0,0.0,1.0,17.342447405552576,9.170145312641136,18.88018798828125,12.662408828735352,16.9915771484375,8.762002944946289,24.10344886779785,17.53700828552246,19.976478576660156,15.369213104248047,16.04747081712062,8.15077821011673,,,11.24560894395,4.426605104999999,5.026853115,2.224958425
2010-05-03,15300,15.93,1.0,1.0,1.0,1.0,30.090902482574347,19.223913960429496,32.996280670166016,27.804500579833984,47.669593811035156,25.589143753051758,46.05952835083008,36.81610107421875,50.949317932128906,41.39008712768555,49.547665369649806,24.54747081712063,,,14.758027228333335,7.6094869,4.654995645,2.0077637
2010-05-07,14000,15.51,0.0,0.0,0.0,0.0,10.24979351225699,5.697694082731955,2.635833740234375,1.5730116367340088,5.753489971160889,5.735142230987549,11.755061149597168,6.396707057952881,9.661709785461426,6.215742588043213,2.440077821011674,2.315369649805448,,,7.904088452766667,3.805034883333333,6.90893986,4.93364415
2010-05-20,22800,18.34,1.0,0.0,0.0,1.0,23.809621410357124,14.197388147532825,27.60036849975586,19.273757934570312,29.002593994140625,13.27665901184082,33.0317268371582,25.245628356933594,28.573135375976562,15.67911434173584,29.9577821011673,15.184241245136175,,,5.309208642683334,3.72394264495,0.9047838698499999,0.40069932
2010-05-28,17200,16.6,0.0,0.0,0.0,0.0,28.441443615091742,19.65650096404621,23.598613739013672,11.908211708068848,34.492706298828125,19.7083740234375,44.771697998046875,34.49761962890625,34.02970886230469,17.05201530456543,35.4,18.926848249027234,,,4.280004733833333,1.817013815,0.7489955214999999,0.32178518
2010-06-02,21400,17.95,1.0,0.0,0.0,1.0,16.615868069989656,7.194544941642772,52.07862854003906,33.08518981933594,33.57010269165039,17.40926170349121,42.19466781616211,29.81597900390625,48.7075080871582,29.699586868286133,30.38579766536963,19.089299610894923,,,7.740463438166666,2.997493825,3.994861715,1.53065995
2010-06-09,24000,18.66,0.0,0.0,0.0,0.0,25.3233174031839,13.107644353496413,22.410051345825195,21.360923767089844,20.69007110595703,9.279324531555176,24.874847412109375,12.957023620605469,14.845947265625,7.866562366485596,18.78482490272372,8.791828793774307,,,10.743846195666666,6.26887135,3.6954437220000003,2.13676265
2010-07-04,15800,16.14,1.0,0.0,0.0,1.0,3.2476099399668583,2.287816442335541,3.7542777061462402,3.1410913467407227,2.8959639072418213,1.8630938529968262,3.1002941131591797,1.7111539840698242,8.957259178161621,6.697670936584473,1.6571984435797664,1.0593385214007782,,,13.52983923,6.4471165033333335,7.4143557,3.18230245
2010-07-10,27300,19.53,1.0,0.0,0.0,1.0,0.0,0.0,0.007336849812418222,0.007336343638598919,0.0,0.0,1.967994421647745e-06,1.967994421647745e-06,0.07788856327533722,0.0772445797920227,0.0,0.0,,,7.660513343333333,3.0999502333333333,4.01665803,2.0305607
2010-08-10,12800,15.03,0.0,0.0,0.0,0.0,10.28193689677103,5.847300181197391,2.833707094192505,1.3492560386657715,5.816323280334473,4.6430182456970215,6.453324317932129,2.760228395462036,3.0233757495880127,2.5048952102661133,3.3194552529182904,2.651556420233465,,,2.8334527613500002,1.419197826666667,0.025992239049999998,0.01874741
2010-09-01,9380,13.49,2.0,0.0,0.0,2.0,33.09655066924352,28.176229433165453,22.65930938720703,14.461703300476074,31.30345916748047,24.246660232543945,20.3643856048584,9.8120756149292,14.242401123046875,10.589537620544434,27.294163424124534,26.209533073929983,,,1.9377953860000003,1.4874663743333336,0.041007478,0.035621293
2010-09-07,6290,11.78,0.0,0.0,0.0,0.0,16.210395778383994,13.280904384233756,6.884954452514648,5.259062767028809,21.129140853881836,13.311376571655273,19.966876983642578,15.57652759552002,26.537525177001953,21.498340606689453,20.603501945525295,12.881128404669262,,,8.964317915,4.385472200000001,4.271084,3.3223948500000002
2010-09-13,11400,14.45,0.0,1.0,1.0,1.0,20.248252388304252,15.94113192913865,1.2002147436141968,0.8605937957763672,18.726030349731445,13.977850914001465,12.384990692138672,11.527886390686035,9.733948707580566,8.914215087890625,16.975680933852143,15.167120622568095,,,1.4044126438333333,0.5880822366666667,0.3366144915,0.274725345
2010-09-20,15800,16.15,0.0,0.0,0.0,0.0,52.53873606188576,26.118409112238293,53.47332000732422,24.214553833007812,66.8609390258789,27.6256160736084,67.57897186279297,23.89739418029785,81.15938568115234,38.614219665527344,68.82859922178984,24.981322957198422,,,13.352290267823333,6.40350475,7.588698285,7.08245325
2010-09-26,12400,14.88,4.0,4.0,4.0,4.0,19.733405356952495,10.937349910375948,30.439083099365234,27.128814697265625,23.67742919921875,10.825510025024414,17.135820388793945,10.86858081817627,29.47682762145996,22.203683853149414,18.362840466926066,10.808365758754858,,,28.213197276333332,14.691810211333333,3.433017829,2.4574511340000003
2010-09-28,16400,16.35,3.0,2.0,2.0,3.0,30.369336510237385,11.796476094077125,31.308164596557617,27.128814697265625,30.475215911865234,10.825510025024414,17.26035499572754,10.86858081817627,31.923982620239258,22.203683853149414,21.21653696498054,10.808365758754858,,,11.13599536006,4.675605065,1.73331128635,0.975566695
2010-10-04,8160,12.88,0.0,0.0,0.0,0.0,1.1734187364007078,0.5579923508765824,0.3572247326374054,0.245396688580513,0.32918500900268555,0.21480748057365417,0.11438095569610596,0.09070046991109848,1.229746699333191,1.2090091705322266,0.5068093385214009,0.25058365758754864,,,17.384108813333334,8.62824328,7.654987650000001,3.9623806
2010-10-10,17400,16.02,4.0,4.0,4.0,4.0,54.22602487229973,47.62781072802571,64.82461547851562,43.728851318359375,65.8057861328125,39.46444320678711,55.392459869384766,42.953880310058594,80.1949462890625,50.2947883605957,70.31050583657586,47.25856031128405,,,10.069588321666666,4.762646595,2.227647365,1.32884015
2010-10-17,12500,15.33,0.0,0.0,0.0,0.0,2.3807858491330243,1.7538030572817884,0.582337498664856,0.5823374390602112,0.17944656312465668,0.17944656312465668,1.070833444595337,1.0708191394805908,1.8642715215682983,1.8635390996932983,0.12276264591439688,0.08968871595330738,,,13.016074265666667,6.642785983333333,1.3061865285,1.1230555500000001
2010-10-24,11600,14.91,2.0,1.0,1.0,2.0,15.799281067717295,11.766388144821327,29.154191970825195,24.61781883239746,32.55429458618164,19.612638473510742,38.64781951904297,35.001731872558594,42.97627258300781,33.88532638549805,44.44066147859925,27.618482490272395,,,38.82900144633333,24.475733200833332,18.766250069999998,8.1674595
2010-11-02,29000,20.33,3.0,3.0,3.0,3.0,69.57816636402794,41.8427514336989,60.449378967285156,37.062171936035156,54.624794006347656,37.43292999267578,67.04239654541016,51.41600799560547,89.9086685180664,66.99688720703125,64.35447470817124,47.36089494163427,,,44.07393983833333,18.180971605,28.562676500000002,10.913921
2010-11-04,15600,16.44,0.0,0.0,1.0,1.0,43.094975143929915,41.8427514336989,6.305257320404053,6.305222511291504,2.2821831703186035,2.2821831703186035,2.749271869659424,2.749271869659424,3.9384286403656006,3.9383084774017334,1.1087548638132294,0.9632295719844356,,,35.91047563810667,15.469987998833334,24.042244099999998,8.785769
2010-11-16,25500,19.41,3.0,3.0,3.0,3.0,49.53226003273039,35.50329062131805,52.403079986572266,32.47280502319336,50.105918884277344,31.373502731323242,58.14079284667969,29.90586280822754,67.19281768798828,33.66973876953125,59.52684824902724,39.0579766536965,,,23.182844990000003,8.792005066666666,21.27888515,8.996525
2010-11-20,16200,16.7,0.0,0.0,0.0,0.0,41.80986225998197,24.453718881989985,35.85734558105469,14.854982376098633,19.544368743896484,10.480631828308105,31.9620361328125,14.486574172973633,30.92003631591797,19.00046157836914,19.332879377431894,12.869844357976637,,,35.1869940235,14.098897233333334,18.80719645,7.677861999999999
2010-11-29,11000,14.68,1.0,1.0,1.0,1.0,21.285810704176743,13.907282985077305,12.904230117797852,7.5848002433776855,22.074352264404297,13.407423973083496,11.680913925170898,8.881296157836914,18.95764923095703,14.365331649780273,22.94513618677043,16.432101167315174,,,32.476711813416664,13.339822313416667,21.40184614,8.33468899
2010-12-08,12100,15.11,2.0,2.0,2.0,2.0,15.601275337802115,14.092818357292598,34.7030029296875,29.73384666442871,45.14253616333008,31.0347900390625,36.44340896606445,33.47956848144531,38.221981048583984,34.75166320800781,50.41945525291828,34.07140077821012,,,29.770996972666666,12.988381439999998,21.65451655,9.5241255
2010-12-13,83500,29.25,3.0,0.0,0.0,3.0,142.1188586196198,81.95694262393346,84.67738342285156,81.37187957763672,129.88685607910156,68.0371322631836,113.96769714355469,97.48014831542969,99.9140853881836,89.88153839111328,160.68385214007782,80.85875486381318,,,32.062026811166675,12.39966451166667,24.1466863,11.0507065
2010-12-17,17900,18.67,0.0,0.0,0.0,0.0,24.54437665663144,16.917422543520225,23.06308364868164,20.390865325927734,7.7171735763549805,7.207328796386719,12.894635200500488,10.034899711608887,24.09546661376953,17.905847549438477,5.532295719844359,4.0231517509727635,,,10.34607736095,4.960092841999999,4.91879095,1.974131425
2010-12-26,10300,15.72,3.0,3.0,3.0,3.0,38.867145366923985,17.011707517430615,56.95928955078125,21.51548957824707,39.60990905761719,17.291173934936523,36.39323425292969,12.906322479248047,48.96631622314453,20.710853576660156,36.51945525291826,18.050972762645895,,,35.91690797333334,13.966269223333333,15.9110077,6.6836441
2010-12-30,9480,15.35,0.0,0.0,0.0,0.0,26.151579352512414,12.1029885389039,17.093204498291016,16.474979400634766,16.279190063476562,8.346983909606934,17.624465942382812,16.295867919921875,17.27008056640625,12.92280387878418,16.26575875486382,11.662840466926076,,,36.87830578416667,14.6791116675,23.934908255,13.2074855
2011-01-07,13200,16.95,2.0,2.0,2.0,2.0,41.406676869615055,22.804428299344064,116.75617980957031,47.78779983520508,56.598731994628906,21.756240844726562,74.97673797607422,29.316692352294922,78.69271087646484,32.6587028503418,76.99863813229577,30.568287937743207,,,43.467524741666665,18.281351693333335,42.6368322,22.058066
2011-01-12,10100,15.65,1.0,1.0,0.0,1.0,23.764772481417477,15.778365209955103,41.115989685058594,41.094207763671875,43.197357177734375,26.850299835205078,39.03389358520508,39.01483154296875,38.7170524597168,38.69645309448242,60.27120622568095,58.5433852140078,,,30.405047359,13.747301607333336,24.78375555,11.885964999999999
2011-01-14,28700,21.59,1.0,1.0,1.0,1.0,90.26429825576724,46.39771317159241,120.25544738769531,50.089263916015625,89.50439453125,35.721351623535156,98.8865966796875,39.01483154296875,101.61305236816406,38.69645309448242,138.0791828793774,58.5433852140078,,,41.53455149833333,17.040856169999998,42.3445102,17.322225500000002
2011-01-17,74700,29.21,2.0,2.0,2.0,2.0,142.12097709769841,69.46906134640054,104.37107849121094,53.99032211303711,111.6855239868164,61.92334747314453,106.89181518554688,52.571109771728516,82.79325866699219,42.345703125,144.49649805447473,92.34241245136185,,,53.50993953333334,23.057044833333332,48.604564499999995,26.813170999999997
2011-01-20,26000,20.99,1.0,0.0,0.0,1.0,21.4658680894222,14.885881474551462,14.760764122009277,13.550397872924805,21.40641975402832,14.572749137878418,8.294288635253906,5.639578342437744,13.427656173706055,9.59363079071045,13.024319066147864,9.98229571984436,,,9.761147211666668,5.3820005,6.3639185000000005,4.3769602
2011-01-30,19900,19.31,0.0,0.0,0.0,0.0,28.590252404650105,14.422124267878086,31.851390838623047,21.9471435546875,31.22598648071289,14.690166473388672,31.302906036376953,18.70014190673828,30.05785369873047,19.332033157348633,22.76926070038912,9.492801556420236,,,19.638142097666666,8.637326021666668,1.7067759395,0.71729235
2011-02-06,18600,18.9,1.0,1.0,1.0,1.0,44.22900189980722,21.863615680834986,59.74125671386719,43.00672149658203,46.02166748046875,22.230281829833984,28.467620849609375,17.201480865478516,51.833770751953125,31.4280948638916,41.601361867704256,31.33657587548636,,,4.550089088333333,3.0749506566666667,1.509656785,1.36933747
2011-02-13,15200,17.76,1.0,2.0,2.0,2.0,27.263718940690918,19.828782028723403,57.30272674560547,29.3795108795166,38.993614196777344,21.145570755004883,26.404386520385742,20.06692123413086,43.13507843017578,21.769384384155273,44.35778210116732,20.864007782101172,,,6.712079578,3.487864834833333,4.7071637595,3.28625095
2011-02-15,16800,18.3,1.0,0.0,0.0,1.0,49.341072643578165,19.828782028723403,65.15093994140625,29.3795108795166,40.72929763793945,20.11038589477539,54.2316780090332,20.55464744567871,54.125675201416016,21.769384384155273,58.25544747081713,25.62217898832686,,,15.8740642,8.291564913333334,5.441802600000001,3.48593324
2011-03-02,8060,14.62,0.0,0.0,0.0,0.0,45.38821796283668,21.559189305934577,71.48300170898438,33.05319595336914,48.269893646240234,18.602346420288086,55.10288619995117,26.897003173828125,73.86517333984375,39.4944953918457,64.34494163424127,44.35564202334633,,,24.94239534368333,11.175407781666665,13.480030585049999,6.98974985
2011-03-09,8560,14.88,1.0,1.0,0.0,1.0,14.857980866101125,12.027437855591053,44.50801086425781,34.66358184814453,45.31437301635742,29.265535354614258,36.32502746582031,24.73581886291504,42.111270904541016,32.70025634765625,42.35291828793776,32.90544747081713,,,18.603576678333333,7.93213017,10.411959825,4.7278264
2011-03-14,16000,18.03,2.0,2.0,0.0,2.0,51.2107284121486,30.154514331434697,61.787986755371094,29.346681594848633,62.344451904296875,30.322479248046875,63.097259521484375,27.18494415283203,64.2723617553711,26.512887954711914,56.75233463035019,26.383657587548626,,,25.09835426833333,11.443841633333333,11.755440150000002,5.09511175
2011-03-15,15600,17.84,1.0,0.0,0.0,1.0,59.116259958274505,30.154514331434697,65.97183227539062,29.346681594848633,74.25694274902344,30.322479248046875,73.8747787475586,27.454931259155273,69.8047103881836,26.512887954711914,71.84474708171209,26.383657587548626,,,24.00586921,11.443841633333333,10.34001735,3.67968895
2011-03-19,12000,16.49,0.0,0.0,0.0,0.0,35.225931112277884,19.923925382913186,12.528890609741211,7.415935516357422,16.77973747253418,10.532923698425293,17.27163314819336,10.829294204711914,13.96890926361084,7.602087020874023,21.91381322957199,12.272178988326852,,,19.175155980833335,9.514667625833333,11.275330799999999,4.21796475
2011-03-31,29700,21.42,3.0,2.0,2.0,3.0,97.05041115228121,67.96413774289775,80.249755859375,37.860618591308594,104.44476318359375,55.34309768676758,97.8328857421875,46.01936340332031,105.56512451171875,46.95564651489258,125.14747081712065,60.43929961089494,,,12.027270414166665,5.5474676999999994,6.525437974999999,3.8162037499999997
2011-04-05,15900,17.5,1.0,0.0,0.0,1.0,52.791166417457404,35.16814920779168,44.3988037109375,22.8734073638916,55.95721435546875,30.886472702026367,55.26163101196289,28.91952133178711,52.241947174072266,27.840879440307617,56.993190661478664,30.582101167315226,,,17.03630388683333,9.40740620683333,9.08473325,5.81679915
2011-05-17,19300,18.59,0.0,0.0,0.0,0.0,38.693692156051355,14.059573618677332,18.806255340576172,13.166767120361328,24.57097625732422,12.873007774353027,31.587993621826172,17.968475341796875,15.475008964538574,10.754008293151855,30.151750972762652,15.448832684824906,,,4.8532168241499996,1.88039316,1.0684040825,0.4698361725
2011-06-27,24200,18.91,1.0,1.0,1.0,1.0,2.3182485719522137,2.1318566024349734,1.23783540725708,0.59092116355896,0.08847673237323761,0.056402675807476044,1.894378900527954,1.4797056913375854,0.9984903931617737,0.7521920204162598,1.2704280155642012,1.2558365758754853,,,3.0847499245000005,1.9604923250000004,1.1357623785,0.855872515
2011-07-15,27300,19.34,0.0,0.0,0.0,0.0,19.769481853669,7.080755256899912,7.318520545959473,5.278296947479248,13.500986099243164,6.873028755187988,19.065832138061523,14.464106559753418,22.69918441772461,15.446991920471191,17.30175097276264,9.642412451361865,,,7.44073686045,3.874600571666667,0.013085967850000001,0.01199633685
2011-08-23,16900,16.35,2.0,3.0,2.0,3.0,12.215764824884193,12.206328878553146,7.3415374755859375,7.0782012939453125,8.597941398620605,8.039412498474121,13.312339782714844,7.04189395904541,9.058477401733398,5.812273979187012,12.582490272373548,8.971400778210123,,,7.3959895116666665,4.439300965,2.6811487,2.1771742
2011-09-16,8750,12.99,0.0,0.0,0.0,0.0,3.226686426368275,2.7015544943383274,2.2670998573303223,1.6478840112686157,4.067643165588379,3.9557929039001465,2.3386645317077637,1.3647571802139282,2.4664173126220703,1.4852889776229858,1.7601167315175088,1.0017509727626455,,,14.629975542333334,6.80117662,14.90264976,7.83988765
2011-09-24,11900,14.44,4.0,4.0,4.0,4.0,17.08927530485444,14.654091746500919,2.6987900733947754,2.313551425933838,11.966750144958496,9.339380264282227,1.4160906076431274,1.4108244180679321,10.476574897766113,9.4512939453125,14.729766536964977,11.712840466926066,,,17.023907800833335,7.416575893000001,11.3226139,6.10620335
2011-09-25,11000,14.04,3.0,3.0,3.0,3.0,15.577952168284012,14.654091746500919,11.811578750610352,11.426340103149414,16.582170486450195,13.954800605773926,6.99705696105957,6.991790771484375,9.59330940246582,8.568028450012207,8.659727626459139,5.6428015564202285,,,10.660624461166668,7.416575893000001,5.336195795999999,4.690596879999999
2011-09-27,17300,16.42,4.0,4.0,3.0,4.0,54.23273811215801,40.45297712577688,61.58980178833008,40.001651763916016,68.87669372558594,39.882659912109375,65.31734466552734,35.37303161621094,59.454010009765625,30.858421325683594,67.96147859922175,33.59766536964979,,,14.776229357704999,9.065444229999999,0.272401148115,0.119785246
2011-10-03,8250,12.78,2.0,2.0,0.0,2.0,11.151032502759412,7.1592045833230245,12.77297306060791,6.675612449645996,22.890541076660156,8.678205490112305,14.061203956604004,10.092924118041992,6.206181049346924,4.712397575378418,20.70252918287938,13.297081712062264,,,3.7793528508333334,2.327932893333333,0.8881883844999999,0.46703423
2011-10-12,25600,19.0,1.0,1.0,0.0,1.0,62.95506498488254,40.332107085570776,72.12855529785156,33.49617004394531,57.13705825805664,34.04325866699219,66.71456909179688,41.00613784790039,54.611183166503906,35.3199462890625,77.66322957198444,36.98735408560314,,,7.0866659683333335,4.609620295,2.5642739,1.916357
2011-10-16,10100,13.77,0.0,0.0,0.0,0.0,0.4012065008625452,0.2146271510449475,0.0080000264570117,0.007943703792989254,0.10789434611797333,0.10789434611797333,0.47523200511932373,0.467216432094574,0.5475361943244934,0.5138870477676392,1.6564202334630351,1.5801556420233465,,,11.134087598499999,7.210998608333333,0.1153785865,0.096299825
2011-10-23,20300,17.5,1.0,0.0,0.0,1.0,55.20658696708527,26.98719880959272,31.495302200317383,16.90962028503418,43.86434555053711,23.079124450683594,48.0801887512207,26.683795928955078,40.964473724365234,30.038753509521484,46.4632295719844,31.823151750972738,,,14.645918073333334,7.531711678333333,8.9162706,5.2543792
2011-10-28,11300,14.3,1.0,1.0,1.0,1.0,2.690430214016006,1.8837667340804496,21.679540634155273,19.716184616088867,18.918678283691406,16.528451919555664,15.324653625488281,13.82260799407959,32.81562042236328,28.33036231994629,11.058949416342404,9.559533073929952,,,34.89514168333333,15.367232466666666,35.097616900000006,16.109634500000002
2011-10-30,12300,14.73,1.0,1.0,0.0,1.0,21.98570362395802,17.957879534187096,28.944908142089844,19.716184616088867,36.214725494384766,16.528451919555664,26.323762893676758,13.82260799407959,47.11376190185547,28.33036231994629,31.805252918287927,14.944357976653697,,,29.81297153,15.367232466666666,22.023818885,16.109634500000002
2011-11-02,12900,14.96,1.0,1.0,0.0,1.0,23.442254320009614,18.29773424095679,7.0530548095703125,6.601675510406494,14.10195541381836,9.461396217346191,2.909498453140259,2.8947949409484863,5.3185882568359375,4.712381362915039,11.105058365758746,7.590272373540851,,,24.599346564999998,12.079048333333333,16.548565375,9.0051335
2011-11-14,11900,14.57,0.0,0.0,0.0,0.0,62.45592545984351,25.295487624509384,34.22651672363281,15.862452507019043,37.6671142578125,17.716915130615234,38.682979583740234,17.867660522460938,40.333091735839844,18.710861206054688,50.63385214007782,25.653696498054476,,,55.08345068733334,27.888406554000003,52.4942638,31.2819005
2011-11-22,12900,14.96,1.0,1.0,1.0,1.0,29.29015868769742,27.63861375739424,71.1690673828125,52.330570220947266,101.02742767333984,69.35787200927734,64.67473602294922,54.79867172241211,74.840576171875,58.1782341003418,66.77276264591433,56.74766536964974,,,29.818808492833334,12.621896269999999,16.22825338,10.007567
2011-11-27,28300,19.36,3.0,3.0,3.0,3.0,55.60302679185435,32.87101918763088,102.44902038574219,52.261478424072266,70.48635864257812,35.8120231628418,55.26628112792969,36.276615142822266,81.2864990234375,47.06586837768555,93.69299610894939,63.79571984435795,,,42.439488350000005,19.988489593333338,36.36618245,22.640707
2011-12-01,20500,17.57,0.0,0.0,0.0,0.0,8.170116644971701,5.328761000022378,7.359465599060059,5.751115322113037,6.150805473327637,5.5703864097595215,10.218910217285156,9.996905326843262,15.445379257202148,12.846724510192871,11.035019455252918,6.104669260700391,,,40.83627045,15.944405666666668,35.923421000000005,18.395516
2011-12-29,38400,21.9,3.0,3.0,2.0,3.0,97.51651818901442,45.732707443930224,100.37318420410156,51.96904373168945,98.12957763671875,38.078365325927734,108.82687377929688,58.25257873535156,112.60717010498047,59.44565963745117,112.71381322957198,66.2167315175097,,,23.9430994395,16.0600155095,15.540554025,8.0613553
2012-01-05,34500,21.09,3.0,3.0,3.0,3.0,77.83149912138515,48.62179359377684,92.46698760986328,46.9804573059082,68.02820587158203,42.09062576293945,74.70081329345703,26.9382381439209,68.3398208618164,27.413490295410156,82.03813229571983,32.73171206225679,,,12.638491269000001,5.630655471666667,9.847219365,4.6166829
2012-01-07,22000,18.01,0.0,0.0,1.0,1.0,67.7222754495636,48.62179359377684,35.345863342285156,30.17730140686035,22.860092163085938,15.732251167297363,32.02486038208008,26.004396438598633,31.556949615478516,22.93004035949707,36.66517509727625,32.73171206225679,,,19.058904622545,9.819056890211668,15.867285265,9.699348
2012-01-16,15100,15.81,0.0,0.0,0.0,0.0,36.86177821238,22.321059286252492,21.07405662536621,10.705602645874023,39.88053512573242,17.812301635742188,19.66542625427246,10.37549877166748,25.513147354125977,14.214688301086426,40.897859922178995,33.286770428015565,,,46.02501989266666,17.165059661666664,35.161306249999996,15.6435435
2012-01-21,19500,17.24,1.0,1.0,0.0,1.0,57.1523059225618,35.110894837753264,52.81098556518555,47.95226287841797,63.196712493896484,31.619197845458984,57.816490173339844,48.796138763427734,53.71630859375,48.29210662841797,81.42217898832683,53.71498054474708,,,32.152514144416664,14.45407033075,22.2531975,9.734734
2012-01-25,22800,18.21,1.0,2.0,1.0,2.0,61.02892745904764,40.83467696456107,85.7850341796875,46.493675231933594,65.76795959472656,34.348838806152344,63.63254928588867,32.05455017089844,77.86766815185547,37.46015167236328,69.6167315175098,39.51692607003897,,,13.264550296483332,8.534599176483333,2.90594403,2.56058537
2012-01-28,19400,17.24,2.0,2.0,2.0,2.0,39.011034420853036,27.40128489730463,26.35576629638672,14.529935836791992,27.850963592529297,17.385648727416992,18.580774307250977,17.714296340942383,22.10312843322754,20.439910888671875,37.91770428015566,34.302723735408584,,,19.788519406549998,12.581455388666667,3.31673766965,3.1437709991
2012-02-02,24200,18.63,0.0,0.0,0.0,0.0,30.598579354098746,12.615648176200532,24.272937774658203,12.61158275604248,20.043834686279297,12.52454662322998,18.806453704833984,14.509627342224121,30.178071975708008,20.575334548950195,32.04747081712063,20.717704280155647,,,41.6837069572,17.820993583333333,28.396375350000003,12.085806
2012-02-11,15500,15.95,0.0,1.0,0.0,1.0,10.550177807846673,4.880217969759473,33.51606369018555,17.08413314819336,8.632417678833008,4.122141361236572,12.870477676391602,6.247678279876709,50.609161376953125,26.87527847290039,7.053307392996108,4.6225680933852145,,,21.523754863,8.899012489999999,17.83953068,8.8439967
2012-02-15,15400,15.9,0.0,0.0,0.0,0.0,3.535896744367615,1.3896175932008275,3.3822507858276367,1.862743616104126,5.056406021118164,2.0031936168670654,1.6473667621612549,0.9599860906600952,1.8403782844543457,1.0462548732757568,4.0260700389105075,2.677237354085606,,,4.679383031666667,2.5359550966666666,0.259949595,0.237601805
2012-02-22,34800,21.13,2.0,2.0,2.0,2.0,75.942749450578,57.636131886542415,64.19058990478516,38.302310943603516,88.91062927246094,54.65980529785156,79.36085510253906,42.51543045043945,89.20880126953125,46.40179443359375,109.03560311284043,55.0079766536965,,,13.53226923,5.898630733333333,7.31404489,3.64725815
2012-02-27,17900,16.73,0.0,0.0,0.0,0.0,59.652592709926395,31.138982771915416,46.05146408081055,39.21701431274414,25.753559112548828,18.723691940307617,33.88733673095703,25.366283416748047,36.66877365112305,29.45688247680664,42.77743190661476,34.38404669260698,,,21.140864376333333,8.648644186333334,9.757366489999999,5.12244865
2012-03-10,16900,16.43,0.0,1.0,0.0,1.0,25.633780185763598,24.927912115822785,29.429157257080078,17.405115127563477,37.658226013183594,18.775978088378906,29.817611694335938,22.749183654785156,33.66976547241211,25.324758529663086,39.66848249027238,29.58093385214008,,,4.863629943433334,2.6035114053333333,1.0427902153,0.5981824659999999
2012-03-12,19200,17.18,1.0,0.0,0.0,1.0,65.83892360107393,24.927912115822785,54.51152420043945,24.062456130981445,62.56636047363281,29.486892700195312,69.36219787597656,26.81412124633789,77.11436462402344,30.352415084838867,72.80447470817123,29.58093385214008,,,10.005432361999999,4.497776436666666,3.7611090259999997,1.94456006
2012-03-15,17400,16.59,1.0,1.0,0.0,1.0,70.5902084597666,29.623468466516208,79.89302825927734,43.14761734008789,67.19827270507812,30.61609649658203,81.14340209960938,47.73800277709961,88.77243041992188,51.67296600341797,84.21828793774321,54.05019455252919,,,17.75104903,8.487469166666667,10.35976272,5.22825245
2012-03-22,13700,15.15,0.0,0.0,0.0,0.0,44.67644173295364,29.68888531497058,29.670923233032227,17.665159225463867,37.90235900878906,29.670732498168945,41.046485900878906,26.68033790588379,33.16541290283203,20.786462783813477,48.31770428015563,28.526070038910497,,,19.771787550833334,7.718708929166667,8.076561385,3.7160920500000003
2012-04-02,14700,15.45,1.0,1.0,0.0,1.0,40.956183547471035,16.79996749502295,38.68809509277344,16.252660751342773,23.293672561645508,14.644615173339844,33.637298583984375,17.80428695678711,32.990447998046875,14.293416976928711,27.453112840466904,11.886770428015554,,,15.417414773666668,5.786716636666665,10.687731499999998,4.7163777
2012-04-13,13200,14.88,0.0,0.0,0.0,0.0,10.830304021646809,6.541944554613379,8.916787147521973,6.1643266677856445,10.213600158691406,6.897037029266357,6.586704254150391,3.0323727130889893,10.968520164489746,4.846778392791748,10.929182879377427,5.459143968871595,,,17.825276390916667,7.524981593333332,6.282061091,2.2556649
2012-04-20,20600,17.13,1.0,1.0,0.0,1.0,43.56593120336019,35.55926964980466,36.933841705322266,30.267873764038086,46.82992172241211,32.27775192260742,56.22975158691406,40.62062454223633,51.90480422973633,33.34016799926758,65.6842412451362,46.8603112840467,,,13.032251294999998,5.215652943333333,7.480981005,3.96646783
2012-04-26,37400,21.21,1.0,1.0,1.0,1.0,31.17749520337715,17.046173980541486,23.615798950195312,9.515098571777344,36.81453323364258,13.359658241271973,34.88215255737305,14.779074668884277,23.7797794342041,12.869033813476562,37.58112840466927,20.953891050583664,,,12.216915784833333,5.13779597,7.35568431,3.2567397
2012-05-02,27400,18.97,0.0,0.0,0.0,0.0,41.0314060339462,27.078575261008442,39.534996032714844,17.95836639404297,32.83594512939453,24.64653778076172,51.200767517089844,24.271255493164062,41.063472747802734,19.602027893066406,47.19085603112839,25.060700389105058,,,15.668944184833332,5.864031108333333,5.389498575,3.0291311800000003
2012-05-21,28200,19.14,1.0,1.0,0.0,1.0,15.403851422194542,15.403851422194542,20.507705688476562,20.138994216918945,35.57704544067383,23.48712730407715,27.957624435424805,23.45786476135254,22.666675567626953,21.35887336730957,33.05019455252917,25.30350194552528,,,6.913901066823334,4.7768401916666665,2.26587134297,2.098697505
2012-05-25,33400,20.33,0.0,0.0,0.0,0.0,24.632242799211244,12.604997395329448,11.480399131774902,8.432406425476074,12.573385238647461,10.098691940307617,23.340364456176758,17.518972396850586,21.631492614746094,14.557174682617188,27.11789883268482,21.949221789883264,,,3.9313352532500003,2.003154316416667,2.062194565,1.20345055
2012-06-02,45400,22.71,3.0,2.0,1.0,3.0,25.273655137442496,14.055038233788018,33.902374267578125,15.390419006347656,23.06707191467285,11.131775856018066,23.1334285736084,11.176286697387695,26.913021087646484,16.766117095947266,24.65544747081713,10.064202334630348,,,9.570338582,3.317128425,2.0801203015,1.0658929
2012-06-08,24600,18.24,0.0,0.0,0.0,0.0,26.32704779119244,14.241223696768854,19.106868743896484,13.05636215209961,19.447330474853516,12.739574432373047,17.536649703979492,9.280462265014648,17.86151123046875,8.31674575805664,18.685019455252927,11.142217898832698,,,5.642288489333334,2.257011915,2.73813147,1.23531762
2012-06-17,41600,23.31,2.0,2.0,2.0,2.0,23.30049900177699,23.1908947951935,23.05867576599121,19.67644500732422,31.95416259765625,19.73772430419922,10.150288581848145,5.444655418395996,26.635366439819336,14.82087516784668,21.859922178988306,10.939494163424117,,,3.932781001166666,1.862062421,2.562221079,1.45339229
2012-06-24,40800,23.35,0.0,0.0,0.0,0.0,20.168998084114296,14.070252391166031,17.41045570373535,8.619647979736328,23.86943817138672,13.83316421508789,10.596884727478027,6.519165992736816,17.369348526000977,11.714478492736816,21.838326848249032,14.677626459143976,,,8.051089116,3.9568273,5.736624138,3.8589576
2012-06-28,34900,21.71,2.0,2.0,1.0,2.0,10.480057369737555,8.811594655907786,2.5555193424224854,2.4381959438323975,9.989663124084473,8.454230308532715,17.800846099853516,16.570877075195312,12.164950370788574,10.996807098388672,10.673929961089497,9.375680933852145,,,2.909964083416667,1.6677899166666668,1.8543413167499998,1.2470698
2012-07-04,40800,23.33,0.0,0.0,0.0,0.0,25.774397703220874,15.14711088170057,10.93376350402832,9.736075401306152,19.908035278320312,11.822601318359375,16.697446823120117,16.521968841552734,16.074512481689453,15.636372566223145,27.332879377431897,24.26673151750972,,,11.3919500995,4.452277322,3.4647252259999997,1.70361675
2012-08-26,10600,13.47,1.0,0.0,0.0,1.0,0.8584340343451712,0.8325105158068564,0.014586858451366425,0.014586858451366425,0.0,0.0,0.07774341106414795,0.07774198055267334,0.05460217595100403,0.054568544030189514,0.3107003891050585,0.2546692607003892,,,16.924061731,8.683796011666667,10.307368385,6.5464858
2012-09-12,9590,13.01,0.0,0.0,0.0,0.0,11.652307861685363,6.22024666126212,5.569162368774414,5.431455135345459,5.519360542297363,5.519360542297363,7.726302623748779,7.24108362197876,9.112692832946777,8.700641632080078,11.471400778210116,9.496887159533074,,,17.277767276666665,6.107831966666667,9.8052886,6.8018815
2012-10-12,6580,11.37,0.0,1.0,1.0,1.0,0.034478011361437265,0.019374760893711297,6.690228462219238,6.690228462219238,12.635985374450684,12.561373710632324,4.780523300170898,4.778589725494385,3.585494041442871,3.569425582885742,2.828015564202336,2.828015564202336,,,10.700804392333335,6.515842494333334,2.6159022829999996,2.4030082999999998
2012-10-15,24700,18.42,3.0,3.0,1.0,3.0,90.89229824529323,48.363309695205544,122.16041564941406,63.17255401611328,91.86924743652344,41.76564407348633,77.72677612304688,45.93571472167969,86.42630767822266,51.73638916015625,114.93229571984438,68.57023346303504,,,19.4817842257,9.9914962165,1.9357782035,1.150217825
2012-10-16,24500,18.33,2.0,1.0,1.0,2.0,104.73859649816845,48.363309695205544,155.28085327148438,63.17255401611328,82.61244201660156,41.76564407348633,97.29502868652344,45.93571472167969,107.37248229980469,51.73638916015625,136.53988326848253,68.57023346303504,,,15.074622301000002,9.9914962165,1.0858049485,0.563128445
2012-10-19,21600,17.44,3.0,2.0,2.0,3.0,52.79414522589116,37.04565575838545,43.43581008911133,39.227970123291016,69.52195739746094,33.803871154785156,45.049625396728516,42.37924575805664,41.453285217285156,39.01711654663086,61.948638132295706,45.460311284046675,,,17.43446018957,7.777754466666667,6.081446025,3.34874045
2012-10-23,15600,15.49,0.0,0.0,0.0,0.0,26.072988494746316,13.66074567155674,8.36960220336914,4.257857322692871,20.70768928527832,8.802116394042969,21.68975067138672,11.683892250061035,24.015932083129883,12.689510345458984,25.865175097276264,13.944357976653691,,,11.818364632333333,4.364958700833333,7.35958968,4.8098381
2012-10-28,20200,16.99,1.0,0.0,0.0,1.0,39.41505736375698,24.007535387407525,39.983978271484375,24.57839012145996,45.14891052246094,19.829269409179688,33.77374267578125,17.02248764038086,29.67720603942871,12.079375267028809,34.713813229571976,15.308754863813228,,,29.55517771461666,18.204154124333332,11.135300070849999,5.931602
2012-11-01,40200,23.16,2.0,2.0,0.0,2.0,96.1582925593192,47.632053559414516,63.46726608276367,39.703025817871094,65.81754302978516,40.09128189086914,83.99638366699219,42.39365005493164,88.26700592041016,38.30070495605469,91.90992217898834,42.75175097276266,,,35.82031452383333,20.434466008833333,27.02381753,11.5463925
2012-11-02,32300,20.91,3.0,3.0,0.0,3.0,79.73408989394599,47.632053559414516,50.282073974609375,39.703025817871094,31.862001419067383,17.28373908996582,57.7431526184082,42.39365005493164,67.47651672363281,38.30070495605469,60.71536964980547,42.75175097276266,,,40.315777668833334,20.434466008833333,29.82619908,13.36578475
2012-11-06,34400,21.55,0.0,1.0,0.0,1.0,48.60649897685866,25.234521944937697,32.35034942626953,16.661123275756836,30.776321411132812,14.154074668884277,25.033733367919922,13.26091480255127,38.25727081298828,16.906570434570312,31.278404669260727,17.481128404669278,,,34.12245572406667,13.849961184066666,21.417187502199997,12.56832195
2012-11-13,24500,18.3,0.0,0.0,0.0,0.0,36.056585118968755,18.35682219962089,36.66376495361328,31.167024612426758,41.39785385131836,14.919412612915039,41.29840087890625,30.92344093322754,44.470436096191406,25.301706314086914,45.32490272373543,24.44863813229574,,,22.4185237,10.03279455,18.047673850000002,7.4788315
2012-11-17,17200,16.03,1.0,1.0,0.0,1.0,13.146260042858701,8.691793507417348,4.5432538986206055,4.322536945343018,25.149372100830078,15.081337928771973,13.360138893127441,12.609792709350586,7.066601753234863,6.9256768226623535,19.992607003891038,16.72237354085602,,,56.958086560000005,22.58617246,37.158964999999995,15.532059499999999
2012-11-19,24000,18.2,2.0,1.0,0.0,2.0,47.921659705743735,25.27066542131267,91.28312683105469,64.28541564941406,97.36014556884766,56.13541793823242,95.82324981689453,66.31620025634766,72.53575134277344,46.82054138183594,96.75603112840469,68.47801556420235,,,28.87385363666667,13.374803600000002,23.378554010000002,12.3072075
2012-11-22,27300,19.28,2.0,1.0,1.0,2.0,92.44336898992441,59.82386036174475,54.8961296081543,27.436386108398438,45.31834411621094,18.154560089111328,44.61656951904297,26.612110137939453,53.25482177734375,26.135456085205078,40.831128404669265,20.96478599221789,,,21.601916567449997,11.4223825,19.549956085,11.255061000000001
2012-12-01,27300,19.3,3.0,3.0,3.0,3.0,44.170367089386886,27.970137653569648,75.00730895996094,31.14798355102539,54.687889099121094,23.88751983642578,81.08639526367188,38.35829544067383,79.84064483642578,30.992259979248047,58.58735408560311,26.655642023346278,,,10.956193724,5.700951333333333,7.305733447,5.963018
2012-12-04,27200,,1.0,1.0,0.0,1.0,71.63344365073436,28.73480304135419,76.04806518554688,37.562896728515625,68.97320556640625,25.664403915405273,67.92163848876953,25.229368209838867,83.62352752685547,31.924545288085938,82.84416342412453,34.39922178988327,,,31.20700549833333,14.923805666666668,24.9212827785,19.019433
2012-12-18,15800,15.55,0.0,0.0,0.0,0.0,82.52825812354371,32.96888342551018,53.55723190307617,31.180282592773438,67.52314758300781,29.106046676635742,67.17982482910156,44.60027313232422,77.38383483886719,49.203609466552734,70.42879377431899,48.14182879377425,,,7.84342022387,4.798113133333334,2.63605682161,1.75753875
2013-01-09,27700,19.39,1.0,1.0,1.0,1.0,108.80818737989173,59.65221792334125,110.1357650756836,56.49736022949219,96.70795440673828,54.94407272338867,113.23286437988281,53.90275573730469,135.55479431152344,58.842708587646484,124.19883268482494,47.37256809338519,,,23.218986804883333,11.704425766666667,7.61745815,3.9434353
2013-01-24,13400,14.67,0.0,0.0,0.0,0.0,12.43642639108808,12.35879541605882,10.32072925567627,6.556642055511475,18.91813850402832,11.058673858642578,12.617086410522461,6.489639759063721,13.025842666625977,7.249658584594727,12.174902723735407,8.696303501945524,,,6.4485058461666664,3.2503888816666664,2.3747372385000003,1.303132395
2013-01-29,13200,14.6,2.0,2.0,1.0,2.0,45.631238991170264,18.095848947820425,43.915618896484375,18.019372940063477,52.193504333496094,19.596073150634766,41.74431610107422,17.727991104125977,48.30872344970703,22.665943145751953,61.52684824902724,24.55661478599222,,,15.411027104533332,8.0884852,2.9326199025,1.7275276
2013-01-30,14100,14.93,0.0,0.0,1.0,1.0,51.50286230302449,19.502481809765612,50.55475616455078,18.60848045349121,45.751075744628906,19.596073150634766,45.65795135498047,17.727991104125977,55.386138916015625,22.665943145751953,61.84241245136188,24.55661478599222,,,17.958669330666666,8.0884852,4.602961992,1.7275276
2013-02-24,11800,13.99,0.0,0.0,0.0,0.0,56.22649333986452,30.9890153248497,61.76710891723633,31.928672790527344,48.31722640991211,26.82966423034668,55.604618072509766,33.86328887939453,59.23442840576172,34.718570709228516,62.88929961089495,31.786770428015565,,,44.340651145,18.552808433333336,27.0417391,14.943323
2013-03-02,22300,17.62,1.0,2.0,2.0,2.0,53.765829796872566,27.87547606127212,90.71357727050781,41.134464263916016,51.15480422973633,23.678098678588867,49.7247428894043,34.10872268676758,66.87324523925781,37.03805923461914,62.08696498054473,28.912645914396848,,,19.02654168666667,6.972268126666666,11.36287055,5.0657134500000005
2013-03-08,10900,13.63,0.0,0.0,0.0,0.0,9.200250474210556,5.951336522574179,10.927753448486328,6.988731861114502,7.9847187995910645,6.1211652755737305,14.230460166931152,7.333792686462402,10.254273414611816,5.308239936828613,8.89785992217899,4.48910505836576,,,32.44713613333333,12.33742973333333,25.2297988,10.3828325
2013-03-14,24700,18.35,2.0,0.0,1.0,2.0,71.25522756023798,49.144718983433215,104.83497619628906,41.57369613647461,54.80417251586914,33.730838775634766,63.69457244873047,36.979976654052734,73.97079467773438,45.12417221069336,72.80544747081716,31.978210116731532,,,19.733176385666667,12.489524699999999,18.7858617725,13.384076499999999
2013-03-15,25200,18.57,0.0,0.0,1.0,1.0,74.52393693518229,49.144718983433215,85.07652282714844,41.57369613647461,33.54302978515625,12.469695091247559,38.305259704589844,19.642227172851562,43.65461730957031,21.282203674316406,47.357782101167345,27.719844357976672,,,10.651366510099999,5.8436743,6.052379284,5.2882767
2013-03-21,19400,16.73,0.0,0.0,0.0,0.0,54.719730425138785,25.698443595583534,57.921241760253906,43.29115676879883,50.55384826660156,23.38982391357422,50.26987838745117,39.69620895385742,58.178367614746094,39.65999221801758,70.11653696498058,52.79046692607008,,,10.615148538333333,5.013102373333333,7.078305769999999,4.06514245
2013-04-05,29600,20.05,1.0,0.0,0.0,1.0,18.956384367758922,18.93510903318343,40.74262237548828,38.30503463745117,37.024757385253906,19.689477920532227,47.97370910644531,35.64584732055664,35.14665603637695,28.710695266723633,47.14280155642025,30.50447470817122,,,24.65567745,8.959304543333333,16.71660445,6.4023807999999995
2013-04-10,22800,17.78,1.0,1.0,1.0,1.0,21.814074601495484,16.025437882935794,35.83460998535156,32.32571792602539,27.814529418945312,21.55261993408203,28.573266983032227,18.342090606689453,26.81835174560547,19.390483856201172,34.614007782101154,28.774513618677034,,,32.27337931233333,12.810039916666666,30.51760925,12.56436575
2013-04-30,19900,16.9,0.0,0.0,0.0,0.0,36.168879555812524,16.311783929172027,20.05226707458496,15.971383094787598,28.59206771850586,14.66405963897705,26.524490356445312,16.211729049682617,28.474580764770508,16.756208419799805,31.37334630350193,20.245136186770413,,,9.151521895866669,4.287762226616667,4.7243605175,1.9133935675
2013-05-13,45400,24.48,2.0,2.0,0.0,2.0,18.754506700583395,16.97285660411842,24.253124237060547,14.31590747833252,41.18219757080078,21.893070220947266,13.920854568481445,8.23980712890625,27.024131774902344,18.075544357299805,34.06284046692608,23.371789883268487,,,10.1102493485,5.381404384333334,9.514079525,5.540042
2013-06-21,31500,20.67,0.0,0.0,0.0,0.0,39.31979155604907,22.007541083924856,58.239891052246094,39.8986701965332,33.30854034423828,19.38214111328125,61.34420394897461,44.048545837402344,35.18553161621094,27.67788314819336,30.344163424124517,21.134824902723732,,,9.318928614833332,3.871716734333333,1.6938380880000001,1.159937765
2013-06-26,26700,19.11,3.0,2.0,0.0,3.0,18.459053518154427,7.9809005616043995,28.45526885986328,15.455953598022461,15.877311706542969,7.7315802574157715,27.66837501525879,15.174365997314453,20.752456665039062,10.079978942871094,18.86225680933852,8.188521400778209,,,11.417187423166666,6.4498639975000005,2.2021062445000004,1.3640855
2013-06-29,27800,19.46,2.0,2.0,2.0,2.0,6.344866145677317,2.6347036260833705,1.2096869945526123,1.1653416156768799,4.840669631958008,2.623567581176758,0.6776547431945801,0.5241430401802063,1.4604816436767578,0.9687358140945435,9.968677042801566,4.932295719844359,,,6.241244458499999,2.694255030166666,0.320906691,0.127905875
2013-07-01,31500,20.67,0.0,0.0,1.0,1.0,2.24609560136377,1.5505583162319776,0.04314100369811058,0.03399594873189926,0.0870141014456749,0.0870141014456749,0.16364909708499908,0.15157446265220642,0.4111874997615814,0.3249366879463196,5.15214007782102,4.794552529182887,,,2.6693703755000002,1.2871730962166668,0.50042097065,0.37021846
2013-08-03,11600,13.99,0.0,0.0,0.0,0.0,12.498822181725993,6.233743792738103,3.7030696868896484,2.03238844871521,15.841743469238281,8.854686737060547,7.883410453796387,3.271782159805298,6.028163909912109,2.9027936458587646,11.294357976653709,6.542023346303508,,,2.3055378342066666,1.6957136666666666,0.12705619,0.12705619
2013-08-14,11600,13.89,1.0,1.0,0.0,1.0,8.804588912606254,8.643803062014474,4.851539611816406,4.6874895095825195,2.269595146179199,2.269595146179199,1.475614070892334,1.429316520690918,2.1606557369232178,2.1535685062408447,2.485408560311285,2.2729571984435806,,,1.2431156931166667,1.1700973405000001,0.04785486625,0.0467625315
2013-08-18,11900,13.97,1.0,1.0,1.0,1.0,11.266934996325903,10.76364245317675,0.6712081432342529,0.2937803566455841,0.0,0.0,1.4171206951141357,0.6880473494529724,0.3109350800514221,0.16767306625843048,1.972762645914397,1.6126459143968868,,,1.46041469325,1.2091695,0.0,0.0
2013-08-30,16900,15.8,3.0,3.0,3.0,3.0,45.47359850346628,31.523587043609037,15.76591682434082,8.675300598144531,37.883216857910156,27.036334991455078,51.28752136230469,21.669401168823242,48.98455810546875,28.264450073242188,45.06245136186772,26.254474708171216,,,6.630806481811667,4.300719779333333,0.312599475435,0.27545345
2013-09-01,10800,13.17,1.0,0.0,0.0,1.0,33.92258895716379,31.523587043609037,5.759075164794922,5.759075164794922,0.8776081204414368,0.8776081204414368,10.688592910766602,10.684760093688965,15.496664047241211,15.48979377746582,10.799221789883273,9.685603112840473,,,1.6592701092450002,1.4269134524783336,0.007290117735,0.0038799513
2013-09-08,16100,15.35,0.0,0.0,0.0,0.0,51.128137642318244,25.00120652200615,35.3971061706543,20.67338752746582,31.032066345214844,24.850875854492188,47.00307846069336,34.153465270996094,71.02638244628906,57.1860466003418,41.47431906614785,28.614591439688702,,,2.8847711338333335,1.637018796666667,0.5622389565,0.38002955000000005
2013-09-22,9980,12.64,1.0,1.0,1.0,1.0,6.654376665399593,4.023718924982826,25.23430633544922,18.219860076904297,37.95756149291992,28.388090133666992,27.1334228515625,23.038965225219727,33.923423767089844,17.571670532226562,19.737354085603123,15.6694552529183,,,10.770238542666666,5.336679192666666,8.8951486,4.55142995
2013-09-28,15600,15.09,2.0,2.0,1.0,2.0,12.224474159575088,11.75620647210692,50.754798889160156,40.45018768310547,84.20332336425781,66.02056121826172,54.148433685302734,46.0625114440918,57.10661315917969,48.622589111328125,51.13424124513619,47.03132295719845,,,15.3742553782,7.806559656666667,7.8590342589999995,4.37264847
2013-09-30,43200,23.31,3.0,2.0,2.0,3.0,122.07061563417972,71.04784704394368,145.28509521484375,61.468318939208984,130.1850128173828,66.02056121826172,142.77854919433594,50.59132766723633,160.4031982421875,58.68097686767578,122.9854085603113,47.03132295719845,,,14.820735011666667,6.01906991,11.16056743,4.25472273
2013-10-07,21400,17.16,1.0,1.0,1.0,1.0,2.7725430191100537,2.7710860400936115,11.00787353515625,11.002251625061035,26.285837173461914,21.20804786682129,18.41151237487793,18.41151237487793,13.262472152709961,13.262472152709961,13.721400778210116,13.57645914396887,,,17.016460956666666,9.010749663833332,2.80711148,1.87738923
2013-10-11,18200,16.09,0.0,0.0,0.0,0.0,7.518699820887521,7.339491407912274,0.4857221841812134,0.4420478641986847,0.7162420153617859,0.6926591992378235,1.1239722967147827,0.6902428269386292,1.205223560333252,1.0601555109024048,1.0842412451361867,0.806420233463035,,,15.809478405499998,8.343105604166666,8.635358145,7.4361502999999995
2013-11-02,10700,12.99,1.0,0.0,0.0,1.0,17.866330798622755,9.193273426241902,27.369247436523438,20.680566787719727,41.94140625,28.820106506347656,43.49237823486328,38.1619987487793,48.77849578857422,37.84735107421875,44.54902723735412,35.284435797665395,,,45.145328748349996,18.30687843,18.80163262,13.298146
2013-11-08,20200,16.75,2.0,0.0,0.0,2.0,54.013101235231524,34.22691198243238,32.731658935546875,25.77047348022461,37.570987701416016,22.918935775756836,55.314186096191406,38.90179443359375,62.94640350341797,49.988250732421875,47.074708171206204,35.627626459143954,,,53.488725095,22.336816083333332,46.889934749999995,18.045536
2013-11-11,14100,14.5,1.0,1.0,0.0,1.0,13.030825977669547,7.1401778067503106,0.8826190233230591,0.6531165838241577,13.113895416259766,8.180187225341797,8.017913818359375,5.425886631011963,3.005293369293213,1.6280437707901,10.364007782101165,5.757976653696493,,,57.16881480383333,24.853440666666668,44.1288285,17.911184
2013-11-19,30700,20.01,0.0,0.0,0.0,0.0,60.88038245464602,38.04043407695471,70.5823974609375,35.6275634765625,46.78215789794922,32.184627532958984,61.72242736816406,31.688257217407227,62.034420013427734,26.107187271118164,80.19182879377428,31.548249027237354,,,13.016301620500002,4.6955857016666664,4.445088435000001,3.7441916500000003
2013-11-30,11800,13.96,0.0,0.0,1.0,1.0,4.144074566632262,3.6235334583153915,10.564274787902832,10.137896537780762,28.359384536743164,22.670698165893555,9.003904342651367,7.721966743469238,9.019954681396484,6.685471534729004,6.641245136186773,5.7856031128404695,,,43.417421966666666,16.18548983333333,25.388727499999998,9.843679999999999
2013-12-02,23100,18.15,2.0,0.0,0.0,2.0,66.68447615511103,40.852892967756574,58.6329231262207,34.66444396972656,59.676937103271484,32.45345687866211,66.28152465820312,41.30189895629883,63.344242095947266,39.24746322631836,69.35505836575878,48.360700389105084,,,32.434843058666665,16.18548983333333,18.969998999999998,8.873876
2013-12-15,10800,13.49,0.0,0.0,0.0,0.0,18.329523912294416,8.044105160304738,22.00311279296875,9.75781536102295,12.76798152923584,5.34764289855957,15.142475128173828,9.190492630004883,24.32449722290039,10.186745643615723,17.404863813229564,9.220817120622565,,,24.629505005,13.057514331666667,18.13708155,11.883236
2013-12-21,8630,12.38,2.0,2.0,1.0,2.0,19.16378204226801,15.37042640226521,23.591176986694336,18.31104850769043,26.333324432373047,13.294814109802246,23.37189292907715,17.33039093017578,34.67426681518555,23.3173828125,20.19747081712062,13.602334630350203,,,26.9704196565,14.187590016666666,10.637401646999999,5.154371449999999
2013-12-25,12800,14.4,0.0,0.0,0.0,0.0,38.824411091053705,19.09659845674015,35.89657211303711,34.24162673950195,18.083812713623047,14.592597961425781,23.147674560546875,21.4677734375,27.54167938232422,24.675212860107422,43.63482490272374,37.20622568093386,,,29.215393335,15.260607743333333,12.64830735,7.4902451
2014-01-03,14300,15.03,1.0,1.0,0.0,1.0,45.517342250787046,39.206680684427,25.574914932250977,15.43144702911377,41.075321197509766,30.798316955566406,36.884117126464844,23.016944885253906,41.966217041015625,22.823223114013672,50.82315175097278,42.58054474708173,,,18.138218064166665,9.259440884666667,9.721565609999999,7.317102200000001
2014-01-11,28300,19.53,3.0,3.0,2.0,3.0,86.23715113111938,44.13145127305565,114.76116943359375,64.0108642578125,103.98885345458984,46.56431579589844,124.15731048583984,72.54853820800781,125.3721694946289,71.22441864013672,126.70058365758752,56.03482490272372,,,39.9020465594,18.834005192733333,26.84206585,9.73896335
2014-01-13,36400,21.8,0.0,0.0,1.0,1.0,138.17427724178162,50.717646241415984,125.3228759765625,64.0108642578125,106.83100128173828,46.56431579589844,127.57232666015625,72.54853820800781,132.79241943359375,71.22441864013672,124.0433852140078,56.03482490272372,,,41.18576641283333,20.056406783333333,19.163924,8.8004085
2014-01-31,11700,13.9,0.0,0.0,0.0,0.0,34.386443618606656,16.99208798235279,21.6806583404541,10.04861831665039,26.8499698638916,14.97040843963623,39.824851989746094,25.612228393554688,39.6650505065918,19.699878692626953,34.0249027237354,18.928015564202326,,,29.671796593816666,10.965938916666667,6.5968583149999995,4.2339851
2014-02-12,12600,14.33,1.0,1.0,0.0,1.0,58.48096931869624,29.852946393120586,94.51048278808594,46.16599655151367,67.96817016601562,26.349950790405273,62.227516174316406,29.921918869018555,84.23297119140625,48.071739196777344,84.22665369649802,33.44377431906613,,,35.467087205,14.663769716666666,31.55309275,12.579252499999999
2014-02-14,13500,14.69,1.0,0.0,0.0,1.0,59.71439188775779,23.36395026871625,86.43058776855469,46.16599655151367,55.244205474853516,21.03853988647461,71.04215240478516,29.921918869018555,93.04795837402344,48.071739196777344,58.15797665369649,24.238715953307395,,,23.832805070333333,8.922969216666667,11.029119855000001,8.05812775
2014-02-17,14500,15.11,1.0,0.0,0.0,1.0,75.63479346341774,31.59382599307292,78.98831176757812,35.09721374511719,81.4119873046875,30.835813522338867,79.75625610351562,40.81840133666992,90.84422302246094,44.68933868408203,93.51186770428015,36.39396887159534,,,20.885072309999998,10.155015476666668,13.0622286,8.6802535
2014-03-04,22900,18.03,0.0,0.0,0.0,0.0,93.14140921774147,42.351487577303416,118.00342559814453,46.96161651611328,94.74978637695312,33.54671096801758,85.06404113769531,43.88972473144531,66.46752166748047,31.234750747680664,119.07879377431902,46.2830739299611,,,17.659942076666667,6.792399943333334,8.97104508,3.88890233
2014-03-09,40300,22.49,1.0,1.0,1.0,1.0,93.13993298875486,52.81555057164588,63.83690643310547,44.75042724609375,59.09734344482422,44.43893814086914,56.23383712768555,41.00362777709961,60.76446533203125,37.817054748535156,73.01303501945523,57.59980544747079,,,29.972798580333333,16.39777595,19.71464135,11.611435
2014-03-16,34800,21.22,2.0,2.0,2.0,2.0,66.4340440369074,42.67260424174496,74.76026916503906,52.09092330932617,81.11466217041016,39.12592315673828,75.54033660888672,55.82955551147461,89.6759033203125,63.147457122802734,95.38832684824904,45.83696498054477,,,14.505504327716668,6.020304822500001,10.17889645,4.45844915
2014-03-20,23400,18.0,0.0,0.0,0.0,0.0,36.208623270269115,24.765250436662487,15.992753028869629,9.693331718444824,29.88299560546875,18.801067352294922,24.7180233001709,16.809934616088867,28.50049591064453,20.63984489440918,34.08463035019458,25.312840466926097,,,15.513268226666668,6.27657444,9.71205541,4.55989475
2014-03-26,17000,15.82,1.0,0.0,0.0,1.0,15.544613760430588,15.096118540426513,36.148345947265625,18.218029022216797,18.44906234741211,13.098698616027832,18.11617088317871,11.429121971130371,16.082273483276367,9.065164566040039,23.68073929961091,17.058560311284058,,,13.920227206,6.1630091,12.31816265,4.6208279999999995
2014-03-31,21900,17.5,0.0,0.0,0.0,0.0,52.91892929437853,22.559938810067695,47.49948501586914,26.584646224975586,27.073680877685547,19.107505798339844,36.163909912109375,17.98902702331543,41.134220123291016,20.089048385620117,33.97548638132295,23.274319066147857,,,15.470675059999998,8.282589243333332,8.01412985,3.2009281499999998
2014-07-06,26500,18.95,1.0,1.0,0.0,1.0,0.3275640541099966,0.21405927396408794,0.26091641187667847,0.1326170414686203,0.6242630481719971,0.3493916392326355,1.909982442855835,1.32927668094635,2.0612423419952393,1.924088954925537,0.19455252918287935,0.11303501945525293,,,4.521475683633334,2.2839233801666663,0.515000788,0.33989593500000004
2014-07-10,27400,19.23,0.0,0.0,0.0,0.0,0.0,0.0,0.0,0.0,0.0,0.0,4.738711504614912e-05,4.738668576464988e-05,0.0038944166153669357,0.003651521634310484,0.0005836575875486382,0.0005836575875486382,,,3.9416721911416666,2.6078305404749997,0.5882039729749999,0.321383325
2014-07-20,26600,18.98,2.0,2.0,3.0,3.0,17.914619500690048,16.263711279311554,2.0298142433166504,1.0689113140106201,15.701957702636719,12.218737602233887,4.634125709533691,3.024702310562134,4.702651023864746,2.8991518020629883,17.296692607003887,14.770038910505836,,,2.8960633506,2.3687673283333335,0.23568437999999997,0.23568437999999997
2014-07-25,23400,18.0,0.0,0.0,0.0,0.0,45.10732502497405,32.683837480344465,43.05870819091797,27.820280075073242,35.688995361328125,27.53607177734375,47.326236724853516,27.50286865234375,15.749879837036133,13.839058876037598,38.67782101167313,30.287159533073908,,,13.881929636583335,7.612302583333332,0.430092922,0.379374685
2014-09-25,10700,13.19,4.0,3.0,0.0,4.0,43.670170132213244,25.38404969731435,12.591361045837402,10.240050315856934,51.8674201965332,22.086933135986328,46.208091735839844,31.571884155273438,37.70531463623047,30.823013305664062,52.920233463035,24.6908560311284,,,1.0543404247833332,0.643533341,0.55068969935,0.41716253000000003
2014-09-29,8790,12.2,0.0,0.0,0.0,0.0,9.586005731933415,9.552271506298569,2.1036033630371094,1.319322943687439,7.901533603668213,7.67513370513916,4.3602752685546875,2.6089365482330322,2.492469072341919,2.206326723098755,7.815175097276262,7.461673151750969,,,9.31150319965,4.278151043816667,0.40776054895,0.24713284
2014-10-03,11500,13.55,0.0,0.0,1.0,1.0,7.7883690329943915,7.557040161189416,1.2761255502700806,1.2491885423660278,0.07424034923315048,0.07424034923315048,0.44818222522735596,0.44015827775001526,0.7325583100318909,0.6673322319984436,0.18404669260700385,0.17159533073929956,,,4.123385785666668,1.9571320433333337,1.4423809699999999,1.25319695
2014-10-08,8570,12.09,0.0,0.0,0.0,0.0,0.0007361376719962428,0.0007361376719962428,0.018171139061450958,0.0170973502099514,0.00798522774130106,0.00798522774130106,0.000763805815950036,0.0003538353485055268,0.5099698901176453,0.36956459283828735,0.011478599221789882,0.011478599221789882,,,43.76928667551667,21.714378366666665,1.52023177655,0.81648638555
2014-10-14,11600,13.6,3.0,3.0,3.0,3.0,42.456191119910656,23.83886034949104,21.414846420288086,16.559364318847656,31.917253494262695,19.342044830322266,30.577945709228516,23.672527313232422,38.2691764831543,31.895002365112305,36.502918287937746,24.828210116731533,,,17.035932878333334,8.188750383333334,11.881283285000002,8.0093793
2014-10-16,15700,15.3,3.0,0.0,0.0,3.0,56.50861180763172,24.798172108757793,22.47862434387207,16.559364318847656,27.24632453918457,18.693021774291992,43.59035873413086,23.672527313232422,48.47305679321289,31.895002365112305,37.067704280155645,27.91673151750974,,,8.421832471666667,3.899464495,5.31496122,1.997212585
2014-10-22,20300,16.99,2.0,2.0,2.0,2.0,39.26747987057522,17.919168244812273,46.44781494140625,33.825599670410156,71.08493041992188,42.177146911621094,56.58433532714844,38.81991195678711,79.69593048095703,56.72766876220703,90.92081712062256,54.237937743190635,,,15.660281927666666,7.616664666666666,9.749485439999999,5.385965
2014-10-25,21300,17.33,1.0,1.0,1.0,1.0,72.95861187651326,49.148422596787405,33.157615661621094,18.482715606689453,58.18718719482422,32.029293060302734,45.362091064453125,26.548925399780273,62.56285858154297,34.3776969909668,62.51595330739301,37.9535019455253,,,18.758653461999998,8.53993955,9.13205799,4.05526075
2014-10-27,27000,19.09,2.0,2.0,0.0,2.0,53.283969388067376,35.00404588578992,37.54684829711914,28.98963737487793,49.21526336669922,32.029293060302734,43.214080810546875,27.690078735351562,66.28508758544922,34.3776969909668,53.65894941634241,37.9535019455253,,,16.190931804999998,8.53993955,9.426074475,4.05526075
2014-10-31,33300,20.88,1.0,1.0,1.0,1.0,68.0056539156241,31.035319312808618,44.48799514770508,20.23339080810547,52.970680236816406,28.35862922668457,57.330135345458984,24.08647918701172,46.59253692626953,20.078445434570312,59.967315175097276,34.44805447470818,,,24.265896734800002,9.928307141466666,15.98769785,6.3899130500000005
2014-11-04,39600,22.36,1.0,1.0,1.0,1.0,48.004921549049925,41.54232689162741,41.59307098388672,26.81483268737793,50.10863494873047,27.50727653503418,64.55638122558594,49.85074996948242,66.45306396484375,44.27482604980469,71.17723735408562,43.59396887159535,,,35.22367977893334,16.6114422521,15.629353605499999,11.220562999999999
2014-11-06,39100,22.37,3.0,2.0,2.0,3.0,75.97747796990447,41.54232689162741,35.116451263427734,26.81483268737793,53.76707458496094,23.782548904418945,69.5841293334961,49.85074996948242,82.73684692382812,44.27482604980469,67.55992217898832,30.629766536964997,,,29.42909015833333,12.816304691666668,11.77348355,6.26871685
2014-11-09,31500,20.41,1.0,1.0,1.0,1.0,32.40614717866291,28.68518350320382,21.600685119628906,17.605304718017578,22.75044059753418,13.973076820373535,28.895519256591797,17.975845336914062,30.60849380493164,26.331401824951172,18.64824902723735,16.44241245136186,,,42.234082240899994,17.622365992566664,19.2990419,9.0150583
2014-11-17,13400,14.4,0.0,0.0,0.0,0.0,1.0614225615390682,0.7826156774335443,0.0,0.0,0.29850056767463684,0.18774551153182983,0.0,0.0,0.0,0.0,0.188715953307393,0.12295719844357976,,,33.26157409433333,13.219817430999997,19.781810487999998,7.677424738
2014-11-22,16800,15.77,1.0,1.0,0.0,1.0,48.1899273233937,35.41015104034891,55.88291931152344,33.52198791503906,61.309043884277344,31.825162887573242,63.74928665161133,30.251033782958984,56.21965408325195,26.598045349121094,68.63151750972766,36.944552529182914,,,56.61157216666666,27.720554649999997,36.85086174999999,15.472749749999998
2014-11-28,71500,28.61,3.0,3.0,3.0,3.0,151.62001518685776,64.41037281339072,125.70606994628906,51.5087776184082,106.16679382324219,41.415889739990234,113.2919921875,53.48166275024414,101.64862060546875,44.60397720336914,125.40077821011673,47.23229571984434,,,37.958060467500005,21.662192833333336,23.137526425,14.513397000000001
2014-12-06,20800,17.24,1.0,0.0,0.0,1.0,17.050074564736207,10.938820269777944,31.101499557495117,15.175064086914062,22.88753890991211,10.35477352142334,24.183950424194336,17.76201820373535,26.128358840942383,22.362258911132812,29.800778210116732,12.577626459143968,18.991899490356445,11.594420433044434,23.466893151,9.5062744,10.803875623,4.4169587
2014-12-11,46500,24.4,3.0,4.0,2.0,4.0,94.64290825541116,37.19077058048139,68.59757995605469,30.426427841186523,81.84966278076172,33.42658996582031,102.66363525390625,57.41952133178711,113.72216033935547,56.529361724853516,101.26478599221781,43.13988326848249,60.42704772949219,30.016490936279297,25.957304249866667,14.62135866,19.564413072500002,12.580434
2014-12-12,42600,23.48,1.0,0.0,0.0,1.0,88.14487384518975,37.19077058048139,45.52009963989258,28.35308837890625,55.46867370605469,30.317214965820312,55.71603012084961,27.07838249206543,66.4997329711914,44.70732498168945,61.93910505836566,43.006031128404565,33.610740661621094,16.208269119262695,16.379042454700002,8.8511900182,7.824128667,4.6333254225000005
2014-12-19,18100,16.27,1.0,1.0,0.0,1.0,22.116239006426735,16.248768638014564,18.764373779296875,15.172917366027832,30.920154571533203,14.487027168273926,21.69080352783203,16.697269439697266,26.714590072631836,19.908681869506836,32.5533073929961,16.170233463035007,9.325963020324707,5.202273845672607,25.714539594,11.1619121,19.382003907,13.5815095
2014-12-21,26300,19.02,3.0,2.0,2.0,3.0,66.37436524631872,38.33034229643258,91.25778198242188,50.80352020263672,58.10246658325195,34.104366302490234,76.64982604980469,40.082515716552734,101.41642761230469,46.21279525756836,69.28735408560308,40.72743190661477,50.746070861816406,29.633159637451172,23.414902075666667,8.585183399,8.278358887,3.86543703
2014-12-26,20300,17.08,0.0,0.0,0.0,0.0,44.59360621755953,35.60674197815116,14.8724365234375,9.50412368774414,14.518747329711914,6.1451849937438965,27.60715103149414,24.996755599975586,28.33772850036621,23.27077865600586,8.387548638132289,5.871984435797658,17.941659927368164,16.70813751220703,40.03654779755,17.275403416666666,40.12543025,20.5609575
2015-01-06,47100,24.53,3.0,3.0,3.0,3.0,117.7752830203815,64.39821227968993,130.9577178955078,92.93595123291016,90.82920837402344,52.84075164794922,111.41329193115234,90.39960479736328,112.31298828125,85.75147247314453,129.48112840466922,71.25817120622565,86.41873931884766,66.52715301513672,35.73137005,14.155149833333335,24.78014675,9.754311000000001
2015-01-11,20900,17.27,0.0,0.0,0.0,0.0,3.618866156641328,2.7110133831804157,1.4600340127944946,1.3919352293014526,4.427492141723633,2.2950797080993652,0.8618732690811157,0.48402392864227295,1.1795545816421509,1.0997302532196045,3.7394941634241237,2.678988326848248,2.319223403930664,1.4846192598342896,37.53304104833333,15.633193833333332,30.052147400000003,13.2606059
2015-01-18,24300,18.37,1.0,1.0,0.0,1.0,53.57674574180476,30.34288912931774,105.24568176269531,51.40906524658203,62.597206115722656,28.93126106262207,79.64759826660156,49.76433181762695,98.58258056640625,63.8140754699707,69.49688715953309,32.08501945525292,62.56334686279297,42.901763916015625,14.538962434166667,6.7551030999999995,9.759443494500001,4.494689930000001
2015-01-25,39000,22.61,3.0,3.0,3.0,3.0,66.8850477366329,49.179063058492105,83.58926391601562,56.18968200683594,49.92714309692383,37.75607681274414,34.20448684692383,21.160795211791992,49.0476188659668,26.785768508911133,63.42101167315175,53.50719844357976,32.71544647216797,17.271944046020508,25.086057318,14.202965216666668,20.48800815,12.4901725
2015-01-30,19800,16.88,0.0,0.0,0.0,0.0,1.5621281014708626,1.3568929203064315,2.0503597259521484,1.9333486557006836,0.27344053983688354,0.270803838968277,0.3104783892631531,0.31040289998054504,0.5637478232383728,0.5544651746749878,0.07859922178988328,0.06673151750972764,0.0394226610660553,0.0394226610660553,26.5295778629,9.326818833333332,7.325436600000001,4.0123265
2015-02-07,59700,27.23,4.0,3.0,3.0,4.0,117.42676860481558,54.075472216305265,115.2488784790039,53.06583786010742,119.6826171875,46.93097686767578,130.50193786621094,65.53944396972656,132.36715698242188,64.18892669677734,160.40175097276273,61.77178988326852,95.05906677246094,41.421600341796875,43.60564901666666,19.466139416666664,23.1695418,10.498128
2015-02-12,28500,19.74,1.0,0.0,0.0,1.0,12.637629087192112,6.759770555888261,13.243335723876953,10.9215087890625,6.4608564376831055,5.674117565155029,19.06757926940918,18.221975326538086,25.18906021118164,20.509613037109375,4.71614785992218,4.574708171206226,6.757569313049316,6.134491443634033,20.503464546666667,7.536063413333333,10.9527418,7.853316
2015-02-21,16200,15.5,0.0,0.0,0.0,0.0,7.372760985493144,4.455697889851111,4.328399181365967,3.3798351287841797,6.795180320739746,4.329482555389404,7.278467178344727,4.601979732513428,7.248337268829346,5.230712413787842,7.726459143968869,4.915175097276262,3.267200469970703,2.0412213802337646,28.18008932966667,10.985370538833335,17.899062164999997,10.1396825
2015-03-14,13800,14.45,1.0,1.0,1.0,1.0,29.233648180960273,11.988275322471932,40.80263900756836,28.81353187561035,50.44561767578125,32.38908386230469,41.698577880859375,31.769855499267578,42.49409484863281,32.067745208740234,53.70894941634239,43.604280155642,39.123050689697266,32.96167755126953,11.0827657205,6.063827178666667,7.491905200000001,5.627007000000001
2015-03-21,15200,15.1,2.0,2.0,1.0,2.0,25.03060230196776,14.876298281761246,37.935691833496094,26.85512351989746,38.263641357421875,18.190465927124023,35.701358795166016,25.596752166748047,54.13353729248047,28.801267623901367,49.12743190661476,23.00291828793772,25.738609313964844,15.00510311126709,19.522044264166666,9.101656695833332,16.312344200000002,9.8979836
2015-03-26,21300,17.43,0.0,1.0,1.0,1.0,30.519353737452747,20.05306881688977,41.14372634887695,22.784603118896484,17.946321487426758,13.85132884979248,29.362911224365234,15.335522651672363,37.89673614501953,19.81049919128418,29.05389105058365,23.632684824902718,21.256141662597656,11.918103218078613,22.13177713,9.217210316666668,15.464997460000001,6.6078425
2015-03-30,21100,17.34,0.0,1.0,0.0,1.0,34.47615870875734,14.168305925326868,28.833229064941406,20.474754333496094,25.525678634643555,11.028011322021484,27.000263214111328,17.99540138244629,39.26223373413086,18.20684242248535,20.362062256809345,12.605058365758762,19.126602172851562,14.200531005859375,31.18897488333333,12.794418933333334,29.426738,11.1037255
2015-04-13,11800,13.56,0.0,0.0,0.0,0.0,37.66561182911853,17.456485639110806,42.497711181640625,25.158939361572266,25.444992065429688,14.551881790161133,30.060970306396484,21.313600540161133,43.93585205078125,24.796436309814453,31.443385214007755,17.746498054474696,23.06678581237793,17.707117080688477,25.556232059666666,11.6039625,19.919831398,12.3530695
2015-07-16,7660,11.36,1.0,0.0,0.0,1.0,0.9932084129419869,0.5674493314307023,0.030680790543556213,0.027598528191447258,0.4754757881164551,0.41516876220703125,0.15581530332565308,0.08608443289995193,0.12439906597137451,0.11038519442081451,2.1776264591439696,1.6556420233463034,1.0277745723724365,0.6312395930290222,2.2262115401666667,1.4431472349999999,0.46745277500000004,0.27538803
2015-07-27,7430,11.22,0.0,0.0,0.0,0.0,14.474797335625617,6.513017219984565,5.187185764312744,3.908700942993164,8.404773712158203,4.74154806137085,13.160585403442383,6.031246662139893,9.207669258117676,4.457597255706787,10.399805447470817,5.939105058365757,11.098531723022461,5.748365879058838,6.504199426694999,4.038183753333333,1.405667783585,0.90125576
2015-08-08,6000,10.29,1.0,1.0,0.0,1.0,5.772108980433804,5.6980229383085215,0.349742591381073,0.34954148530960083,0.012493082322180271,0.012493082322180271,1.4053784608840942,1.4007885456085205,1.6861529350280762,1.5991344451904297,0.10077821011673149,0.06556420233463033,2.493224859237671,1.79364013671875,1.6686261883333335,1.2049942666666669,0.0,0.0
2015-08-16,6580,10.68,0.0,0.0,0.0,0.0,22.188669190875853,21.525640510008394,12.590035438537598,8.998574256896973,23.836036682128906,21.48818588256836,18.17871856689453,14.863301277160645,33.07002639770508,23.441810607910156,21.095914396887164,19.59027237354086,12.862371444702148,9.549530982971191,11.242836873616666,5.421881579616667,0.43398646434999993,0.30861283884999996
2015-08-30,8240,11.64,3.0,3.0,3.0,3.0,60.962980991324464,55.1942429369312,42.416500091552734,27.89940643310547,62.62109375,40.439453125,44.78855514526367,25.717727661132812,48.972442626953125,22.112028121948242,77.80389105058364,54.26692607003891,33.180625915527344,22.10453987121582,4.5582433951,2.9975715234333333,0.1954764203,0.1954764203
2015-09-01,14000,14.6,2.0,2.0,2.0,2.0,103.46238630816312,55.1942429369312,57.18915557861328,27.89940643310547,57.04393768310547,24.606969833374023,59.092071533203125,25.717727661132812,53.55189514160156,22.112028121948242,75.11050583657585,34.69105058365757,31.609468460083008,22.10453987121582,11.386686720810001,8.825036530666667,0.42145235768000006,0.42128675000000004
2015-09-05,8830,12.04,0.0,0.0,0.0,0.0,20.964135764027816,13.328713201428007,14.610265731811523,14.255470275878906,12.071477890014648,4.863734245300293,12.980717658996582,8.721277236938477,9.135334968566895,7.2557902336120605,13.30836575875486,5.30544747081712,5.4031853675842285,3.334120750427246,6.901946916166667,4.1809459,4.0738991350000004,3.0246482
2015-09-21,14400,14.75,2.0,2.0,2.0,2.0,36.54984700702016,22.8854378368385,21.71146583557129,10.398823738098145,30.896665573120117,19.393943786621094,17.91883087158203,7.4366230964660645,35.83480453491211,20.884618759155273,31.820428015564197,20.50466926070039,20.097749710083008,9.699580192565918,9.817254484666666,4.481315909833333,1.7808665000000001,1.016024185
2015-09-23,10100,12.71,2.0,2.0,2.0,2.0,23.463332673068642,22.8854378368385,7.986400127410889,7.986400127410889,0.8681498169898987,0.8681498169898987,6.882085800170898,6.882085800170898,11.344466209411621,11.332206726074219,0.6060311284046692,0.5021400778210116,8.46615219116211,8.465313911437988,11.384274534916667,5.464889432916667,5.7826345965,4.2702159
2015-09-29,9720,12.53,0.0,0.0,0.0,0.0,2.649942638754736,2.294445506047304,8.783111843513325e-05,8.783111843513325e-05,0.07690601050853729,0.07690601050853729,0.0007199425017461181,0.0007156155770644546,0.00617116829380393,0.00617116829380393,0.20525291828793776,0.10797665369649809,0.005423746537417173,0.00474945455789566,3.181960862166667,1.866578134,0.3965606745,0.283484815
2015-10-11,22500,17.76,4.0,4.0,4.0,4.0,62.881965492267064,56.55870163554671,37.56936264038086,19.102766036987305,62.34791946411133,49.22690963745117,37.16889190673828,23.95323371887207,59.360443115234375,40.05820846557617,66.64280155642025,59.08793774319068,36.81596374511719,19.958707809448242,10.830055572500001,8.13612977,0.4508057,0.21610228999999997
2015-10-12,14800,14.88,0.0,1.0,1.0,1.0,66.35502666683736,56.55870163554671,34.50642013549805,19.102766036987305,60.50410079956055,49.22690963745117,40.387996673583984,23.95323371887207,63.91205596923828,40.05820846557617,68.24046692607006,59.08793774319068,38.705562591552734,19.958707809448242,14.704330359166669,8.13612977,0.6462534600000001,0.41155005
2015-10-20,9810,12.58,0.0,0.0,0.0,0.0,9.378001926339055,3.3395066963042175,5.538131237030029,3.3694260120391846,6.113321781158447,3.3295936584472656,3.947935104370117,3.360179901123047,8.4805908203125,5.136932849884033,6.741439688715955,3.3171206225680945,3.882455825805664,1.8799660205841064,27.228264684166668,10.957412486666664,9.61718731,4.7443124
2015-10-31,28200,19.59,3.0,3.0,3.0,3.0,89.00441494680955,48.10360227442608,89.02766418457031,45.26910400390625,117.5653076171875,61.29467010498047,103.51611328125,55.32358932495117,102.65338897705078,52.71611022949219,147.83832684824904,77.19163424124511,29.357763290405273,21.481555938720703,32.86761492,17.19610475,29.1672127,14.1354775
2015-11-07,16000,15.43,2.0,2.0,2.0,2.0,14.837340336000942,6.682808779621672,34.09990692138672,26.235689163208008,38.09789276123047,27.16166877746582,38.00847244262695,32.81304168701172,42.92091369628906,35.76919937133789,49.985797665369674,39.01673151750976,24.192777633666992,20.513900756835938,57.600718152666666,27.907862366666667,54.4501505,21.904636
2015-11-13,33500,20.83,3.0,2.0,2.0,3.0,62.94694073250861,44.94009943901923,114.91181945800781,90.84355926513672,118.1849365234375,69.59181213378906,123.80247497558594,94.49342346191406,130.5430145263672,93.6643295288086,140.37392996108954,91.84766536964986,89.3833236694336,72.89140319824219,24.603858594166667,13.971204649999999,19.65847325,13.196855
2015-11-16,44300,23.87,3.0,3.0,3.0,3.0,130.87511268924803,85.65594063023993,33.216552734375,15.365760803222656,71.32170867919922,31.699342727661133,51.74509811401367,25.422407150268555,43.31046676635742,19.19876480102539,78.36517509727629,36.74163424124516,45.90412521362305,21.765613555908203,27.760907473333333,10.487617451666667,22.60636435,8.4100035
2015-11-25,16800,15.76,0.0,0.0,0.0,0.0,8.04784704384507,7.261112816019223,11.726110458374023,11.158010482788086,7.412292957305908,7.4077534675598145,6.090402603149414,6.058469772338867,9.910406112670898,9.310714721679688,7.8175097276264625,6.348249027237357,8.764540672302246,7.218791961669922,17.470828882216665,9.431203326716668,12.145254938499999,10.183674499999999
2015-12-01,13600,14.41,1.0,1.0,0.0,1.0,1.0721567897493354,1.0267724689059707,1.6150157451629639,1.6150157451629639,10.408348083496094,9.659699440002441,1.8777793645858765,1.8777793645858765,1.482358455657959,1.4822759628295898,12.865369649805457,11.55894941634242,0.41170671582221985,0.4114038944244385,40.55899240533334,20.492242605000005,18.60143231,9.495997
2015-12-03,15200,15.11,3.0,3.0,2.0,3.0,22.734152935567735,11.411695953081033,64.75727844238281,42.17073059082031,57.50981903076172,35.33708572387695,38.07875442504883,24.572864532470703,46.996822357177734,27.251651763916016,64.02062256809339,42.65719844357976,30.94198989868164,19.36471939086914,30.506447200000004,20.492242605000005,8.51385701,3.7550399
2015-12-06,22500,17.79,2.0,2.0,1.0,2.0,89.91077629193293,40.19212617974436,70.53337860107422,39.277183532714844,72.3171157836914,35.33964920043945,77.99380493164062,45.7512092590332,99.93087005615234,49.92608642578125,90.00252918287936,42.75097276264593,66.63541412353516,39.16581726074219,37.976707608513664,18.359957064180332,20.818456400000002,10.788101000000001
2015-12-07,26300,19.06,1.0,1.0,1.0,1.0,84.69826000142507,40.19212617974436,86.39990234375,39.277183532714844,82.11819458007812,35.33964920043945,94.41366577148438,45.7512092590332,100.0606918334961,49.92608642578125,97.99533073929962,42.75097276264593,65.6629867553711,39.16581726074219,45.67931587291366,18.359957064180332,21.2046517,10.788101000000001
2015-12-09,64300,28.09,3.0,3.0,0.0,3.0,131.5122866147335,75.31816234552154,154.77915954589844,67.14422607421875,108.10565948486328,64.36944580078125,144.77890014648438,64.8109130859375,150.70079040527344,68.77738189697266,133.83035019455252,89.40505836575875,97.0552749633789,41.695068359375,38.36589299206666,17.154900192066666,20.462273700000004,8.979863000000002
2015-12-21,18500,16.42,0.0,0.0,0.0,0.0,57.38589860695498,26.543244699675085,39.579612731933594,26.636167526245117,42.9052619934082,20.81637191772461,39.13996505737305,22.85538101196289,54.99928665161133,30.79990005493164,40.97431906614785,20.85136186770426,22.740577697753906,10.925700187683105,46.06578834333333,17.429116216666667,37.2945035,14.4894105
2016-01-13,15200,15.08,1.0,0.0,0.0,1.0,37.15872275519112,25.321879529132442,52.66968536376953,37.28504180908203,44.130455017089844,21.682777404785156,59.12208557128906,40.05051803588867,39.8199348449707,27.506135940551758,55.69533073929963,26.866147859922183,40.52272415161133,28.82237434387207,55.91607507233334,27.37321657066667,32.850478005,15.9053115
2016-01-17,15700,15.3,1.0,1.0,0.0,1.0,28.726569765072448,22.478581242761923,57.54826354980469,30.759855270385742,42.12848663330078,18.08066177368164,43.3343391418457,24.472448348999023,50.75640106201172,27.237972259521484,49.22529182879374,24.064202334630334,23.236509323120117,13.685477256774902,24.814592673333333,8.438203523333334,16.2097972,6.71168985
2016-01-22,29900,20.13,2.0,2.0,2.0,2.0,72.89342454560172,51.68251631957395,86.24411010742188,41.960330963134766,81.9339828491211,45.33066177368164,92.64991760253906,53.44921875,98.21601867675781,55.4188117980957,92.98326848249027,55.96342412451363,59.250244140625,27.44390869140625,30.881970000499997,16.348052177499998,13.6704214325,5.64277975
2016-01-26,20700,17.21,1.0,1.0,1.0,1.0,11.901087929960562,9.951028653814049,34.037506103515625,31.863414764404297,22.86105728149414,20.65399169921875,21.11425018310547,16.505712509155273,19.455753326416016,16.715312957763672,29.574513618677056,27.517704280155655,17.233642578125,15.218232154846191,30.825962598333334,13.290527311333333,17.085537334,6.7145713
2016-01-28,39900,22.64,3.0,3.0,3.0,3.0,63.616441715138755,37.3593900550164,102.75105285644531,50.19321823120117,81.71524810791016,32.95671081542969,67.61959838867188,48.91591262817383,70.90999603271484,48.720703125,106.37431906614785,40.31945525291828,58.563934326171875,39.599281311035156,18.23756957033333,7.7624179333333325,7.513751711,4.7398641
2016-02-01,26800,19.2,0.0,0.0,0.0,0.0,36.72342642138126,22.47866158731581,41.85995864868164,19.626358032226562,20.14715576171875,10.467775344848633,26.44833755493164,13.53842830657959,33.81473159790039,18.445125579833984,19.764785992217888,10.966926070038909,9.281925201416016,7.726837635040283,29.89993911666667,15.782610533333333,14.917110599999999,7.143448599999999
2016-02-06,17600,16.07,2.0,1.0,1.0,2.0,41.98039004411798,17.602476117259915,52.7624397277832,29.127079010009766,32.45350646972656,16.78657341003418,46.34612274169922,23.418489456176758,60.21271514892578,24.301881790161133,38.46867704280156,19.399610894941635,31.17287254333496,16.054201126098633,29.51920483,16.007248833333332,29.803092900000003,16.985494
2016-02-12,28400,19.64,2.0,1.0,0.0,2.0,28.407680683197896,18.537892927859073,26.090431213378906,20.858068466186523,52.64189910888672,29.09528923034668,37.33118438720703,29.987506866455078,47.00136184692383,39.761470794677734,67.42334630350197,37.96517509727627,34.10242462158203,28.61037826538086,29.103350722499997,10.63319815,25.81637865,11.641107
2016-02-16,59300,27.15,2.0,2.0,2.0,2.0,106.09609179742932,51.538078359162604,91.11111450195312,32.59888458251953,77.2913818359375,41.3519287109375,91.11517333984375,47.501953125,100.25201416015625,49.19210433959961,97.92665369649806,54.9515564202335,60.694252014160156,36.84772491455078,15.427565575,6.242626133333332,9.96054325,4.09690915
2016-02-20,26000,18.98,0.0,0.0,0.0,0.0,39.524447407480864,19.21696559101856,38.01128387451172,16.697683334350586,28.19066047668457,17.25714874267578,44.844085693359375,16.797719955444336,46.48551559448242,17.294891357421875,34.18443579766537,20.335214007782106,39.85140609741211,14.960273742675781,16.736504473333333,9.3946331,11.901807615000001,9.1898438
2016-03-02,22800,17.92,1.0,1.0,1.0,1.0,64.46819314144082,36.04898091415602,100.81732177734375,44.416996002197266,60.73606491088867,31.33326530456543,70.30772399902344,31.66391944885254,86.67932891845703,46.99850845336914,63.906614785992225,37.96264591439688,32.53529739379883,18.823896408081055,18.67438752241,8.658921616666667,14.84409163,7.4517253
2016-03-04,25100,18.68,2.0,2.0,0.0,2.0,66.65388340409622,36.04898091415602,66.04753112792969,44.416996002197266,39.258323669433594,18.23979949951172,36.66314697265625,21.162540435791016,53.51852798461914,29.543560028076172,42.142412451361885,19.30758754863814,30.261119842529297,17.72772216796875,24.897383240866667,9.6261149322,17.540620434999997,9.431686
2016-03-06,22100,17.69,1.0,1.0,0.0,1.0,32.46252584448093,12.425829835328225,42.114280700683594,22.74674415588379,27.895902633666992,9.777558326721191,26.700599670410156,18.670536041259766,33.12745666503906,16.324914932250977,29.896692607003892,11.06517509727626,17.68108367919922,9.72219467163086,19.9374218115,7.0950067885,7.65029203,4.84909181
2016-03-10,22700,17.91,2.0,2.0,1.0,2.0,42.55945505857838,30.098514310716443,52.7479133605957,44.972225189208984,45.02983093261719,29.108625411987305,62.03058624267578,51.32108688354492,62.55656814575195,47.07661437988281,48.18891050583656,32.11750972762645,30.10018539428711,25.198427200317383,18.61991181333333,9.295383801666667,20.1261865,9.632095
2016-03-15,18800,,0.0,0.0,0.0,0.0,50.74734420081455,22.284971360722647,41.291351318359375,20.34880256652832,38.183326721191406,18.28797721862793,50.97050094604492,19.349533081054688,48.87955093383789,22.296213150024414,45.76108949416343,23.03657587548638,29.043888092041016,11.353635787963867,11.677570705666668,4.95533964,5.308712997000001,3.24754725
2016-08-28,7010,10.55,1.0,0.0,0.0,1.0,0.43394646280708704,0.43394646280708704,1.356806755065918,1.343559741973877,0.7607693672180176,0.6566120386123657,0.07986004650592804,0.06720498949289322,1.1776096820831299,1.1775237321853638,0.7544747081712064,0.44591439688715956,0.0017015247140079737,0.00129629613365978,7.074748984666668,3.712935625,0.264022539,0.1401203
2016-09-03,8010,11.17,0.0,0.0,0.0,0.0,32.92962141594285,12.412630987611829,18.03894805908203,12.248880386352539,21.828994750976562,11.86726188659668,28.768951416015625,15.140039443969727,25.386905670166016,16.25146484375,22.985603112840476,12.554474708171213,0.5220193266868591,0.35431772470474243,9.179252461266666,4.677817964666666,1.7951668148000002,1.734695675
2016-09-18,13300,13.81,2.0,2.0,2.0,2.0,42.308116688383485,40.22825818216823,20.60801124572754,13.083231925964355,52.34086608886719,35.5333137512207,40.345951080322266,34.01687240600586,47.83743667602539,32.212562561035156,52.35038910505837,43.411284046692614,3.1177573204040527,2.6768243312835693,16.89875898216667,8.455040916666668,5.000106637,4.10442092
2016-09-25,8460,11.43,0.0,0.0,1.0,1.0,7.729569781164952,6.0677628990683,6.608863353729248,4.442333221435547,7.195044994354248,5.580167770385742,5.886935710906982,4.631944179534912,6.193996906280518,3.499596357345581,7.502140077821017,6.532295719844363,0.4174973666667938,0.41630128026008606,2.1349824921000002,1.9565541355,0.26132734544999997,0.2606412565
2016-10-02,7760,11.02,0.0,0.0,0.0,0.0,2.590630976328747,2.281460804701382,3.694880962371826,3.429710626602173,2.2801756858825684,2.1477103233337402,4.1644206047058105,2.5097155570983887,6.2914323806762695,3.940359115600586,2.519260700389105,2.203501945525292,,,9.664538036583332,4.389840427416667,1.01289930975,0.79572785
2016-10-07,8230,11.3,1.0,1.0,1.0,1.0,20.742495219939055,13.935326949132332,28.72764778137207,22.800601959228516,30.02130699157715,14.58781623840332,25.496505737304688,19.52638053894043,34.79553985595703,29.001604080200195,31.7464980544747,16.136186770428008,1.8808645009994507,1.2897603511810303,20.349932267499998,7.882317919166667,6.473483215,3.33576565
2016-10-09,31000,20.1,2.0,1.0,1.0,2.0,103.36998663896811,74.04022947278578,85.6872329711914,53.25908660888672,79.44348907470703,61.76559066772461,80.12075805664062,51.05731964111328,96.0042953491211,48.78359603881836,97.78871595330735,78.9801556420233,8.646183967590332,6.150770664215088,15.001552745933335,7.882317919166667,6.2205516549999995,2.33678533
2016-10-12,13200,13.81,2.0,1.0,0.0,2.0,4.604780112589303,2.8400592719966875,0.0360383614897728,0.034567445516586304,13.803783416748047,11.051240921020508,0.3440210223197937,0.3440169394016266,0.04367617890238762,0.038159895688295364,10.009727626459151,8.322762645914406,0.015146002173423767,0.014986960217356682,22.257991630183334,13.755349938333334,4.042908531249999,2.09464557
2016-10-15,40700,22.91,3.0,2.0,2.0,3.0,115.23362334052646,61.00583170568054,105.13868713378906,43.261146545410156,115.96900939941406,51.703678131103516,125.9923095703125,60.69858932495117,104.19477081298828,42.155357360839844,137.18501945525293,64.4153696498055,16.113203048706055,9.762953758239746,34.63336583,16.01482763,29.421799185,16.4019365
2016-10-16,33700,21.0,1.0,1.0,0.0,1.0,131.03875532569666,61.00583170568054,110.70329284667969,43.261146545410156,91.34156036376953,51.703678131103516,112.99977111816406,60.69858932495117,95.3525390625,36.552616119384766,104.9503891050584,64.4153696498055,17.856046676635742,9.762953758239746,35.00017502666667,16.01482763,28.774322715,16.4019365
2016-10-20,33000,20.71,1.0,1.0,1.0,1.0,50.49859078556129,23.741950256646707,71.56019592285156,48.86800003051758,64.29608154296875,33.604373931884766,68.3743896484375,50.0372314453125,59.75724792480469,41.82658004760742,74.32490272373539,40.447470817120596,4.884365558624268,4.0330963134765625,23.97256527633333,12.692507026666666,12.1604933,6.7545932
2016-10-27,36700,21.8,2.0,1.0,0.0,2.0,58.328550640301316,48.62770360651253,20.62649154663086,14.723566055297852,55.441410064697266,42.94771194458008,47.19208526611328,20.456491470336914,51.586585998535156,27.663278579711914,61.64241245136187,51.6943579766537,6.005641937255859,3.063560724258423,37.5425444315,14.112105188166666,20.14100225,9.243248000000001
2016-11-03,34000,21.1,3.0,3.0,3.0,3.0,71.08322562724638,28.319747628490965,55.96492385864258,22.10826873779297,42.89449691772461,22.99756622314453,53.6812744140625,31.298721313476562,48.857994079589844,28.937084197998047,55.12801556420233,30.38346303501946,5.121809482574463,2.2570700645446777,33.95804099666666,14.410411529999998,29.6737549,13.842872
2016-11-08,25700,18.5,4.0,4.0,4.0,4.0,46.178889178886195,37.277476178984344,17.444747924804688,11.919831275939941,11.045638084411621,5.512906074523926,16.593761444091797,14.455175399780273,4.924252510070801,2.9178173542022705,9.963813229571988,6.473929961089499,0.7907424569129944,0.7850648760795593,35.53358612833333,17.501340878333334,22.7056212,13.899955
2016-11-12,20700,16.8,3.0,3.0,2.0,3.0,15.198172064986434,10.632554483003416,30.4815673828125,27.856388092041016,30.971393585205078,23.956857681274414,14.357118606567383,14.352764129638672,21.844785690307617,21.314674377441406,35.83268482490274,31.03482490272375,3.9758241176605225,3.9728686809539795,19.277174104833335,8.24924745,14.865412845,8.3619465
2016-11-14,31700,20.38,1.0,1.0,1.0,1.0,62.82186044117233,29.698510532853252,80.90229797363281,42.7257080078125,68.19126892089844,25.373149871826172,51.5669059753418,30.063796997070312,66.56285095214844,36.072505950927734,82.61245136186773,31.3898832684825,5.1642746925354,3.9728686809539795,52.16560757783333,22.222015746166665,47.593275500000004,23.991606
2016-11-20,19700,16.47,1.0,1.0,0.0,1.0,11.880694077463499,7.153072661739804,20.534442901611328,10.473227500915527,22.059284210205078,10.171008110046387,15.770864486694336,8.22780704498291,22.430999755859375,10.90944766998291,23.321984435797678,12.7330739299611,0.9264239072799683,0.5558452606201172,24.18989286833333,8.247666258333334,12.541259100000001,5.48116895
2016-11-26,24200,17.99,1.0,0.0,0.0,1.0,57.385716975760964,35.44747796614813,66.31572723388672,35.25633239746094,69.86827087402344,36.7610969543457,85.91761016845703,36.04199981689453,65.37039947509766,42.51063919067383,71.09863813229573,37.843579766536976,0.1732138693332672,0.1732138693332672,21.0877785689,10.572388130733334,6.25512408,5.1255462
2016-12-12,15000,14.62,0.0,0.0,0.0,0.0,51.861451230131195,17.896910141120678,57.86293029785156,31.965665817260742,34.58101272583008,17.216344833374023,48.10649108886719,22.77548599243164,47.4751091003418,23.61112403869629,37.54961089494162,18.58988326848248,4.1276702880859375,2.6615352630615234,28.910541733333336,14.076489933333333,19.608370299999997,13.4345485
2016-12-20,11400,12.98,1.0,0.0,0.0,1.0,34.649021004007665,25.026571681349044,61.386932373046875,29.787050247192383,55.42816925048828,22.656526565551758,57.769256591796875,30.00861358642578,69.06657409667969,34.07949447631836,58.25933852140079,26.164007782101184,4.400035858154297,3.1035139560699463,25.605775849833336,9.970707816500001,9.728734165,4.92492645
2016-12-30,12300,13.42,0.0,0.0,0.0,0.0,54.45845504896448,26.223015261881667,41.5682373046875,17.80025291442871,30.237384796142578,23.14864158630371,34.929351806640625,16.691143035888672,49.35608673095703,26.639463424682617,38.26128404669256,27.339688715953265,3.417192220687866,2.742807149887085,19.49243588,8.344165466666666,5.639487890000001,4.1566359
2017-01-19,29000,19.57,4.0,4.0,3.0,4.0,96.03717215202508,54.48287761826816,125.88431549072266,68.47090911865234,93.55044555664062,45.79951095581055,113.7133560180664,73.38326263427734,105.12892150878906,58.387088775634766,119.0620622568094,58.68190661478604,10.189567565917969,7.041109085083008,63.925174983333335,27.370293316666665,48.673255999999995,17.8859145
2017-02-04,10600,12.57,0.0,0.0,0.0,0.0,23.243500983998953,22.18168071442307,34.61991500854492,24.152462005615234,48.392333984375,26.461776733398438,39.71507263183594,32.03567886352539,36.97425842285156,27.669450759887695,53.07723735408561,28.62178988326849,2.492720127105713,2.479405403137207,1.6541152895000002,0.837581852,0.6572463435,0.591316606
2017-02-10,32900,20.76,2.0,2.0,2.0,2.0,77.32276293814488,45.76125623300016,74.58573913574219,46.59576416015625,89.33748626708984,40.88227844238281,95.28510284423828,71.93592071533203,104.74971008300781,73.35739135742188,100.95311284046696,50.07120622568097,3.528978109359741,1.5353903770446777,19.643482116833333,7.481423761666666,3.3677536775,2.88230325
2017-02-16,47500,24.55,4.0,4.0,4.0,4.0,76.53956782378935,59.132969353896485,80.57199096679688,41.98203659057617,79.18399810791016,46.81193542480469,77.75404357910156,41.91476058959961,83.06532287597656,44.2191047668457,100.93287937743192,64.5215953307393,3.871861457824707,2.4770302772521973,15.764058011416669,6.497858523333334,8.60338237,4.446261
2017-03-04,17000,15.84,0.0,0.0,0.0,0.0,63.23221603782409,35.71929256227686,56.18879699707031,36.46392822265625,56.13051986694336,34.15199661254883,60.712745666503906,35.29137420654297,61.851524353027344,33.59065246582031,59.13229571984436,37.168482490272375,4.36316442489624,2.1568057537078857,22.0333677585,9.749244525,15.191197237499999,6.12410268
2017-03-10,16600,15.65,1.0,0.0,0.0,1.0,53.60699809395332,25.020910126301345,38.79631805419922,25.11309814453125,40.94768524169922,21.617149353027344,50.599365234375,24.712528228759766,42.858760833740234,22.129947662353516,50.2367704280156,26.344941634241273,1.36384916305542,1.006469964981079,12.6950204855,7.551713791333334,9.0396839,4.9523615
2017-03-12,19500,16.78,2.0,2.0,0.0,2.0,51.862728515273076,25.020910126301345,61.80692672729492,25.11309814453125,31.634456634521484,12.618767738342285,52.650299072265625,24.712528228759766,46.24127197265625,22.129947662353516,35.81284046692609,16.40272373540857,2.2859911918640137,1.9706467390060425,21.121434071833335,8.053933755000001,16.464764600000002,9.625281000000001
2017-03-15,41900,23.32,1.0,1.0,0.0,1.0,69.90948189330602,42.1421606595384,84.8115234375,39.2115592956543,70.52690124511719,32.601253509521484,67.29946899414062,24.2426815032959,79.57835388183594,35.89288330078125,88.34727626459143,44.13112840466924,2.3497912883758545,2.3497912883758545,19.775549574666666,8.586134766666667,18.064735,8.877699
2017-03-17,28200,19.63,1.0,0.0,0.0,1.0,66.51763290325918,42.1421606595384,27.831056594848633,19.513896942138672,46.92378234863281,27.64110565185547,36.84178161621094,19.324359893798828,37.83359146118164,20.31049156188965,56.08988326848251,30.957976653696495,0.9742258191108704,0.9742247462272644,21.94111866516667,10.389943248833335,18.218345,7.3437175
2017-03-24,21200,17.38,0.0,0.0,0.0,0.0,27.162292539389593,14.305009534892344,31.520614624023438,15.574406623840332,35.39238739013672,17.093236923217773,40.6060791015625,22.062070846557617,31.877527236938477,15.692895889282227,42.3896887159533,21.448638132295716,2.441519260406494,1.565239429473877,18.12734126166667,8.249063000000001,7.2701056,4.0401268
2017-03-29,25000,18.63,1.0,1.0,0.0,1.0,54.49940342064341,32.89760610934197,65.83560943603516,28.480215072631836,57.540523529052734,26.574546813964844,69.54906463623047,32.13005828857422,61.99695587158203,26.875661849975586,75.94182879377432,33.584435797665385,3.557241916656494,2.7597970962524414,18.823133815,8.447792888333334,12.782281699999999,5.5527155
2017-04-04,16800,15.73,1.0,1.0,1.0,1.0,9.503070768752861,5.8007916047114945,2.523634910583496,2.289199113845825,9.70167064666748,6.772577285766602,3.1474533081054688,2.0007736682891846,5.139033317565918,3.5366687774658203,9.644163424124523,5.806420233463043,0.061239659786224365,0.04895860329270363,16.686744579,6.721307483333334,13.6510618,7.79447055
2017-04-09,19300,16.71,0.0,0.0,0.0,0.0,32.3378489771377,16.957891019762815,29.609888076782227,13.212566375732422,25.56315040588379,15.24880313873291,38.531890869140625,17.391239166259766,34.94676971435547,15.167091369628906,27.174124513618686,17.82062256809339,1.127873182296753,0.5718568563461304,11.068161749083334,7.794407733333333,8.01474925,6.177509499999999
2017-05-02,15700,15.3,0.0,1.0,0.0,1.0,13.384617597499084,8.974311666780402,14.210617065429688,11.337464332580566,8.154600143432617,4.454539775848389,13.330681800842285,9.818260192871094,12.189523696899414,9.704947471618652,8.196692607003891,3.4145914396887176,0.0032374695874750614,0.0020588201005011797,9.082801198333332,3.749314949999999,5.99049915,2.58968525
2017-05-04,20500,17.12,0.0,0.0,2.0,2.0,12.647130028289041,6.931787763139941,2.4115755558013916,1.56710946559906,23.04178237915039,14.390995979309082,7.850739479064941,7.194421291351318,13.839836120605469,11.274909019470215,26.423346303501944,15.815175097276258,0.9439794421195984,0.942590594291687,9.199959031833334,3.7749491250000005,6.6733511,2.9572311
2017-05-17,19000,16.58,0.0,0.0,0.0,0.0,27.95555828723399,12.293428279131822,27.23365592956543,20.871389389038086,23.915454864501953,12.677380561828613,23.553983688354492,19.057361602783203,20.314619064331055,14.963093757629395,26.044163424124505,13.419260700389101,3.140211582183838,2.6793594360351562,19.7429774805,10.459696416666667,16.7983166,8.228532
2017-06-08,33100,21.05,2.0,2.0,0.0,2.0,1.5264856577160846,1.3222982774828749,8.295252799987793,8.294523239135742,14.717887878417969,12.427821159362793,6.24747896194458,6.24747896194458,15.613109588623047,15.578357696533203,16.557782101167305,15.191050583657578,0.0009368186583742499,0.0009368186583742499,4.8005814860383325,2.2671282854999997,2.6771759950000003,2.1126001
2017-06-16,27600,19.43,1.0,1.0,1.0,1.0,28.74413958567517,26.760061191099325,42.5755615234375,24.874900817871094,22.88100242614746,19.576522827148438,32.992698669433594,17.10287857055664,31.809158325195312,17.57821273803711,28.28326848249026,26.23326848249026,0.15468718111515045,0.14751288294792175,5.914430448433333,2.583328658433333,2.266574985,1.72353195
2017-06-18,22600,17.87,2.0,2.0,1.0,2.0,29.892386236899387,26.760061191099325,26.15824317932129,24.874900817871094,6.938715934753418,3.576111078262329,16.00823402404785,15.73715877532959,16.135103225708008,13.659528732299805,5.714591439688716,2.6838521400778217,0.16896173357963562,0.14751288294792175,10.326111303200001,4.487571045666667,3.2031365739999997,1.72353195
2017-06-22,22800,17.94,0.0,0.0,0.0,0.0,0.7597361377183968,0.7421242829263531,1.173055648803711,1.1530271768569946,0.45809033513069153,0.45809033513069153,0.9080471992492676,0.905861496925354,2.1896870136260986,2.1613779067993164,0.7058365758754865,0.7058365758754865,0.04207628220319748,0.038302868604660034,8.638736349833334,4.555149601499999,4.930123945,4.13016525
2017-07-23,10800,13.08,1.0,2.0,2.0,2.0,1.4714015316799993,1.3578049731645627,0.08610883355140686,0.08610871434211731,0.07387127727270126,0.049588754773139954,0.3015945255756378,0.28552213311195374,0.7750680446624756,0.40350964665412903,0.13365758754863807,0.10194552529182872,0.1378331035375595,0.1281740665435791,12.76942091105,8.116860244383334,0.0,0.0
2017-08-14,9060,12.17,0.0,0.0,0.0,0.0,5.018017208948464,3.8546233278969444,2.0492820739746094,1.4952795505523682,5.737331390380859,3.3022615909576416,4.93610143661499,4.866262912750244,3.5148987770080566,3.474748373031616,5.068677042801557,3.839299610894945,0.3909348249435425,0.3839130401611328,1.8177915753499998,1.8026980570166664,0.0075834802,0.0075834802
2017-09-09,8220,11.69,1.0,0.0,0.0,1.0,1.2589655833264963,1.2438451245286455,1.0771310329437256,0.7314218878746033,7.694669723510742,6.865431785583496,1.3940939903259277,1.2942285537719727,3.3521764278411865,2.544084310531616,7.693774319066143,6.529766536964976,0.40085816383361816,0.36891046166419983,6.6404965376666665,3.2500617243333334,0.9463242900000001,0.34500246
2017-09-13,7500,11.26,0.0,0.0,0.0,0.0,0.026464627535272938,0.026464627535272938,0.011651807464659214,0.010768398642539978,0.0,0.0,0.0004281818401068449,0.00036716612521559,0.015425540506839752,0.014223512262105942,0.13307392996108944,0.13307392996108944,0.00027668860275298357,0.0002527234610170126,10.422506576066667,6.251786043,2.6628707725000003,2.045509335
2017-09-17,7200,11.08,1.0,1.0,1.0,1.0,0.05422179723901044,0.05422179723901044,0.021705903112888336,0.02168787643313408,6.85863733291626,6.85863733291626,5.44887638092041,5.44887638092041,6.100505828857422,6.100465297698975,7.606809338521402,7.5404669260700405,1.307189631916117e-05,1.307189631916117e-05,6.663594405103334,3.7314387078333335,3.6790883715000002,2.66562745
2017-10-02,7230,11.1,0.0,0.0,0.0,0.0,23.578887177941105,15.109294449536568,11.234953880310059,5.570390224456787,14.490318298339844,9.996790885925293,13.297447204589844,6.345307350158691,15.915227890014648,9.069307327270508,17.89494163424124,14.215953307392992,0.001008714665658772,0.001008714665658772,23.37682911333333,10.065162133333333,10.864216039999999,6.32560445
2017-10-07,6630,10.71,1.0,0.0,0.0,1.0,13.58457360552543,13.1646041977246,6.309249401092529,6.305321216583252,27.278825759887695,14.152813911437988,11.458793640136719,11.228891372680664,22.03951644897461,17.467153549194336,32.176264591439676,17.860505836575857,0.29025015234947205,0.1946183294057846,26.852542995,11.571692473333334,12.263295920000001,6.4581902
2017-10-12,6670,10.74,0.0,0.0,0.0,0.0,8.05461950974457,3.9752982814006517,14.58395767211914,8.205375671386719,13.973245620727539,8.695013999938965,12.621713638305664,7.569013595581055,12.603248596191406,5.9430623054504395,16.642607003891055,9.215175097276267,0.7616433501243591,0.7612119913101196,17.382587808500002,6.403049676666668,0.7465725755,0.38698253
2017-10-17,8560,11.89,3.0,3.0,3.0,3.0,8.306131934987498,7.004824096745861,25.72562026977539,25.622119903564453,27.04363250732422,17.995290756225586,24.62578773498535,24.457609176635742,29.65615463256836,26.760360717773438,31.015369649805457,23.56906614785992,1.8332332372665405,1.6752572059631348,25.3248487615,8.830172298166666,15.920046575,7.53159764
2017-10-19,36400,21.73,4.0,4.0,4.0,4.0,111.33157369050613,82.01766546552085,92.07675170898438,53.11552810668945,115.23063659667969,70.6585464477539,121.27497100830078,58.32109832763672,122.60224914550781,53.74715042114258,141.86789883268486,86.58871595330743,18.452402114868164,9.562467575073242,20.539693981666666,8.153257546666666,16.24995746,7.53159764
2017-10-21,22500,17.81,3.0,3.0,1.0,3.0,123.8241415225525,82.01766546552085,86.45855712890625,53.11552810668945,90.63004302978516,52.780113220214844,102.24559020996094,58.32109832763672,96.19932556152344,53.74715042114258,106.01050583657587,63.91245136186773,9.983901023864746,7.214677810668945,28.825662060666666,12.083807026666664,17.424814965,6.831108
2017-10-25,16400,15.6,1.0,1.0,1.0,1.0,18.57296557776718,17.68201911279907,6.9428791999816895,4.870696544647217,8.082836151123047,6.678267478942871,3.4274649620056152,2.2082531452178955,6.258657932281494,5.3304548263549805,7.777042801556423,6.8579766536965,0.4104572832584381,0.40623071789741516,22.053760320499997,7.767713765,5.92312707,2.894865945
2017-11-04,11500,13.44,0.0,0.0,0.0,0.0,26.785424455057875,16.908688339630913,24.100393295288086,12.708560943603516,22.473329544067383,16.48195457458496,38.021095275878906,20.478797912597656,26.65399169921875,17.537174224853516,22.41848249027236,16.70856031128403,5.196541786193848,4.571293830871582,24.074112839433333,10.724882889433333,15.138487399999999,8.509288
2017-11-08,8690,11.96,1.0,0.0,0.0,1.0,4.787470361885631,3.148560228539866,1.9151482582092285,1.4131642580032349,3.0286803245544434,1.6637967824935913,0.4736154079437256,0.44235169887542725,0.9252808094024658,0.5201542377471924,2.935214007782101,1.6036964980544748,0.09721454977989197,0.09138448536396027,24.438748489600002,12.769101943333334,14.51256152,8.29596205
2017-11-14,14900,14.99,2.0,2.0,1.0,2.0,59.973114761750054,32.71889488008692,49.95231628417969,20.555892944335938,67.49454498291016,28.296245574951172,67.98210144042969,26.500635147094727,89.4833984375,42.031333923339844,77.83463035019453,34.38521400778209,1.2794638872146606,1.2315359115600586,24.665345956166664,10.638559935,15.246657137,6.651978387
2017-11-15,15900,15.39,1.0,1.0,1.0,1.0,74.55559856166803,32.71889488008692,66.8257827758789,26.567184448242188,64.78860473632812,28.296245574951172,76.51443481445312,26.500635147094727,127.92133331298828,51.97944641113281,74.2112840466926,34.38521400778209,4.436203479766846,3.204667568206787,23.022335454499995,8.995549433333332,16.13628705,7.5416083
2017-11-20,15100,15.06,2.0,2.0,2.0,2.0,37.42399038824615,30.145866124169547,54.80044174194336,36.6678581237793,43.615989685058594,26.714845657348633,48.22160339355469,33.157379150390625,55.422088623046875,34.3275032043457,50.571011673151745,31.92354085603111,1.4449611902236938,1.3916943073272705,41.537210083333335,15.2547631,26.29198565,10.9107605
2017-11-23,76900,30.22,4.0,4.0,4.0,4.0,139.13341681040953,70.6175105193377,116.34916687011719,48.65868377685547,142.18865966796875,59.86753463745117,109.5628662109375,49.79006576538086,108.81706237792969,49.158626556396484,171.32159533073923,75.53190661478597,0.0,0.0,67.6857715,27.28114666666666,51.588874,19.829932
2017-11-25,55900,25.94,3.0,3.0,3.0,3.0,96.30717205786704,51.37765581703551,55.66636276245117,39.37571716308594,58.891990661621094,35.261940002441406,67.53729248046875,49.79006576538086,64.51454162597656,49.158626556396484,62.53929961089494,40.73346303501946,1.1523969173431396,0.6959012150764465,48.31532762692667,17.975166833333336,27.4009992,14.4812195
2017-12-01,29900,19.65,0.0,0.0,0.0,0.0,42.74264427991032,22.491741841427455,23.614757537841797,15.280013084411621,30.998992919921875,14.944049835205078,31.216567993164062,12.517298698425293,49.467529296875,22.643470764160156,38.87568093385214,18.709338521400774,0.9943825006484985,0.6611111164093018,29.901896191810003,12.941836008333334,10.253586785,5.1880012
2017-12-19,19800,16.38,1.0,0.0,0.0,1.0,75.51153150582633,45.77518731914105,73.25223541259766,36.913482666015625,95.62147521972656,38.27496337890625,100.53883361816406,41.963382720947266,115.91423797607422,43.28771209716797,116.63735408560316,47.056420233463044,9.816110610961914,8.07026481628418,21.533266759500002,9.912903456666667,12.270373009999998,7.356902
2017-12-23,13800,14.0,0.0,0.0,0.0,0.0,3.527684509353962,1.435030590761079,1.8218979835510254,1.805717945098877,3.7746739387512207,3.429267406463623,2.170700788497925,2.163285255432129,2.6122066974639893,2.550689697265625,2.8398832684824895,1.4338521400778206,0.003112201113253832,0.002296297112479806,9.607932961666666,3.9639451649999997,2.727262735,1.36435157
2017-12-30,23800,17.73,1.0,1.0,0.0,1.0,84.93495035148715,44.15947044328795,56.24890899658203,24.697282791137695,73.39617919921875,39.6735725402832,87.70263671875,31.588510513305664,89.14389038085938,38.87310791015625,94.30525291828792,46.039494163424095,5.603918552398682,2.286677837371826,17.168899314833332,5.954619041833333,12.072228149999999,5.1023659
2018-01-05,15100,14.54,1.0,1.0,1.0,1.0,4.779804975481527,4.077445511180858,12.722088813781738,11.329995155334473,20.10713005065918,12.117844581604004,13.747123718261719,13.111083030700684,11.491837501525879,11.123894691467285,24.223929961089514,19.778015564202352,0.9193975329399109,0.9193441271781921,13.774302819949998,8.77790235,11.879121744999999,7.97230235
2018-01-08,18600,15.96,1.0,1.0,0.0,1.0,37.48145505316541,19.365191222490818,35.049842834472656,18.074617385864258,30.726276397705078,13.788948059082031,28.834060668945312,9.995176315307617,39.861690521240234,15.546050071716309,32.836575875486396,14.571789883268485,2.4197371006011963,1.4533277750015259,23.835022641966663,10.9334534,16.1295364,8.695888499999999
2018-01-15,24200,17.91,1.0,1.0,0.0,1.0,27.186435925452855,22.98730399914043,4.403598785400391,4.344351768493652,8.1343355178833,4.765705585479736,11.749958992004395,11.748624801635742,23.670513153076172,23.623926162719727,6.284435797665368,3.693385214007779,2.6354422569274902,2.6353421211242676,45.815676575,25.460275418333335,31.083897999999998,14.2484575
2018-01-18,28300,19.17,3.0,3.0,2.0,3.0,38.18677624494654,28.860258076888424,67.90507507324219,30.60169792175293,49.986412048339844,27.67536163330078,38.937625885009766,20.58832550048828,29.68649673461914,12.599030494689941,56.856614785992235,31.666731517509746,2.4241151809692383,1.7624529600143433,23.023836766166667,11.945629061666667,14.187834385,7.5764416
2018-01-20,23800,17.75,1.0,1.0,1.0,1.0,58.849980869695514,28.860258076888424,56.78562927246094,30.60169792175293,35.97846221923828,14.109392166137695,46.45001983642578,20.58832550048828,49.42570495605469,23.93425941467285,42.67081712062256,17.0544747081712,2.008094549179077,1.7624529600143433,41.041141989,21.037154377333334,18.0570478,7.5764416
2018-01-29,28100,19.08,2.0,2.0,2.0,2.0,47.80873423096783,21.001174007045606,85.50434875488281,38.76512145996094,71.49348449707031,38.33470916748047,81.48490905761719,35.55384826660156,102.11227416992188,38.99872589111328,92.11498054474708,54.316536964980536,11.227912902832031,8.722826957702637,6.770331736166666,2.6356267545,0.4819922335,0.26033962499999996
2018-02-04,44500,23.4,1.0,1.0,1.0,1.0,75.66002868261211,32.18529255668246,105.96625518798828,66.9058837890625,89.45686340332031,32.9605712890625,73.88986206054688,40.2758674621582,124.14767456054688,63.830528259277344,103.57003891050584,39.99844357976656,1.834549069404602,1.2766839265823364,23.026867811,9.627898544333334,17.46287315,6.36533375
2018-02-06,46700,23.95,0.0,0.0,2.0,2.0,77.64016450038375,37.51558514626031,93.50833892822266,66.9058837890625,47.92416763305664,31.62987518310547,67.40914916992188,40.2758674621582,90.16668701171875,63.830528259277344,53.66692607003894,39.99844357976656,2.463613271713257,2.4557244777679443,18.4275313434,6.951668893400001,15.91258545,6.6080646000000005
2018-02-18,20300,16.56,0.0,0.0,0.0,0.0,63.79255633577562,36.00107644392929,52.73121643066406,25.909557342529297,52.0831184387207,31.79549789428711,57.20887756347656,29.15997314453125,62.4130973815918,29.021774291992188,63.54182879377427,39.08501945525288,0.9056601524353027,0.47205880284309387,18.366414825,10.050762716666666,7.50349052,3.3554590500000003
2018-03-27,12400,13.37,0.0,0.0,1.0,1.0,23.94108601056536,18.728621385293525,50.43597412109375,39.05470657348633,32.423126220703125,15.675864219665527,40.24964904785156,26.74232292175293,48.66712188720703,36.119998931884766,43.09241245136185,22.61556420233462,0.9678699374198914,0.9595387578010559,12.117440490233331,5.85940004,10.121780069,5.2577774999999995
2018-03-31,13000,13.63,0.0,0.0,0.0,0.0,9.970179725650263,4.995260031484281,14.15899658203125,8.640172004699707,13.611030578613281,6.829092025756836,7.461289405822754,5.703274726867676,9.166223526000977,7.796029090881348,8.849221789883256,4.898054474708164,0.4815632402896881,0.39552295207977295,16.56863895833333,8.6947713,12.09083655,8.0299802
2018-04-06,14000,14.08,1.0,0.0,0.0,1.0,25.881172096280622,12.554977057768783,24.7037353515625,16.161333084106445,31.17047119140625,11.73433780670166,30.99648666381836,20.00583267211914,32.02963638305664,20.634265899658203,31.118093385213996,12.84221789883268,1.2501258850097656,0.8036288022994995,27.384476838050002,11.54947885,24.525018250000002,11.57292
2018-04-08,22800,17.43,2.0,1.0,0.0,2.0,41.81111474508993,23.84282792457887,55.12553024291992,26.23551368713379,39.28544616699219,20.525917053222656,59.731475830078125,28.128803253173828,57.655059814453125,25.527124404907227,46.634824902723764,25.024708171206267,1.779826045036316,1.338655710220337,23.88821456666667,11.54947885,24.07855545,11.57292
2018-04-10,19300,16.22,1.0,1.0,1.0,1.0,40.527753341122335,23.84282792457887,38.079750061035156,22.341732025146484,18.308551788330078,10.199127197265625,44.87718963623047,28.128803253173828,39.4932975769043,25.527124404907227,22.14571984435797,15.379571984435792,1.3393888473510742,1.338655710220337,11.452482768833333,4.256337816666667,9.09787515,4.3521709
2018-04-16,22800,17.44,0.0,0.0,0.0,0.0,71.00339573564767,34.24279537985019,56.44977569580078,29.85268211364746,56.04071044921875,23.566205978393555,71.14195251464844,33.19367980957031,71.5481185913086,30.709747314453125,69.41828793774319,31.567704280155656,2.589552640914917,2.589552640914917,9.450757068783336,5.967681596666668,3.732764135,3.00187195
2018-06-07,17500,15.52,1.0,1.0,1.0,1.0,0.5279369012196237,0.3806596551661203,0.0019623213447630405,0.0010553434258326888,0.04563051834702492,0.02437738887965679,0.061930570751428604,0.06191488355398178,0.13214299082756042,0.07099074125289917,0.17120622568093394,0.14202334630350202,0.001021786592900753,0.0007429194520227611,8.254404896666667,3.558234665,3.364362935,1.5029778
2018-06-12,16000,14.92,0.0,0.0,0.0,0.0,19.91002678643911,11.097472301461728,11.633533477783203,7.540923118591309,9.456426620483398,6.724269390106201,13.844827651977539,11.030844688415527,15.497346878051758,12.918338775634766,12.31731517509727,10.319455252918283,1.4057724475860596,0.9253255724906921,11.357460309,4.988410598333334,5.64757539,3.3338122500000003
2018-07-01,14100,14.33,1.0,0.0,0.0,1.0,9.16083558323307,7.420902505340713,3.416989803314209,3.0176401138305664,13.035411834716797,6.78347635269165,4.631408214569092,2.244687080383301,8.918853759765625,3.962533473968506,9.251167315175094,6.0593385214007744,0.14390429854393005,0.101429283618927,2.919555728166667,1.3966947866666668,1.5742773725,1.24527911
2018-07-07,17600,15.76,1.0,0.0,0.0,1.0,9.023151053299362,8.491485661360253,0.7657806873321533,0.6242201924324036,7.669412136077881,5.91446590423584,2.265626907348633,2.2093379497528076,4.038599014282227,3.677553176879883,9.00389105058366,8.36867704280156,0.3443312644958496,0.18037262558937073,2.3764471694333333,1.8202489261666666,1.4506168847999998,1.3919443999999999
2018-08-13,9450,12.08,0.0,0.0,0.0,0.0,7.0262810719832975,6.586281070150489,9.247190475463867,7.339426517486572,7.553050518035889,7.181741237640381,4.71137809753418,3.5680651664733887,6.201251983642578,5.3662428855896,6.716147859922174,6.379766536964976,1.0302947759628296,0.74769127368927,0.19726343016666664,0.10830654033333333,0.0969680955,0.052201626
2018-08-27,7000,10.65,1.0,1.0,0.0,1.0,8.966156796209896,6.214680697277445,1.6172791719436646,0.7966941595077515,7.702302932739258,5.223024845123291,9.495478630065918,5.80058479309082,6.749176025390625,3.447209596633911,8.919649805447474,6.3990272373540895,0.15763616561889648,0.12307405471801758,3.01684577345,1.9717355,0.12465717035,0.12465717035
2018-09-01,6570,10.37,0.0,0.0,0.0,0.0,0.4984722744644999,0.42745124144492097,0.9505559802055359,0.8582172393798828,0.006298590451478958,0.006292001809924841,0.3348693251609802,0.287835955619812,0.43202224373817444,0.2872655391693115,0.06906614785992218,0.0529182879377432,0.04845752939581871,0.0484030619263649,1.0999747393966668,0.7712011147133334,0.12495764113999999,0.10984123949999999
2018-09-10,8380,11.49,1.0,1.0,1.0,1.0,23.58733268831429,17.660076476875727,19.164213180541992,13.476177215576172,28.467872619628906,15.351805686950684,19.11880874633789,14.065529823303223,21.38471221923828,15.663847923278809,35.74805447470818,18.6023346303502,2.3092401027679443,1.8738676309585571,2.6115911023333336,1.0889466373333334,0.7895932520000001,0.33772786
2018-09-16,8420,11.51,0.0,0.0,0.0,0.0,16.84343406429468,6.295166359690818,16.840679168701172,16.371767044067383,18.920326232910156,9.989324569702148,24.010669708251953,15.514558792114258,32.55228042602539,22.003171920776367,23.611089494163426,12.688132295719845,2.255418062210083,2.0897297859191895,8.509047796133334,3.637795350333334,4.3050905395,2.31612552
2018-09-22,9710,12.22,2.0,2.0,1.0,2.0,19.102210297797946,12.24015676587763,26.68163299560547,14.017816543579102,41.047691345214844,20.250856399536133,35.66794967651367,28.40134620666504,37.3015251159668,25.189895629882812,46.96945525291828,26.311478599221783,1.0711743831634521,1.0534946918487549,4.068019906166667,1.7728786088333333,0.14726246599999998,0.12384846
2018-09-26,8750,11.7,0.0,0.0,0.0,0.0,1.463141494872223,1.1194130050198283,0.03512142598628998,0.03512055054306984,0.02437738887965679,0.02437738887965679,0.05019396170973778,0.050185006111860275,0.06780995428562164,0.06601715832948685,0.40350194552529206,0.24182879377431918,0.0005010893219150603,0.0004575163184199482,7.790697588466667,4.36571677,5.5108775437999995,4.9207588
2018-10-01,8500,11.56,1.0,1.0,0.0,1.0,17.531831715013794,12.939713174024913,23.142066955566406,16.80171012878418,40.227577209472656,21.074073791503906,22.374446868896484,14.737525939941406,20.65227699279785,14.68432331085205,43.690856031128405,24.95272373540855,1.4136412143707275,1.4103296995162964,6.0143474105,3.0646643366666666,0.8693577285,0.85655051
2018-10-08,10200,12.49,2.0,1.0,1.0,2.0,3.300116633240002,1.781657744548061,5.638890743255615,5.506898403167725,12.537931442260742,8.933446884155273,6.617676258087158,5.073198318481445,6.4278364181518555,5.815930366516113,10.952334630350194,9.167315175097274,0.2790870666503906,0.26338991522789,19.203895359333334,8.1659289005,17.5520101915,8.602178550000001
2018-10-12,10100,12.45,0.0,0.0,0.0,0.0,2.2838336499450183,2.1146902468259827,0.13470329344272614,0.0875958725810051,0.04596257209777832,0.04596257209777832,0.04165069758892059,0.03656099736690521,0.09566385298967361,0.08607424795627594,0.15272373540856032,0.09085603112840467,0.012801751494407654,0.011089333333075047,18.91243173945,8.526256656116667,7.222675000000001,2.7959189
2018-10-26,8860,11.74,2.0,2.0,1.0,2.0,29.144076499461825,23.12512620046991,55.703590393066406,37.56349563598633,41.593902587890625,20.17874526977539,53.665836334228516,38.89440155029297,58.57139587402344,46.158203125,51.76070038910507,24.945136186770455,5.63411283493042,4.964738368988037,30.899544312859998,15.511904833333332,19.6498876,8.381985
2018-10-28,13400,13.96,1.0,1.0,1.0,1.0,79.48152970401551,32.23338821513247,75.25,37.56349563598633,74.10076904296875,30.205997467041016,89.44685363769531,49.5974235534668,93.53866577148438,46.158203125,86.21770428015571,33.56186770428018,12.39199447631836,7.427222728729248,30.344498235833335,15.511904833333332,13.032658050000002,8.381985
2018-11-02,44400,23.58,4.0,4.0,4.0,4.0,92.74914925207827,54.57040924232731,96.58265686035156,56.41460418701172,88.26063537597656,42.389102935791016,72.36503601074219,38.188987731933594,83.89590454101562,35.39080810546875,118.11536964980546,57.503307392996085,10.124656677246094,10.124656677246094,18.840250019583333,8.811133497,13.389766700000001,8.448885
2018-11-04,38500,22.13,3.0,3.0,3.0,3.0,123.46013581445067,54.57040924232731,102.24726867675781,56.41460418701172,78.60449981689453,32.21128845214844,86.40660095214844,39.73704147338867,94.16655731201172,47.666988372802734,104.24085603112844,43.363618677042844,14.553199768066406,10.124656677246094,24.62791383233333,13.350597934999996,12.107094700000001,8.495219500000001
2018-11-08,20800,16.93,0.0,0.0,0.0,0.0,29.73530205600872,22.77771698551014,12.950968742370605,10.399698257446289,9.029420852661133,7.9018659591674805,12.24553394317627,11.280624389648438,16.26475715637207,14.690678596496582,7.854863813229569,6.93599221789883,1.3482437133789062,1.3482263088226318,31.592208983333336,15.012979383333336,20.1989301,8.33326265
2018-11-14,13900,14.24,0.0,0.0,1.0,1.0,4.314246650332679,3.7081147196985795,13.219264030456543,13.218626976013184,15.77005386352539,11.147856712341309,12.08113956451416,12.08113956451416,21.617952346801758,21.599456787109375,18.344747081712068,14.025291828793776,6.236151695251465,6.236151695251465,28.887106582133335,11.738435801333333,13.11800074,10.6529905
2018-11-21,10700,12.74,1.0,1.0,0.0,1.0,0.3417839391969935,0.2817399618220311,2.7400965690612793,2.7400965690612793,9.958892822265625,9.484790802001953,7.107334136962891,7.107334136962891,4.319175720214844,4.319175720214844,12.389105058365754,12.127821011673147,0.583411693572998,0.5834094882011414,29.523125078333333,16.853772216666666,20.100627950000003,11.9052915
2018-11-27,47300,24.14,3.0,3.0,3.0,3.0,87.74233269373875,80.03373231623415,96.84523010253906,60.399234771728516,102.28829956054688,62.391990661621094,95.69947052001953,60.20186233520508,111.89750671386719,61.98194885253906,132.03929961089483,86.23346303501931,0.6493238210678101,0.4878118634223938,27.334734793566664,9.810668499999998,25.1794355,10.2262166
2018-12-01,19300,16.41,0.0,0.0,0.0,0.0,14.522680692738199,7.421730398447974,9.641550064086914,5.705050468444824,10.12566089630127,5.010251998901367,7.456622123718262,3.7591476440429688,5.10970401763916,3.4754130840301514,7.834824902723739,4.592607003891053,0.1790817677974701,0.1790817677974701,39.0539746,15.377896649999997,32.84038150000001,15.162583000000001
2018-12-09,13100,13.88,1.0,1.0,1.0,1.0,1.2515583171441984,0.7737629068414387,15.003973960876465,11.872615814208984,18.709402084350586,17.12632942199707,5.018882751464844,3.999908447265625,10.604698181152344,6.16392183303833,23.85778210116731,22.626459143968866,0.3481907546520233,0.3089892566204071,26.3618820285,10.303923110666666,12.963686469999999,7.46246505
2018-12-11,15300,14.84,1.0,1.0,1.0,1.0,37.889615696784105,22.05419885861486,54.03373718261719,30.013397216796875,70.99415588378906,39.950042724609375,67.94380187988281,50.78464126586914,69.32149505615234,45.4144172668457,91.1338521400778,52.585603112840445,7.1656341552734375,3.7187929153442383,47.0814535915,18.910441547833333,23.020427599999998,14.592908
2018-12-14,22600,17.58,3.0,3.0,3.0,3.0,93.40422753961204,49.99081837014076,92.878662109375,39.06485366821289,45.547508239746094,20.41664695739746,66.38034057617188,50.891143798828125,84.04754638671875,51.25660705566406,52.8441634241245,24.19260700389105,7.551305294036865,3.9669547080993652,44.9753445,18.953549083333332,39.180146,19.816412
2018-12-17,21800,17.3,2.0,2.0,2.0,2.0,46.2068815129323,31.069038301079498,50.31415939331055,24.47531509399414,58.663143157958984,25.44927215576172,58.715065002441406,33.882659912109375,52.953800201416016,31.089054107666016,68.04883268482487,32.74299610894943,2.647698163986206,2.386075258255005,19.861852312649997,10.38459192265,14.9521133,9.223767500000001
2018-12-18,26000,18.64,1.0,1.0,1.0,1.0,63.98248760952092,31.069038301079498,99.5078353881836,63.05815505981445,86.33822631835938,37.30701446533203,104.23100280761719,56.069915771484375,94.24200439453125,54.51272964477539,100.46361867704277,40.740661478599215,4.233494758605957,2.386075258255005,40.223348779649996,23.017276073666665,23.4882342,9.6843522
2018-12-21,30200,19.93,0.0,0.0,2.0,2.0,79.73106890027883,37.819965599599804,72.8404312133789,41.109283447265625,41.295284271240234,25.47272491455078,46.23640441894531,23.90349578857422,73.4503402709961,48.543521881103516,45.31361867704283,31.270233463035048,4.177379131317139,2.143367052078247,36.80382885833333,13.477073816666666,32.775588,13.156664
2018-12-30,22000,,2.0,0.0,0.0,2.0,66.22701722007476,40.19025811364956,81.55252075195312,67.3900146484375,56.96173858642578,31.80931854248047,54.13310623168945,39.841278076171875,77.6795654296875,50.473140716552734,71.79844357976651,41.616536964980526,4.1936516761779785,3.684196949005127,34.02123487221667,18.12649559555,24.03176135,11.4569415
2019-01-04,35800,21.47,2.0,2.0,2.0,2.0,73.46252396726496,51.78863297867274,106.49647521972656,61.78385543823242,64.32711791992188,39.09018325805664,97.41861724853516,63.42411422729492,108.34230041503906,70.60072326660156,93.75428015564205,58.924708171206255,8.626970291137695,7.076881408691406,32.799499440000005,21.11698361666667,15.2077379,8.5355838
2019-01-10,23400,17.85,2.0,2.0,1.0,2.0,36.77865579185796,21.70761564943804,43.78997039794922,19.792200088500977,37.78556442260742,19.55680274963379,50.72150802612305,22.54217529296875,42.907936096191406,19.7904052734375,42.50525291828796,24.586770428015583,3.0011038780212402,1.8158115148544312,38.61037554833334,17.602567233333332,19.508039699999998,8.624801999999999
2019-01-19,16700,15.4,1.0,1.0,0.0,1.0,30.670430247517867,17.702319328461275,56.38988494873047,25.355329513549805,38.10509490966797,15.662964820861816,47.36725616455078,22.440481185913086,50.82297134399414,24.998619079589844,44.915953307392975,19.890272373540853,7.064833641052246,4.609395503997803,59.57600945833333,26.611315833333332,44.8881597,18.391374
2019-01-23,19000,16.29,1.0,1.0,0.0,1.0,45.123367061186315,43.79222748065314,72.38719177246094,55.76405334472656,44.11432647705078,34.14776611328125,52.33868408203125,40.00873947143555,45.894142150878906,35.15997314453125,59.41536964980547,48.45272373540858,2.116408109664917,2.0611214637756348,12.37899218555,6.400445227766667,5.46774469,3.51529865
2019-01-27,15200,14.8,0.0,0.0,0.0,0.0,0.3843499047126991,0.326349904394778,0.3095429837703705,0.26351919770240784,0.0,0.0,0.003809097222983837,0.0031667796429246664,0.2763032019138336,0.14186400175094604,0.06031128404669261,0.05369649805447471,0.012867101468145847,0.00763616431504488,24.771048688999997,14.251825833333333,22.0762704,11.84994415
2019-02-02,17600,15.74,1.0,0.0,0.0,1.0,37.61056026395871,33.980537319274525,28.38040542602539,19.125629425048828,36.6014518737793,26.504169464111328,44.210391998291016,33.112815856933594,32.5240592956543,17.640962600708008,42.95077821011675,36.63151750972765,3.3519153594970703,2.6257174015045166,25.82145034166667,11.202758493333333,12.097335365,7.9738814
2019-02-13,12300,13.51,0.0,0.0,0.0,0.0,47.49544359626779,19.601715085155423,32.549354553222656,18.051563262939453,38.01789855957031,18.29647445678711,44.42306900024414,23.363515853881836,38.488983154296875,23.874948501586914,43.925486381322976,21.32587548638134,6.469213962554932,3.51238751411438,19.685995112666667,10.554256833333332,12.498573438000001,10.57827875
2019-04-19,23700,17.54,2.0,2.0,1.0,2.0,47.99367497203227,39.2246864503018,57.36110305786133,49.75374984741211,53.19953155517578,33.85104751586914,48.310115814208984,33.84541320800781,55.92694091796875,39.646846771240234,63.80544747081709,41.9953307392996,3.5570895671844482,3.5568313598632812,20.5435621525,7.48532642,7.680933795,3.4763981499999996
2019-04-22,19300,16.31,0.0,1.0,0.0,1.0,17.14372081544213,17.142642421544625,4.754646301269531,3.3415725231170654,5.77276611328125,5.77276611328125,2.425504684448242,2.222308397293091,6.976118087768555,6.005384922027588,6.989688715953309,6.989688715953309,0.5710198879241943,0.5650895833969116,12.311399484999999,5.588060108333333,8.587740445,6.02404
2019-06-28,13300,13.95,0.0,0.0,0.0,0.0,28.390804975517952,14.461418741747709,14.55375862121582,9.935789108276367,32.77939224243164,14.596428871154785,15.29556941986084,8.325967788696289,21.622556686401367,11.220648765563965,28.244941634241254,14.521206225680942,1.2053841352462769,0.8757765889167786,14.846962888333334,7.54961514,11.90594223,7.7496195
2019-07-10,9930,12.39,1.0,1.0,1.0,1.0,4.744892920940593,4.152261946670868,15.85030746459961,15.234402656555176,15.202827453613281,10.314362525939941,6.90778112411499,6.278977870941162,12.573293685913086,12.033803939819336,11.865175097276264,7.308365758754863,1.7711760997772217,1.196993350982666,0.5932283690333333,0.2659518442,0.2044524335,0.1248908125
2019-07-18,11300,,0.0,1.0,1.0,1.0,26.42357172113892,24.72797325145218,9.623416900634766,4.999630451202393,28.81155776977539,20.204605102539062,16.013303756713867,9.007203102111816,15.702784538269043,9.199995994567871,28.970622568093393,25.806614785992227,3.783731460571289,2.137733221054077,7.775564529316666,4.942135914666666,0.221132112,0.20315774
2019-07-28,8750,11.76,0.0,0.0,0.0,0.0,1.3475239001994466,1.1233556392563893,4.1382293701171875,4.138197422027588,0.29621535539627075,0.18006962537765503,1.674686074256897,1.6730029582977295,4.862623691558838,4.8538923263549805,1.214980544747081,1.007003891050583,0.6021764278411865,0.6017537713050842,0.8470509691666668,0.7184927921166667,0.1409331,0.10682369
2019-08-02,9240,12.03,2.0,3.0,2.0,3.0,2.311673040670943,2.3110401534811946,1.7934919595718384,1.7934919595718384,9.194559097290039,5.331706523895264,4.282618522644043,4.281548023223877,4.017197132110596,3.989994525909424,9.128210116731516,6.794941634241243,0.7721133232116699,0.7671786546707153,0.5718887637,0.35945368906666664,0.0579505172,0.0579505172
2019-08-12,7260,10.92,0.0,0.0,0.0,0.0,8.930954114678645,4.223286801952705,15.375344276428223,10.124290466308594,7.410650253295898,4.334390163421631,2.0283751487731934,0.8989453315734863,3.6378674507141113,1.9070969820022583,8.378210116731516,4.3424124513618665,1.0700892210006714,0.5693267583847046,1.1807602,0.8329998333333334,0.0,0.0
2019-08-21,6610,10.52,1.0,1.0,1.0,1.0,0.27229828024140595,0.2140554504675602,2.2008800506591797,2.106943130493164,8.736556053161621,8.442314147949219,0.43786385655403137,0.4245337247848511,7.883648872375488,7.806941509246826,9.80642023346303,9.609338521400772,0.0,0.0,4.934015661666667,2.1318352000000003,0.25887412,0.1568186
2019-09-08,7180,10.87,0.0,0.0,0.0,0.0,8.924412999075328,8.835210322422006,18.000783920288086,17.74054718017578,16.16579246520996,9.6572904586792,10.876629829406738,10.53452205657959,14.346978187561035,11.929527282714844,15.59571984435798,9.357392996108956,0.104136161506176,0.08373420685529709,8.798943624166666,4.947760025,4.7062061275,3.74273575
2019-09-12,7070,10.8,1.0,1.0,1.0,1.0,7.664447424856965,5.439942642448053,8.52839469909668,5.817098140716553,16.680675506591797,13.761826515197754,11.635054588317871,10.069494247436523,8.169936180114746,7.32254695892334,17.830933852140063,15.306225680933839,0.28776687383651733,0.2836818993091583,8.748519260383333,5.789242973333334,2.9495490845000005,2.8117174200000004
2019-09-15,11000,12.9,3.0,3.0,2.0,3.0,39.32765200944977,15.411118552516113,21.062578201293945,13.508742332458496,41.06964874267578,19.050273895263672,47.138309478759766,27.70892906188965,44.019073486328125,23.831979751586914,50.19610894941634,23.811089494163433,1.153202772140503,0.8949130773544312,2.6738782517333335,1.6690134967333334,1.0617370055,0.7799207605
2019-09-17,10900,12.88,1.0,1.0,0.0,1.0,41.095412953516345,22.431024810324207,30.42664337158203,13.612936973571777,40.188777923583984,19.050273895263672,45.2978515625,27.70892906188965,52.245445251464844,23.831979751586914,42.9850194552529,23.811089494163433,1.7875001430511475,1.4022716283798218,3.7615386683333334,1.9281021833333334,0.22348373500000002,0.186207585
2019-09-24,11400,13.12,4.0,2.0,2.0,4.0,21.562323133931066,12.026237093467785,21.60634994506836,13.557981491088867,19.702329635620117,11.482352256774902,22.68040657043457,13.723851203918457,29.983299255371094,17.610746383666992,22.484046692607,12.8260700389105,1.592326283454895,1.4308404922485352,9.048883191,4.906251916666666,5.5819002,3.0908897499999997
2019-09-30,10100,12.5,0.0,0.0,0.0,0.0,12.067617605324795,7.974791601328731,7.671437740325928,7.141280651092529,7.625375747680664,6.228830814361572,4.171363353729248,3.7403135299682617,2.2133350372314453,2.000523805618286,4.991634241245136,3.742996108949416,0.12068191915750504,0.10771895945072174,13.690399232416667,9.2381488,10.686221455799998,10.142821999999999
2019-10-08,18000,15.74,2.0,2.0,2.0,2.0,44.295074567611664,40.09349330843749,18.402254104614258,9.79526424407959,50.108367919921875,33.285789489746094,31.968074798583984,18.453737258911133,37.87168502807617,26.779117584228516,55.21731517509728,42.47607003891052,1.7202727794647217,1.7177128791809082,19.640423163433333,13.136145894833334,3.2879760758,2.77042805
2019-10-17,10400,12.6,2.0,2.0,2.0,2.0,19.326778195648373,18.438728482043995,58.243553161621094,34.23514175415039,43.709014892578125,25.109355926513672,35.42276382446289,27.441545486450195,62.49937438964844,32.27928924560547,54.60505836575875,35.01400778210115,1.772033929824829,1.6508487462997437,4.431113219666667,2.0509368265,0.611241958,0.2738800845
2019-10-22,38700,21.78,2.0,2.0,2.0,2.0,95.90612040103963,64.6041892181163,55.019229888916016,25.06800079345703,66.94316864013672,47.90262222290039,61.895118713378906,24.1658878326416,64.81097412109375,24.664892196655273,85.12976653696496,64.21498054474706,3.954470634460449,3.5790114402770996,26.377813197133335,11.472811556666668,26.881265199999998,12.6596695
2019-10-25,16500,15.28,0.0,0.0,1.0,1.0,3.294323140447452,3.024294459438183,6.822678089141846,6.718588829040527,10.224221229553223,9.653523445129395,3.554353952407837,3.514697551727295,9.760882377624512,9.43135929107666,10.153112840466928,9.854474708171209,1.6212217807769775,1.6173633337020874,33.78532238766667,22.49626068666667,10.86380449,8.564207
2019-11-12,7820,11.25,0.0,0.0,0.0,0.0,2.9116558313283383,1.4222294435748228,9.358649253845215,6.337594032287598,9.226841926574707,5.779046535491943,11.786267280578613,9.900521278381348,7.571262359619141,6.392553329467773,7.883852140077827,6.546692607003897,0.21689431369304657,0.16246291995048523,38.9645948005,18.306531073833334,26.75232518,13.197752000000001
2019-11-17,11700,13.12,2.0,2.0,2.0,2.0,41.576198812427236,23.01513383197055,84.69320678710938,53.64960861206055,58.519065856933594,23.478803634643555,49.93842315673828,32.74748229980469,62.488792419433594,33.96013259887695,80.78968871595333,38.507198443579775,5.963477611541748,3.6408376693725586,43.42785155666667,17.06164766666667,42.1663735,17.560154
2019-11-24,10400,12.62,0.0,1.0,1.0,1.0,15.629166392020277,14.975221841558671,23.30577850341797,17.717844009399414,21.70413589477539,10.887812614440918,16.62938690185547,16.563199996948242,22.264068603515625,18.301673889160156,26.889883268482492,16.220038910505835,2.3683478832244873,2.3681464195251465,60.11394515566667,26.99560513333333,54.754768999999996,22.8638205
2019-12-14,12600,13.64,0.0,0.0,0.0,0.0,52.33872076760742,31.50986993472389,45.659236907958984,33.16891860961914,39.48175811767578,26.851316452026367,54.467308044433594,36.31755828857422,50.74509811401367,26.532819747924805,46.25214007782102,33.07392996108951,3.6930131912231445,2.292295455932617,31.105930067666662,11.942021883333332,27.346530700000002,12.290928000000001
2019-12-20,21000,16.64,2.0,2.0,0.0,2.0,67.98980695175864,56.94557750658141,86.3004150390625,46.616455078125,133.30166625976562,70.37034606933594,98.01990509033203,81.66424560546875,97.28414916992188,67.64563751220703,155.77023346303503,87.82217898832688,20.08869171142578,19.404327392578125,35.05472458166667,12.75351879,29.5983112,11.9725675
2019-12-24,17200,15.58,0.0,0.0,0.0,0.0,21.528791597073834,18.072277259644313,6.682713985443115,3.720977783203125,5.895995140075684,5.3537139892578125,7.2648749351501465,6.527775764465332,4.170803070068359,3.4147884845733643,3.6136186770428007,2.691634241245135,0.2939910888671875,0.25455963611602783,30.827135345166667,14.907633219166668,17.937021978,8.058443350000001
2020-01-03,21800,17.21,2.0,2.0,2.0,2.0,94.9281395172298,62.01390243078053,122.37540435791016,66.81063079833984,50.964073181152344,22.524280548095703,74.43999481201172,44.36857986450195,87.09846496582031,49.55636978149414,96.81031128404669,27.798638132295732,2.3253376483917236,1.191740870475769,25.866662915,12.014063281666667,17.85599925,7.9587924
2020-01-07,37700,21.75,1.0,1.0,1.0,1.0,111.25780674276686,78.81112414883383,137.807861328125,63.823211669921875,108.18523406982422,59.2560920715332,133.43028259277344,61.07490921020508,131.1570281982422,52.99085235595703,143.803112840467,83.38677042801565,10.322946548461914,6.026961326599121,31.167598284999997,12.266075678833333,23.1907661725,10.623854999999999
2020-01-13,18000,15.85,0.0,0.0,0.0,0.0,65.45998470824262,26.975332685911862,57.73283004760742,28.297645568847656,35.08348083496094,17.021820068359375,54.9151496887207,27.720924377441406,50.66318130493164,23.839881896972656,42.04688715953307,21.81828793774319,3.2550997734069824,1.4999918937683105,21.992126595,9.910516849999999,12.054659149999999,5.63279245
2020-01-19,12100,13.48,1.0,1.0,0.0,1.0,30.380965570849767,12.322428292261852,32.142784118652344,17.355966567993164,23.16121482849121,11.417627334594727,29.334163665771484,21.029184341430664,37.99238586425781,22.458993911743164,28.814396887159525,13.626848249027221,1.7118221521377563,1.4252359867095947,48.49355218678333,21.132904866666667,42.0175445,24.254931
2020-01-24,44700,23.52,2.0,2.0,2.0,2.0,94.64686426263921,42.11427537091148,97.30729675292969,46.32978057861328,73.8722915649414,30.546524047851562,128.26083374023438,62.883331298828125,111.0177993774414,55.776512145996094,99.729766536965,44.78501945525295,4.471643447875977,2.4643561840057373,38.5325679495,16.122599833333336,39.407079,16.8364005
2020-01-29,26400,18.69,1.0,1.0,1.0,1.0,41.60309176884919,19.3484436139094,59.174591064453125,27.491235733032227,40.0996208190918,18.803462982177734,67.32879638671875,29.63018798828125,48.554588317871094,24.581716537475586,47.38054474708171,20.467898832684817,0.009920471347868443,0.009920471347868443,24.244739550000002,10.432082908333333,2.7863495499999997,1.114825725
2020-02-01,56400,26.01,3.0,3.0,3.0,3.0,111.89292352012649,72.79195790628174,150.62570190429688,74.19755554199219,105.2535400390625,61.52073669433594,117.4622573852539,58.80710983276367,119.49012756347656,62.907073974609375,138.42996108949416,79.14649805447469,17.640193939208984,17.640193939208984,15.193696318333334,7.583031233333333,5.605300849,4.19230875
2020-02-07,32600,20.48,3.0,3.0,3.0,3.0,72.90644357218113,31.855791509493358,92.14806365966797,44.055233001708984,75.59895324707031,26.724475860595703,97.80074310302734,46.56193923950195,126.91719055175781,58.556671142578125,93.02081712062255,34.296887159533064,3.3242814540863037,1.5523217916488647,18.985483189166665,9.397115945000001,4.6625132825,4.20380005
2020-02-25,14600,14.58,0.0,0.0,0.0,0.0,46.89325418651111,34.596957849954784,37.718231201171875,20.79318618774414,38.88433074951172,28.906705856323242,43.94887161254883,25.352128982543945,42.70314407348633,21.614463806152344,46.000389105058375,37.883657587548655,1.511149525642395,1.3344926834106445,39.650205652733334,16.632123833333335,32.0976403,14.817873
2020-03-03,15400,14.88,1.0,1.0,1.0,1.0,39.76808986140693,26.45145123592982,23.585487365722656,15.886617660522461,31.45886993408203,17.740585327148438,19.74258041381836,9.875458717346191,32.37440490722656,15.828622817993164,44.53365758754863,26.763035019455234,0.5569198131561279,0.4540397524833679,39.38958127833333,14.292482708333333,19.498384625,8.3528775
2020-03-31,13700,14.18,0.0,0.0,0.0,0.0,71.18812040620293,29.675556356090887,58.48514938354492,26.5275821685791,40.15089416503906,21.283803939819336,70.51529693603516,29.36057472229004,63.954620361328125,26.247779846191406,58.27159533073931,31.200778210116745,1.2920804023742676,1.2920804023742676,11.62248279025,5.599857356,5.52784591275,4.82505725
2020-05-17,19400,16.38,1.0,0.0,0.0,1.0,18.40035946987192,14.068434044234383,11.141073226928711,8.629857063293457,21.67696189880371,12.487704277038574,14.300548553466797,10.692429542541504,6.730997085571289,3.615530014038086,25.06089494163423,15.14241245136186,1.214040994644165,0.7995966672897339,11.31545810225,7.573821371666667,5.4643392324999995,3.75324545
2020-06-01,38300,21.94,0.0,0.0,0.0,0.0,39.76051817983158,36.89938051066937,11.561284065246582,10.316068649291992,34.35639190673828,32.12271499633789,16.127822875976562,11.80229377746582,15.851825714111328,14.212756156921387,41.78832684824908,39.52023346303507,1.3187885284423828,1.240592360496521,10.934124761666666,4.594374253333334,7.814126075000001,5.0511993
2020-06-22,25400,18.38,0.0,2.0,2.0,2.0,7.222183564147177,6.3929751501285095,7.8316192626953125,4.54971981048584,5.391643524169922,4.705322742462158,5.618921756744385,2.963895797729492,11.618104934692383,5.96993350982666,6.560116731517505,6.077821011673147,0.9166535139083862,0.7710282802581787,14.061718876416666,5.91755527,3.8828650692499997,3.1538211
2020-06-26,31500,20.17,1.0,1.0,1.0,1.0,6.632313571479011,4.708632882669333,0.11668375134468079,0.06918905675411224,4.4928154945373535,3.784097671508789,2.2892279624938965,2.2173194885253906,0.85307776927948,0.8284800052642822,5.57470817120623,4.944747081712066,0.7759581804275513,0.7377620935440063,6.490041249666666,2.683166548333333,3.3519381900000003,1.34010305
2020-07-03,25800,18.5,0.0,0.0,0.0,0.0,22.717321229744908,14.80130403037281,6.624758243560791,4.137337684631348,17.928937911987305,11.969991683959961,28.531936645507812,13.49972152709961,22.600820541381836,12.198395729064941,18.846498054474704,14.40758754863813,3.8953161239624023,2.6960902214050293,6.973261231016667,3.6890665361666666,0.45510303455,0.27720868285
2020-07-15,16500,15.31,1.0,0.0,0.0,1.0,1.8935583203819084,1.8915028710854926,0.007731539662927389,0.007717756554484367,0.0,0.0,0.004509139806032181,0.002789151854813099,0.01851794123649597,0.01709607243537903,0.0011673151750972765,0.0011673151750972765,0.06683007627725601,0.04557735100388527,3.35981617372575,2.0165662420590835,0.6314218385,0.383798475
2020-08-09,9950,12.49,0.0,0.0,0.0,0.0,10.17947227611112,8.204242834055629,1.1875325441360474,1.1590349674224854,3.3960201740264893,2.844233989715576,1.1011013984680176,0.7932811379432678,1.5965235233306885,1.3808003664016724,1.8673151750972763,1.3513618677042798,0.578376829624176,0.312145859003067,1.15247775575,0.6114463574166666,0.05849675225,0.053100845
2020-08-22,10200,12.62,0.0,3.0,3.0,3.0,17.45850287755928,14.661256225569526,12.123316764831543,6.285384178161621,15.895118713378906,12.239638328552246,19.92293930053711,12.05189037322998,29.62114715576172,11.974244117736816,17.65719844357975,14.590077821011658,2.3790857791900635,2.05509877204895,7.275758088283333,4.04315775,0.96746416,0.9204135
2020-08-26,8050,11.49,0.0,0.0,0.0,0.0,0.05177055479091437,0.037585086395330085,0.0009242332307621837,0.0009239663486368954,0.017609700560569763,0.017609700560569763,0.0012431007344275713,0.0006504315533675253,0.15134137868881226,0.10945720970630646,0.010505836575875485,0.009922178988326848,0.06518303602933884,0.031734220683574677,2.0399543141,0.9695848540333335,0.15428326829999997,0.07987411209999999
2020-09-01,6810,10.78,2.0,2.0,2.0,2.0,1.8086558315245413,1.6995831735039941,0.1779322773218155,0.14864328503608704,2.8177762031555176,2.8177762031555176,1.8547062873840332,1.851784586906433,3.753002643585205,3.198061466217041,1.6013618677042816,1.5610894941634255,0.004095860291272402,0.004095860291272402,5.0705754229833335,3.49385458275,0.25640865405,0.1960471557
2020-09-02,6840,10.8,0.0,1.0,1.0,1.0,1.7479942633448093,1.6995831735039941,0.18572331964969635,0.14864328503608704,0.0,0.0,1.86328125,1.851784586906433,3.9396250247955322,3.198061466217041,0.04163424124513618,0.04027237354085602,0.017840951681137085,0.01374509185552597,5.3671242935666665,3.790403453333333,0.3686428107,0.1960471557
2020-09-07,7020,10.91,0.0,0.0,0.0,0.0,0.0,0.0,5.185956979403272e-05,5.039347888668999e-05,0.0,0.0,0.00023096552467904985,0.00022669980535283685,2.6080072075274074e-06,2.6080072075274074e-06,0.0,0.0,0.0750817209482193,0.048752740025520325,5.111772499166667,3.3360847933333333,1.4298120075000003,0.9757444500000001
2020-09-17,8630,11.81,3.0,0.0,0.0,3.0,3.6840994294025413,1.8719005777320716,0.02077435702085495,0.018771976232528687,2.5116207599639893,2.5116207599639893,0.028559064492583275,0.023462604731321335,19.344762802124023,19.333404541015625,1.9966926070038924,1.8338521400778223,0.00411111069843173,0.0030610018875449896,11.636466999833335,5.282322116666667,7.9459741715000005,5.64872785
2020-09-24,19300,15.99,3.0,3.0,3.0,3.0,65.64048546726636,58.25581815548198,44.68730926513672,36.2748908996582,95.68126678466797,57.472679138183594,89.08501434326172,53.45133972167969,86.06900787353516,57.88188171386719,96.91575875486382,62.652918287937744,15.660892486572266,9.26679801940918,7.813769107866667,3.4514211939500004,1.930167172,0.838700272
2020-09-25,22100,17.0,1.0,2.0,1.0,2.0,89.56263267620686,58.25581815548198,78.63938903808594,36.2748908996582,120.18050384521484,57.472679138183594,125.23614501953125,53.45133972167969,132.23590087890625,57.88188171386719,130.82704280155644,62.652918287937744,19.576251983642578,9.26679801940918,4.9275624637,3.4514211939500004,1.1355340429999998,0.75542655
2020-09-29,13900,13.88,0.0,0.0,0.0,0.0,17.127934982846572,16.887506684655214,1.1253910064697266,1.1253910064697266,2.2610135078430176,2.2610135078430176,1.3931549787521362,1.3931546211242676,2.4954001903533936,2.491763114929199,0.3188715953307394,0.26595330739299616,0.018226582556962967,0.018215689808130264,2.5081746709233332,1.34854555,0.38670909277,0.38662848
2020-10-10,13600,13.74,2.0,2.0,2.0,2.0,23.773713226908466,22.875606152113264,49.46604537963867,48.65727996826172,49.22715759277344,26.409378051757812,47.009098052978516,46.964473724365234,51.619590759277344,48.625579833984375,60.35486381322956,36.667898832684806,8.221304893493652,7.8682861328125,14.923275975000001,6.726205683333333,7.909148365,5.66789525
2020-10-12,27300,18.67,1.0,1.0,0.0,1.0,95.46915304729177,37.36922752241787,94.95832061767578,48.65727996826172,74.17389678955078,32.40108108520508,99.85528564453125,46.964473724365234,111.05130767822266,48.625579833984375,89.06692607003889,39.27879377431908,12.7853422164917,7.8682861328125,4.469573653166667,1.92815098,0.712967091,0.308988795
2020-10-14,33500,20.56,3.0,2.0,1.0,3.0,87.68270362358021,37.36922752241787,62.19727325439453,29.733360290527344,62.54184341430664,34.692420959472656,74.2502212524414,36.65327072143555,85.31424713134766,36.28860092163086,60.87996108949418,39.81070038910509,6.0199055671691895,3.550734519958496,8.4144213755,4.838569733333333,2.697256316,1.6101668
2020-10-24,18500,15.7,1.0,1.0,0.0,1.0,27.890298291339885,20.03387000501498,18.143075942993164,14.571943283081055,21.46092987060547,19.311174392700195,25.17997169494629,20.8621826171875,25.359813690185547,21.879404067993164,21.69182879377432,20.771206225680935,2.000561475753784,1.051982045173645,15.356861492833332,6.662253871666667,11.6364036,6.4715028
2020-10-30,20200,16.33,1.0,1.0,1.0,1.0,9.558411099785943,5.181493310866802,14.716691970825195,13.23444652557373,22.933441162109375,10.682355880737305,13.608171463012695,13.147683143615723,27.504417419433594,20.49833869934082,20.501361867704272,13.082101167315173,0.19792363047599792,0.15465566515922546,16.362578838333334,8.625869788333333,10.53401105,7.97951065
2020-11-05,46100,23.66,4.0,4.0,3.0,4.0,83.11877822165042,45.90267114429583,63.634521484375,29.079299926757812,97.57954406738281,41.42219543457031,74.54981231689453,33.30390167236328,75.39356994628906,29.569480895996094,118.07373540856032,49.105447470817126,20.184818267822266,12.989913940429688,37.33740298,14.671869733333333,32.994240500000004,14.1519045
2020-11-12,16500,14.93,0.0,0.0,0.0,0.0,13.001686442950357,8.82418738861157,15.840080261230469,12.840351104736328,33.53509521484375,29.558189392089844,14.317956924438477,11.903655052185059,19.89364242553711,17.08207893371582,35.83171206225683,31.678988326848266,0.9991482496261597,0.9105339050292969,63.05228419733332,28.000534469166663,35.031223499999996,13.059899000000001
2020-11-16,20000,16.25,3.0,3.0,2.0,3.0,73.51615681269884,36.808554514416315,45.09705352783203,24.114788055419922,65.27596282958984,27.644643783569336,51.235557556152344,26.701522827148438,60.90857696533203,26.451744079589844,65.84727626459136,26.22937743190658,6.034934997558594,3.876802682876587,23.370012061666667,10.881328878333335,8.749909684999999,5.4844355
2020-11-22,21100,16.65,0.0,0.0,0.0,0.0,25.093946460620668,11.970208395938041,17.077804565429688,8.526192665100098,15.072551727294922,11.234946250915527,15.868175506591797,9.957266807556152,19.72720718383789,11.382661819458008,16.987354085603126,12.929571984435812,0.6121418476104736,0.6106102466583252,23.9003669,8.217277730000001,18.0478775,7.7310361499999996
2020-11-27,18000,15.49,0.0,0.0,1.0,1.0,29.895045900336747,19.56740536334182,22.110233306884766,18.818187713623047,13.04854965209961,5.884756565093994,15.6337890625,14.330523490905762,26.940500259399414,18.931100845336914,17.05194552529182,8.043190661478596,0.24594521522521973,0.19332538545131683,29.865614295333337,11.97743245,9.393789156,7.978479849999999
2020-11-30,17300,15.24,1.0,1.0,1.0,1.0,11.626240930843869,5.921630979496024,29.06136131286621,19.37213706970215,22.862600326538086,14.488052368164062,23.714221954345703,16.273649215698242,31.83155059814453,21.253957748413086,25.698054474708172,20.161867704280155,0.0001775599375832826,0.00010893249418586493,15.406726993333335,6.942354333333334,4.38440445,1.7656637499999999
2020-12-08,15700,14.59,2.0,3.0,3.0,3.0,10.377544930208089,9.765005734295052,38.699440002441406,36.82046127319336,34.48722839355469,21.76479148864746,28.368450164794922,27.672874450683594,48.0328254699707,42.43637466430664,36.57996108949414,26.1793774319066,2.5939149856567383,2.5860161781311035,62.577015753333335,31.448371166666664,70.960048,39.094764999999995
2020-12-14,15900,14.68,0.0,0.0,0.0,0.0,13.411135731189491,10.861795390085327,19.618560791015625,12.55331802368164,20.124073028564453,9.697378158569336,15.739514350891113,8.317989349365234,18.312044143676758,13.30002498626709,22.381517509727622,11.131322957198446,0.6887964010238647,0.6634477972984314,29.488915472500004,15.623582281166668,10.661227132000002,5.82835835
2020-12-20,23000,17.31,1.0,1.0,1.0,1.0,57.20783363519162,25.928319309227327,71.33392333984375,32.83019256591797,51.72441101074219,24.578359603881836,76.78146362304688,33.07736587524414,79.77940368652344,30.298442840576172,56.54319066147859,27.05077821011672,8.462077140808105,4.194890975952148,29.67794327878333,16.668380603783334,23.052946939999998,17.70992775
2020-12-26,18600,16.01,0.0,0.0,0.0,0.0,12.498847049279014,10.957128120881878,26.01564598083496,25.44179916381836,23.867568969726562,11.429479598999023,31.251012802124023,28.83498191833496,30.2180118560791,19.152572631835938,26.94766536964981,14.917509727626461,2.0110886096954346,2.0110886096954346,22.99356009924,11.620404532666667,10.57826964772,6.883284598
2020-12-31,20700,16.76,1.0,0.0,0.0,1.0,43.19070356998621,30.016403385147765,58.653564453125,44.30767059326172,,,66.74049377441406,44.41556930541992,54.825782775878906,32.59426498413086,57.96614785992219,30.292996108949424,5.111048698425293,5.111048698425293,32.316763138333336,17.419990366666667,22.931931849999998,10.891838
2021-01-02,29600,19.56,2.0,2.0,1.0,2.0,80.61596061896184,34.18788572615921,,,,,95.54005432128906,50.65306854248047,96.78389739990234,47.349449157714844,,,,,36.45469896,15.541807933333336,20.400565800000003,7.7136239
2021-01-03,40800,22.58,1.0,1.0,1.0,1.0,98.43016705503884,47.83060982122476,,,82.99517822265625,45.69195556640625,107.43449401855469,50.65306854248047,109.6068344116211,47.349449157714844,167.8132295719844,50.599221789883295,7.105544090270996,4.100208759307861,30.633567007983338,15.541807933333336,13.77808372,7.7136239
2021-01-13,49000,24.49,3.0,3.0,1.0,3.0,95.50682279239827,57.811591286048376,,,91.2430419921875,51.03144073486328,113.29338073730469,50.77153778076172,143.4740447998047,79.62434387207031,104.11245136186771,61.644941634241256,5.06984281539917,3.625886917114258,38.620575620000004,17.09006063166667,27.8999133,10.2145255
2021-01-18,22100,17.24,0.0,0.0,0.0,0.0,19.298742134176962,7.386661187526601,,,14.307354927062988,8.329568862915039,6.019062519073486,5.959242820739746,8.616361618041992,8.107977867126465,14.212062256809327,7.681517509727619,0.5180165767669678,0.514378011226654,14.31497590875,6.39661005,5.9845544762500005,4.61114975
2021-02-05,20100,16.54,2.0,1.0,1.0,2.0,51.585816098729694,33.64736648544982,,,46.92478561401367,30.30089569091797,42.075469970703125,28.992170333862305,53.84800720214844,31.851646423339844,52.554669260700365,37.78871595330737,2.848498821258545,1.4503511190414429,11.570682816666666,6.817511799999999,2.6225967,1.6352984
2021-02-09,19100,16.18,0.0,0.0,0.0,0.0,40.13888899383878,31.596360357951937,,,15.21489429473877,13.356632232666016,13.961248397827148,10.599377632141113,15.590213775634766,12.566277503967285,9.558560311284042,8.541828793774314,1.0520778894424438,0.696233332157135,12.723372903833333,5.60491945,4.3395591145,3.40903785
2021-02-22,22300,17.2,2.0,2.0,2.0,2.0,65.10477217695681,44.33251266224207,,,81.71572875976562,39.74290466308594,86.56427001953125,52.74071502685547,93.10494995117188,56.5348014831543,101.10661478599224,50.75097276264592,7.340681552886963,6.3739471435546875,18.008766299499996,8.28960261,9.229656198499999,4.6898278300000005
2021-02-26,18300,15.91,0.0,0.0,0.0,0.0,53.849600496301235,32.2326499886996,,,54.389671325683594,26.67729949951172,46.64513397216797,24.905452728271484,53.8248291015625,29.188461303710938,57.60933852140076,37.44863813229569,5.890713691711426,3.565641403198242,24.521831749916664,10.047061578666666,14.374307349999999,5.5387245
2021-03-05,14900,14.6,2.0,1.0,0.0,2.0,5.442157424940731,5.2939566627971075,,,12.127157211303711,6.869465351104736,11.961220741271973,11.77474594116211,14.204524040222168,14.060506820678711,10.819455252918285,5.547665369649802,7.625272701261565e-06,7.625272701261565e-06,25.730415931499998,12.447529216666666,19.60408178,10.7260525
2021-03-22,12700,13.66,0.0,0.0,0.0,0.0,32.75042649944015,17.97632859746995,,,21.613725662231445,12.219655990600586,38.07307434082031,18.176868438720703,33.29474639892578,16.528156280517578,29.674902723735418,18.53599221789885,4.646841049194336,2.6440367698669434,30.719617828333334,15.984886583333333,26.0339755,11.1519235
2021-05-26,17600,15.64,1.0,1.0,0.0,1.0,10.701986160016677,4.37612302687881,,,11.724908828735352,4.943772792816162,8.027915954589844,5.353422164916992,6.196862697601318,4.581475734710693,10.697276264591446,5.1068093385214075,1.1086314916610718,1.057921290397644,7.895580295166668,3.3516210283333336,3.81810579,2.577115
2021-06-08,19800,16.4,0.0,0.0,0.0,0.0,18.8945884327141,10.83597830878161,,,11.865694999694824,6.09156608581543,11.575215339660645,7.503119945526123,12.389796257019043,7.748196125030518,10.553696498054476,5.7943579766537,0.3976997137069702,0.2079448252916336,11.465929576666667,4.662057188333333,7.75143057,4.670596
2021-06-14,22300,17.24,2.0,2.0,0.0,2.0,19.969597607964996,13.971054543044781,,,22.491497039794922,13.696012496948242,21.714767456054688,11.333725929260254,35.86927032470703,17.651874542236328,19.157392996108946,13.955447470817115,2.433023452758789,1.5131025314331055,6.597927237333334,2.709776901666667,2.330587577,1.6407769250000002
2021-06-20,26800,18.64,1.0,0.0,0.0,1.0,0.02337992310668226,0.020147418407865766,,,0.0,0.0,0.02813512459397316,0.02697243168950081,0.031525902450084686,0.014566226862370968,0.023346303501945526,0.01848249027237354,5.228758163866587e-05,4.793028347194195e-05,1.8765304511583332,0.7258263029166666,0.36917626974999995,0.29737653999999997
2021-06-25,31600,20.02,0.0,1.0,0.0,1.0,0.0,0.0,,,0.0,0.0,0.0042953030206263065,0.0029121623374521732,0.012964870780706406,0.007812110707163811,0.0,0.0,0.0,0.0,2.056878806666667,1.3429297500000004,1.1130491249999999,0.6879426
2021-08-02,9800,12.45,0.0,0.0,0.0,0.0,3.1632796509349324,2.199398414855093,,,4.502188682556152,3.22151255607605,0.28803759813308716,0.23679769039154053,6.194716930389404,3.8925862312316895,3.225680933852141,2.528404669260701,0.11868736147880554,0.11330609768629074,2.6589167125499995,1.532196698833333,0.13789676265,0.0951012524
2021-08-08,10900,12.91,2.0,0.0,0.0,2.0,27.481110047693026,21.812622807905733,,,24.40652084350586,17.73967170715332,14.11773681640625,6.941305160522461,18.203144073486328,8.988508224487305,28.221984435797648,22.673540856031106,0.6320613622665405,0.42569005489349365,3.7376652677833335,2.6497327433333333,0.1942547815,0.12961358
2021-08-09,10300,12.62,0.0,1.0,0.0,1.0,27.492602781942214,21.812622807905733,,,19.147878646850586,17.73967170715332,12.137046813964844,6.941305160522461,15.140192985534668,8.988508224487305,23.67509727626457,22.673540856031106,0.5525015592575073,0.42569005489349365,3.8003152641833333,2.6497327433333333,0.12961358,0.12961358
2021-08-16,10600,12.69,0.0,1.0,1.0,1.0,0.04009177737061761,0.04009177737061761,,,4.602511405944824,4.537264347076416,0.14401216804981232,0.14401216804981232,0.8113846778869629,0.7797012329101562,4.711478599221792,4.685408560311286,0.018921567127108574,0.01890958473086357,0.8828969870916666,0.48214161066666666,0.21454898527500002,0.191949008
2021-08-18,8320,11.59,1.0,0.0,0.0,1.0,7.250465793370619,4.426316150164955,,,6.675454139709473,4.537264347076416,3.3301777839660645,2.5954415798187256,9.740464210510254,8.446571350097656,7.564007782101166,4.685408560311286,0.8764804601669312,0.8575708866119385,1.7654059995750002,1.0847294782,0.008254195225,0.00720590285
2021-08-23,7580,11.16,0.0,0.0,0.0,0.0,8.709952536207444,4.936916880580253,,,7.242749214172363,3.409536838531494,3.42333722114563,1.7489378452301025,4.210482120513916,2.4210727214813232,4.264785992217897,2.3346303501945505,0.4918789863586426,0.48582780361175537,0.3592541833333333,0.2602764533333333,0.14686678,0.14686678
2021-09-05,6510,10.45,1.0,1.0,1.0,1.0,0.73542196919383,0.7184127917262614,,,0.9742580652236938,0.9182124733924866,0.42735835909843445,0.426731675863266,0.5021665096282959,0.4800463616847992,0.6712062256809337,0.6190661478599221,0.0012254919856786728,0.0012211346765980124,2.647144628783333,1.9986057533333332,0.17473980135,0.14552796
2021-09-09,8440,11.45,0.0,1.0,1.0,1.0,0.28017590086505145,0.2173382349977965,,,0.37303560972213745,0.3280758261680603,1.32291579246521,1.3228014707565308,15.694865226745605,15.463067054748535,0.2285992217898833,0.18521400778210118,0.004246187396347523,0.004246187396347523,3.315982679916667,1.9321401928333335,0.78227152975,0.727462355
2021-09-18,19800,15.79,4.0,4.0,4.0,4.0,68.68836970154162,67.51568827802319,,,78.86604309082031,57.72218704223633,67.48332214355469,49.14423751831055,80.55032348632812,59.63471603393555,82.71303501945525,63.9785992217899,8.25319766998291,8.055294036865234,3.267269318333333,1.12810038,1.63939314,1.20718325
2021-09-22,12600,13.3,0.0,0.0,0.0,0.0,17.892215242657407,15.558413004556076,,,3.8383960723876953,2.8282034397125244,3.9167137145996094,3.346295118331909,2.2676947116851807,2.1971607208251953,2.8204280155642047,2.0507782101167336,0.12015247344970703,0.08734093606472015,9.82394893507,4.383959551766667,2.3196555924999998,1.5610494499999998
2021-09-27,14900,14.16,2.0,3.0,2.0,3.0,36.34610040812573,36.259720869775485,,,49.503013610839844,31.995363235473633,22.57685089111328,22.371129989624023,23.121952056884766,22.82111167907715,51.66128404669259,34.64143968871595,1.9546458721160889,1.9546458721160889,9.796651646666668,4.133894541666667,3.4379519650000003,2.24454995
2021-09-29,19500,15.92,3.0,3.0,3.0,3.0,71.63356796277412,36.259720869775485,,,45.654640197753906,17.507648468017578,38.61186599731445,22.371129989624023,34.76941680908203,22.82111167907715,46.863618677042794,17.019260700389097,4.032134532928467,1.9546458721160889,6.506951685966667,4.053561618333333,0.47881917125,0.329110355
2021-10-02,20100,16.15,0.0,1.0,1.0,1.0,45.17499795013201,30.626758920075105,,,28.6142520904541,28.114120483398438,48.583980560302734,48.0896110534668,47.56616973876953,46.729034423828125,29.599027237354104,29.2433852140078,0.02788890339434147,0.02788781374692917,14.516643812500002,10.002169780000001,0.0021904625,0.0021904625
2021-10-05,13000,13.47,1.0,0.0,0.0,1.0,1.5954401119039874,1.2241605808461475,,,9.509191513061523,8.58950424194336,4.703101634979248,4.548778533935547,5.5545454025268555,5.421047687530518,14.842801556420234,13.213035019455253,0.00015141614130698144,0.00014379086496774107,16.148198838755498,9.699898311666667,7.59393967804,7.383998
2021-10-10,13500,13.64,1.0,1.0,1.0,1.0,18.238607576023153,17.807235503515823,,,18.328994750976562,12.490848541259766,17.095523834228516,17.02134132385254,15.021395683288574,14.571651458740234,29.11342412451362,20.168871595330746,6.019438743591309,6.016668796539307,24.86251806593333,15.414087026333332,7.904395675,4.476069450000001
2021-10-17,17100,15.08,3.0,4.0,4.0,4.0,34.9880786925983,18.65496228962966,,,17.870376586914062,13.032835006713867,23.493732452392578,16.25395965576172,20.199413299560547,12.129325866699219,25.526459143968868,20.59747081712062,0.5410130023956299,0.34695857763290405,27.498460404499998,16.909551061666665,32.9021723,21.152127999999998
2021-10-22,14300,13.97,3.0,3.0,2.0,3.0,21.503697359799723,11.743432595670566,,,27.235830307006836,9.26479721069336,28.282001495361328,20.759105682373047,31.361125946044922,24.882965087890625,35.05953307392994,13.096887159533061,1.9458485841751099,1.383059024810791,9.795988917333332,4.894523234166667,2.695924626,2.572673665
2021-10-26,23700,17.35,2.0,2.0,1.0,2.0,43.141282510902755,24.95288869977909,,,56.630638122558594,23.829587936401367,59.118896484375,31.240070343017578,53.896324157714844,39.67692565917969,79.74046692607001,34.88035019455252,7.173760414123535,4.709597110748291,14.390566492833333,5.955224675,10.639710885,4.78044525
2021-10-29,64500,27.57,3.0,2.0,1.0,3.0,137.70926076914566,87.36783225677665,,,103.95745086669922,76.62724304199219,120.08174133300781,72.59272766113281,113.15695190429688,60.6058464050293,132.41595330739307,101.07762645914404,7.143974781036377,3.640401601791382,33.79265630341666,22.43391030175,23.13728665,19.880354
2021-11-01,25200,17.82,1.0,0.0,0.0,1.0,7.90907494870913,7.642765968596388,,,4.377625942230225,4.2742133140563965,0.05426597595214844,0.05333572253584862,0.0213845893740654,0.012011781334877014,6.014980544747088,5.669066147859929,0.0,0.0,28.22846184666667,18.52195155,24.4482616,17.865983
2021-11-04,22800,17.03,3.0,3.0,3.0,3.0,32.39982730731454,16.927464768717897,,,59.536216735839844,33.413047790527344,41.625144958496094,27.753511428833008,38.23413848876953,28.6027889251709,64.52354085603113,38.78287937743191,7.23320198059082,5.825275421142578,51.672903500000004,17.876054166666666,41.85804765,18.444623999999997
2021-11-09,21200,16.52,1.0,0.0,0.0,1.0,35.139673918428656,16.119414519625458,,,40.76166534423828,21.59290885925293,46.523616790771484,20.541988372802734,37.28435516357422,16.58612632751465,44.04396887159531,25.40622568093384,3.3510336875915527,1.5429182052612305,54.5276796,24.078424683333328,36.0425495,13.1239235
2021-11-12,44600,23.02,2.0,2.0,2.0,2.0,74.47784294863277,42.07558049663303,,,79.27201080322266,36.18488693237305,77.45306396484375,51.16783142089844,94.21414184570312,76.14384460449219,91.36342412451364,42.62957198443581,7.67116117477417,3.55381441116333,36.22910108833334,13.205627755000002,29.2737473,15.8285835
2021-11-15,94100,,4.0,4.0,4.0,4.0,164.08843503262756,78.12754591473202,,,140.42477416992188,59.32268142700195,123.63261413574219,64.42571258544922,111.11570739746094,56.50697708129883,173.29007782101172,78.62976653696505,11.678915023803711,6.439946174621582,37.270639749833336,17.3442081765,24.615806449999997,12.74821975
2021-11-19,65500,27.81,0.0,0.0,0.0,0.0,17.186668384116555,11.271621306585308,,,15.153305053710938,12.572482109069824,13.277307510375977,10.04186725616455,19.66526985168457,14.667288780212402,13.807587548638145,11.059143968871608,0.18976610898971558,0.14327698945999146,45.235816547333336,17.870486293333332,27.06977085,12.00564
2021-11-26,38700,21.66,2.0,2.0,2.0,2.0,69.46599650177856,52.943005910111204,,,63.07456970214844,43.22190475463867,46.646568298339844,27.640161514282227,42.803184509277344,26.967205047607422,72.04007782101166,52.678404669260686,1.2722480297088623,1.2722480297088623,56.291326481166664,23.8443517545,60.55781375,31.366716500000003
2021-11-28,55800,25.66,3.0,3.0,3.0,3.0,120.31290185930169,52.95584641268787,,,87.51345825195312,41.25199890136719,110.1890640258789,64.25943756103516,83.58430480957031,44.38896179199219,109.65214007782106,52.92159533073936,5.27597713470459,5.273969650268555,72.52784010116666,33.13378981333333,59.54682950000001,31.366716500000003
2021-11-30,62200,27.11,3.0,3.0,4.0,4.0,106.563466853439,52.95584641268787,,,80.93954467773438,34.829429626464844,93.36543273925781,64.25943756103516,69.43798828125,44.38896179199219,97.2589494163424,44.12470817120623,6.055671215057373,5.273969650268555,84.02381294,33.13378981333333,60.857321999999996,24.9114955
2021-12-06,36600,21.1,0.0,0.0,0.0,0.0,17.343827258349204,11.707578837301718,,,25.13018226623535,10.423896789550781,25.05715560913086,13.705207824707031,27.64345932006836,14.13640022277832,28.854474708171196,13.704863813229572,2.687823534011841,2.678636074066162,18.632352421666667,10.116955138333333,4.894465615,3.4961796499999998
2021-12-11,21300,,1.0,1.0,1.0,1.0,44.790749175142835,22.355892753054032,,,62.2652587890625,29.327512741088867,77.15000915527344,57.216575622558594,67.35331726074219,50.23019027709961,80.87587548638132,39.77334630350195,6.520998001098633,3.2125799655914307,29.557949133,11.699424616666667,19.50614185,9.6734785
2021-12-18,16500,,1.0,1.0,1.0,1.0,15.377764059607255,9.068366122177409,,,52.0801887512207,33.647037506103516,60.47761917114258,55.609947204589844,41.35780334472656,41.238746643066406,61.26984435797662,46.58988326848245,9.369657516479492,9.36179256439209,15.041168169999999,6.788145591666667,10.686144075000001,6.8975229
2021-12-24,19400,,0.0,0.0,0.0,0.0,65.96197193758438,26.491325149572603,,,66.79240417480469,26.629091262817383,72.4881591796875,32.215633392333984,55.707481384277344,26.64974594116211,70.73463035019456,31.612840466926087,5.026698589324951,2.665783405303955,19.337453351833332,9.15585795,13.446997255500001,9.0210758
2022-01-03,13900,13.83,1.0,1.0,1.0,1.0,26.961790361954634,25.8273922982225,,,49.18115234375,30.74972152709961,49.42649459838867,41.8963508605957,45.929901123046875,35.81126403808594,,,4.823074817657471,4.818793773651123,21.82051698555,9.21959055,10.40395095665,7.67593965
2022-01-07,23900,17.31,3.0,2.0,2.0,3.0,93.6113008864751,65.1328769322791,,,101.08712768554688,55.024139404296875,96.36434173583984,54.13032150268555,84.90245056152344,44.99884033203125,,,6.191164493560791,4.351789951324463,23.174877196666667,13.092437333333335,10.60018285,4.781462
2022-01-10,16900,14.98,1.0,0.0,0.0,1.0,35.47126313214078,26.567558565741514,,,22.016616821289062,15.272103309631348,6.209738731384277,3.3969688415527344,5.605978012084961,4.755161762237549,,,1.3019766807556152,0.6675484776496887,20.757752480116665,9.645560415616666,15.962322160000001,11.143866500000001
2022-01-13,46800,,2.0,2.0,2.0,2.0,91.07479370893986,49.462243151254455,,,63.98009490966797,43.074466705322266,76.26468658447266,53.39337158203125,74.2437515258789,46.41374206542969,,,10.277905464172363,10.248863220214844,27.104235261666666,10.104652833333333,11.79914225,6.8946765
2022-01-20,26500,18.19,1.0,1.0,1.0,1.0,27.265296828849365,16.306055235361278,,,37.87699890136719,17.995716094970703,36.205657958984375,28.85780906677246,37.103919982910156,30.154518127441406,,,0.000452178530395031,0.000452178530395031,24.86031707875,13.400877366666668,17.30102295,8.05174085
2022-01-24,23000,17.13,0.0,0.0,0.0,0.0,0.5482082074293493,0.49108927958710813,,,0.0,0.0,0.021475398913025856,0.019955754280090332,0.006553183309733868,0.004646145738661289,,,0.0006732025067321956,0.000587145856115967,18.074510913833333,9.4164079665,9.7011559495,5.7946053995
2022-01-30,19400,15.92,1.0,2.0,2.0,2.0,2.1232154335482507,2.0275687816244305,,,23.438343048095703,19.579248428344727,8.693004608154297,8.693002700805664,10.798832893371582,10.798832893371582,,,0.4616174101829529,0.4616174101829529,25.943740960833335,11.019685930833335,7.14359299,4.75677515
2022-02-22,14000,13.86,0.0,0.0,0.0,0.0,28.50037536069694,18.822531617166437,,,9.048766136169434,8.30260181427002,22.562816619873047,18.642845153808594,29.093717575073242,19.007476806640625,,,1.1733386516571045,1.087833285331726,18.37191337166667,8.366479716666667,9.51247415,4.62449455
2022-02-26,14100,13.89,1.0,1.0,0.0,1.0,2.1671062536906813,1.6787267259867902,,,12.547877311706543,12.324223518371582,1.8599997758865356,1.8278993368148804,0.3216322362422943,0.3214914798736572,,,0.12453918904066086,0.08601415902376175,28.189678249266667,10.001719675833334,12.1898679328,8.17105785
2022-03-01,43700,22.91,2.0,2.0,0.0,2.0,120.8524739515485,81.25216465652787,,,110.54537963867188,63.183841705322266,125.82068634033203,70.45584869384766,133.76016235351562,77.95250701904297,,,2.3349051475524902,1.521386742591858,28.436385738999995,11.41613609733333,24.10223825,9.953942
2022-03-05,23300,17.21,0.0,0.0,0.0,0.0,21.08448510752247,16.49337031143801,,,5.868362903594971,5.855378150939941,9.348123550415039,8.61076545715332,3.317049026489258,2.6640303134918213,,,0.03340359032154083,0.030734743922948837,24.963021840550002,13.82316967221667,10.694918675,4.6759977
2022-03-15,18000,15.39,1.0,1.0,0.0,1.0,35.33202512518001,24.789338382662596,,,45.11890411376953,20.095943450927734,51.77690124511719,27.285037994384766,59.32193374633789,32.94753646850586,,,9.234241485595703,6.662466526031494,32.48215303333333,15.1913222,29.134009149999997,12.762625
2022-03-22,15600,14.52,0.0,0.0,0.0,0.0,35.91453748536839,15.821850419272428,,,20.73240852355957,11.326118469238281,24.309541702270508,14.97408390045166,17.888309478759766,12.103109359741211,,,1.1603394746780396,1.1323950290679932,17.793227983065,8.387584916666667,10.147352049999999,5.88193205
2022-04-04,16600,14.87,1.0,0.0,0.0,1.0,35.97653070257453,28.417934716773534,,,64.29830169677734,32.382659912109375,59.34300231933594,45.58974838256836,55.76655578613281,46.77006912231445,,,5.448862075805664,4.601729393005371,9.949119060433333,4.336554663333334,3.227033373,1.5221167999999998
2022-04-07,16000,14.64,1.0,1.0,1.0,1.0,65.14094516313425,33.68092764130514,,,30.274991989135742,23.310428619384766,38.04243087768555,36.84225845336914,29.65618896484375,29.357711791992188,,,6.05394172668457,6.052304744720459,12.699678508333331,5.493480699999999,4.44631197,2.0710406
2022-04-21,12100,13.08,0.0,0.0,0.0,0.0,22.417302663350767,16.15476783785264,,,12.880982398986816,5.195850849151611,25.029796600341797,17.64070701599121,24.850147247314453,19.92845344543457,,,0.4844730496406555,0.2899464964866638,7.913691885833334,3.265147095833333,4.757308585,2.2235551549999997
2022-05-05,14300,13.99,1.0,1.0,1.0,1.0,12.107367375452226,6.831983381394389,,,24.930341720581055,15.489129066467285,12.363489151000977,11.378884315490723,12.016290664672852,10.901338577270508,,,0.046430326998233795,0.046430326998233795,7.0427784735999985,4.651243329483333,1.1508809794500001,0.8882183384500001
2022-05-09,15200,14.36,0.0,0.0,0.0,0.0,18.679746386212216,9.209619078080012,,,10.557762145996094,5.32576847076416,14.426511764526367,5.333141803741455,41.60023880004883,18.826658248901367,,,1.119744896888733,0.522915780544281,16.077605561821667,12.434659391821667,13.57715316,12.289819
2022-05-18,19500,15.95,1.0,1.0,1.0,1.0,33.905567640360324,25.271073217373733,,,28.701828002929688,15.95300579071045,27.64185905456543,19.031457901000977,25.829410552978516,13.580473899841309,,,1.068732738494873,1.0182197093963623,10.754980396045,5.1926053166666675,8.54396385,5.47669445
2022-05-30,20700,16.36,0.0,0.0,0.0,0.0,29.040590523256668,12.129483650849837,,,18.62261962890625,9.928303718566895,14.5960693359375,6.404512405395508,27.74477767944336,12.978271484375,,,0.24526020884513855,0.24387459456920624,5.302224079016667,2.7805834723333334,0.28562418705000003,0.269341417
2022-06-05,32000,19.85,1.0,1.0,1.0,1.0,28.15496581654647,13.891569235128836,,,34.75307083129883,15.811165809631348,26.003604888916016,12.970379829406738,20.961528778076172,10.640368461608887,,,1.418489694595337,0.9784115552902222,6.693567343333334,3.34957283,3.449563915,1.23356043
2022-06-10,46500,23.57,2.0,1.0,1.0,2.0,44.175929058293256,40.63492628356467,,,46.156768798828125,35.951995849609375,39.150901794433594,26.715742111206055,39.75179672241211,29.631576538085938,,,5.913449287414551,5.290493965148926,11.0002415532,6.951540613333333,0.6289624646,0.43618584000000005
2022-06-14,30800,19.51,0.0,0.0,0.0,0.0,24.448220588577588,10.812670840246044,,,20.38255500793457,9.476666450500488,15.24170970916748,8.42139720916748,69.91107177734375,45.29362487792969,,,0.8746651411056519,0.6057077646255493,5.617816387733333,3.0898027,1.322443035,0.796795425
2022-06-21,23900,17.45,0.0,0.0,1.0,1.0,4.575652271603994,3.7543440706413893,,,3.4959888458251953,2.3557140827178955,1.6243826150894165,1.3293105363845825,2.4004762172698975,2.2282443046569824,,,0.03553158789873123,0.03377777710556984,2.089344448333333,1.0003956121666666,0.8911630085,0.507098435
2022-07-05,33800,20.44,0.0,0.0,0.0,0.0,17.915842009395043,13.50471343319457,,,17.846839904785156,14.063883781433105,16.020421981811523,15.012757301330566,37.3210563659668,32.89883804321289,,,1.4810032844543457,1.3860185146331787,4.907878895483334,2.20021591715,0.30568708645,0.299264335
2022-08-28,7900,11.51,1.0,1.0,0.0,1.0,0.3304659562788852,0.17818527209820015,,,0.15022674202919006,0.15022674202919006,0.9152688980102539,0.9040972590446472,0.4092303216457367,0.2945570945739746,,,0.04117102548480034,0.041149239987134933,7.897917422735,3.1554733609683336,0.466326408205,0.43784413
2022-09-04,6880,10.93,1.0,1.0,1.0,1.0,0.9517257896524762,0.9517257896524762,,,4.785675048828125,4.159128665924072,0.025135710835456848,0.017865540459752083,28.981876373291016,27.373699188232422,,,0.002494553104043007,0.002494553104043007,8.439924967166666,7.518240283333333,8.1351404315,8.0749838
2022-09-15,8210,11.62,0.0,0.0,0.0,0.0,5.975464488693289,4.057604497769157,,,5.4212236404418945,3.9827516078948975,2.21515154838562,1.0243827104568481,13.584304809570312,7.845450401306152,,,0.03393028676509857,0.01676361635327339,14.7656757405,7.005382451666667,6.4542931,3.37437025
2022-10-24,6650,10.76,1.0,1.0,0.0,1.0,15.481555240774567,8.091049502958075,,,30.926898956298828,22.835803985595703,24.058277130126953,20.621437072753906,17.836992263793945,15.602581024169922,,,0.22373944520950317,0.08892366290092468,45.60085466866667,25.78856166,39.518573200000006,25.436128500000002
2022-10-31,15900,14.83,2.0,2.0,2.0,2.0,66.16189483008624,53.64116666513009,,,64.05664825439453,42.45853805541992,69.74964141845703,39.300514221191406,53.644046783447266,37.27958297729492,,,2.795119285583496,2.7941651344299316,34.54834949683334,14.519824733333335,25.9059935,10.512696
2022-11-05,40000,22.17,3.0,3.0,2.0,3.0,120.67822598002029,89.28906752548072,,,107.513916015625,66.70602416992188,107.06495666503906,77.40023040771484,99.71379089355469,68.04428100585938,,,21.10808753967285,14.068284034729004,14.977570739333334,8.280250133333334,6.400608178000001,2.34620145
2022-11-09,11400,13.11,0.0,0.0,0.0,0.0,19.198516140182647,14.239000774478365,,,8.4946870803833,8.459396362304688,13.6843843460083,11.791032791137695,5.595641613006592,4.367145538330078,,,1.0040385723114014,0.9997063875198364,37.63076435,15.14999255,37.212928899999994,17.1066595
2022-11-24,11000,12.97,0.0,0.0,1.0,1.0,38.218934551492616,35.76897820459953,,,32.80607604980469,28.334484100341797,27.691055297851562,25.675798416137695,25.89246368408203,21.167428970336914,,,3.3189878463745117,3.3188135623931885,42.741819989999996,16.675484434999998,29.1340291,16.2699025
2022-12-11,8540,11.77,0.0,0.0,0.0,0.0,45.08027281154866,17.654787298598208,,,35.19499969482422,17.918682098388672,43.50458908081055,33.744754791259766,26.60167121887207,16.09455680847168,,,1.440673589706421,1.2484097480773926,24.452442854833333,10.208719151666665,17.34380485,10.8845725
2022-12-25,35900,21.09,4.0,3.0,3.0,4.0,109.48779051310702,68.23509898468367,,,108.11318969726562,51.51924514770508,80.04995727539062,45.48145294189453,82.29622650146484,54.53655242919922,,,7.556133270263672,5.775876045227051,33.94545574333334,16.344495780000003,28.64853884,16.8896915
2022-12-26,40500,22.22,3.0,3.0,3.0,3.0,130.0861718093916,68.23509898468367,,,115.08865356445312,51.51924514770508,87.41647338867188,45.48145294189453,107.57587432861328,54.53655242919922,,,7.598299026489258,5.775876045227051,32.814229796666666,15.213269833333335,23.63008884,11.8712415
2022-12-27,52300,24.97,2.0,1.0,1.0,2.0,134.16898490548363,68.23509898468367,,,91.73323059082031,38.35722732543945,85.12265014648438,43.187618255615234,96.37437438964844,43.33505630493164,,,4.199542045593262,2.3771185874938965,36.18921764666667,15.213269833333335,25.16053694,11.8712415
2022-12-31,24700,17.69,0.0,0.0,0.0,0.0,32.58703458209047,21.48134192340005,,,38.684776306152344,17.459728240966797,40.52635955810547,18.06537437438965,42.94938659667969,20.89227294921875,,,1.036120057106018,0.5649084448814392,29.560425837666667,13.86334546,28.67311896,18.971609
2023-01-06,17200,15.11,2.0,1.0,1.0,2.0,7.466853922864811,5.068814975547817,,,12.713691711425781,5.599998474121094,14.711751937866211,8.234346389770508,14.875924110412598,9.00832462310791,,,0.3330328166484833,0.28762221336364746,6.761630421666666,2.6399833166666666,1.39845876,0.852774
2023-01-07,16700,14.92,1.0,0.0,0.0,1.0,10.686620562382025,5.068814975547817,,,16.912353515625,5.846224308013916,27.111068725585938,12.4352388381958,26.430381774902344,11.803275108337402,,,0.3330328166484833,0.28762221336364746,14.483486726666667,9.421540760000001,5.446624325,4.06713203
2023-01-14,25900,18.07,3.0,3.0,0.0,3.0,67.1965458217873,43.59421078949084,,,55.83624267578125,33.82627487182617,90.42495727539062,47.58757019042969,67.80255126953125,30.710552215576172,,,6.369269847869873,4.83928918838501,30.42276496071667,11.251802333333336,26.7131665,12.0352305
2023-02-08,13100,13.57,0.0,0.0,0.0,0.0,52.744363320033365,34.218034530005085,,,44.015098571777344,27.97430419921875,58.120323181152344,40.865665435791016,54.07933044433594,38.31221389770508,,,7.3348588943481445,5.168774127960205,20.059055481666665,7.321308511666666,6.43138072,2.4212286499999998
2023-02-21,14700,14.22,1.0,1.0,1.0,1.0,72.8256816914159,38.6607829361983,,,58.512813568115234,27.130619049072266,77.85456848144531,35.617130279541016,66.9890365600586,29.732023239135742,,,6.615240097045898,2.6699061393737793,19.064161721666665,9.288304966,10.572894947,5.89255718
2023-03-14,11800,13.02,0.0,0.0,0.0,0.0,50.55365947467172,25.921135624325753,,,53.151939392089844,24.21544075012207,42.822914123535156,33.1593132019043,30.064924240112305,22.458477020263672,,,3.056286096572876,1.4424859285354614,20.89675024494333,8.882948560609998,12.4153726,7.12692475
2023-04-07,11200,12.76,1.0,1.0,0.0,1.0,10.80924943033843,10.152544857667008,,,17.01049041748047,8.77720832824707,24.281036376953125,17.421388626098633,13.695478439331055,10.752289772033691,,,0.05016552656888962,0.050148095935583115,8.436511164766667,3.5448600333333338,2.492318185,1.48991601
2023-04-10,18200,15.58,1.0,1.0,1.0,1.0,50.83885800485173,33.18196229314713,,,47.260379791259766,26.9832820892334,49.46260070800781,26.31980323791504,52.845237731933594,27.094980239868164,,,6.489254951477051,4.13330602645874,12.534584551666667,5.245111715,6.46962538,2.2769988299999997
2023-04-24,14500,14.16,0.0,0.0,0.0,0.0,30.79910206008991,15.021254306085707,,,25.044893264770508,12.039629936218262,19.33429718017578,9.5363130569458,13.626181602478027,8.883058547973633,,,1.2129411697387695,1.202826738357544,13.582174839166667,7.2044036516666665,6.62624477,3.0702724999999997
2023-07-25,8110,11.49,2.0,2.0,2.0,2.0,16.12242600451763,16.12203307908534,,,14.774773597717285,13.05595588684082,10.582982063293457,9.656380653381348,6.278547763824463,4.609466075897217,,,0.3805025517940521,0.3768860101699829,2.6840559234,2.582482275,0.189304,0.189304
2023-08-08,6810,10.8,0.0,0.0,0.0,0.0,1.15122960704162,0.6730812456454133,,,0.9343681931495667,0.45789968967437744,8.676559448242188,8.520258903503418,9.405109405517578,6.74761962890625,,,0.15871131420135498,0.13226032257080078,4.244936154366667,2.39767775,1.0916683131,1.06830605
2023-08-12,6680,10.72,1.0,0.0,0.0,1.0,1.9177848507452535,1.9177848507452535,,,0.0,0.0,0.7803962230682373,0.7701312899589539,0.36519452929496765,0.3601454198360443,,,5.228758163866587e-05,4.139433440286666e-05,3.9560991665,2.061871805,0.7410631194999999,0.376842915
2023-08-31,6650,10.71,0.0,0.0,0.0,0.0,20.083419196802033,14.886277448606764,,,17.470943450927734,12.836573600769043,21.127805709838867,17.16633415222168,33.5057373046875,23.274534225463867,,,2.2413620948791504,1.7070915699005127,7.0859087563,2.5881463166666667,1.2966565364,0.68724475
2023-09-26,7310,11.06,4.0,4.0,3.0,4.0,49.50169661192376,30.226134588340045,,,50.00926971435547,29.239120483398438,32.349998474121094,17.43085479736328,33.95186233520508,17.393539428710938,,,4.937315940856934,3.7716963291168213,13.894628455266666,6.394181311933333,8.7965848158,5.02685625
2023-10-03,5920,10.28,1.0,1.0,1.0,1.0,4.153159160671037,3.979165092666222,,,4.177041530609131,3.785473585128784,8.31952953338623,6.792832851409912,6.20527982711792,4.87234354019165,,,0.36058712005615234,0.35987359285354614,2.3893252196383337,0.92339225,0.2250071125,0.1304223725
2023-10-08,5650,10.12,2.0,2.0,0.0,2.0,0.08685908018500965,0.0480418726833035,,,0.0,0.0,3.667736746137962e-05,3.667736746137962e-05,0.0,0.0,,,0.0,0.0,21.57060204661667,10.489000467833334,15.486602614,8.20161775
2023-10-16,6190,10.44,3.0,3.0,2.0,3.0,9.894550220234953,4.973727789042768,,,40.59428024291992,27.368364334106445,20.903461456298828,12.126153945922852,16.937063217163086,14.192805290222168,,,0.7731156945228577,0.5567027926445007,28.930807431666665,12.517823948333332,15.38879945,6.90697545
2023-10-18,9680,12.28,2.0,3.0,4.0,4.0,38.45849827222569,28.26387063130366,,,37.092166900634766,27.368364334106445,23.244346618652344,12.126153945922852,31.001949310302734,14.192805290222168,,,0.24395321309566498,0.20405560731887817,36.107228846666665,15.537153383333333,28.748500149999998,15.252825999999999
2023-10-20,8630,11.76,1.0,3.0,0.0,3.0,7.50430247692819,6.5192826166891455,,,3.2427027225494385,2.597757339477539,1.5837042331695557,1.3248209953308105,9.203563690185547,5.505135536193848,,,0.07615794986486435,0.03986601531505585,32.741673177500004,15.537153383333333,30.65479795,15.252825999999999
2023-10-26,6890,10.84,0.0,0.0,0.0,0.0,22.32277132761738,15.15262676516181,,,22.390300750732422,16.878101348876953,17.056865692138672,12.039960861206055,9.510838508605957,6.666792869567871,,,0.07689206302165985,0.053163331001996994,24.923819501666667,9.036643405,17.35369342,6.856203
2023-11-02,9240,11.9,2.0,2.0,1.0,2.0,21.15753256811966,20.65829280959033,,,62.780853271484375,40.6573371887207,47.10418701171875,47.10417175292969,44.39643859863281,43.15639877319336,,,9.803921784623526e-06,9.803921784623526e-06,21.689274370745,9.711103390245,10.978752329999999,5.129416
2023-11-05,26600,18.41,0.0,3.0,0.0,3.0,107.64047171326484,50.31090717425082,,,63.134525299072266,34.498077392578125,60.595787048339844,51.58021926879883,69.49874877929688,53.81666564941406,,,3.2583320140838623,3.1816554069519043,39.74300106966667,15.926230000000002,24.1594974,9.155851
2023-11-11,14200,14.19,1.0,1.0,1.0,1.0,23.257414515149698,17.13336477224959,,,55.85182189941406,31.508081436157227,58.75397872924805,47.88923645019531,71.77132415771484,56.42612838745117,,,9.357291221618652,9.357222557067871,51.556755423333335,19.048243856666666,50.273887499999994,21.090311999999997
2023-11-15,13000,13.79,0.0,0.0,0.0,0.0,15.948133234902414,9.343919645531912,,,9.325200080871582,7.450566291809082,13.444646835327148,13.402586936950684,18.942893981933594,18.81719207763672,,,2.083360195159912,2.0714147090911865,31.096423796683332,13.6365934,4.34058592985,2.3200045
2023-11-22,9060,11.98,1.0,1.0,0.0,1.0,16.378504555219376,8.662428263505612,,,9.104570388793945,7.780457019805908,8.981107711791992,8.816713333129883,11.017181396484375,10.67676067352295,,,0.6111955642700195,0.6111955642700195,21.23407767333333,11.9171354,14.28551447,6.8228277
2023-11-30,9440,12.17,0.0,0.0,0.0,0.0,0.2947776219574957,0.2582070683969971,,,6.290405750274658,6.285669803619385,0.8546645641326904,0.8546637296676636,1.5968751907348633,1.5968751907348633,,,4.901960710412823e-05,4.901960710412823e-05,31.065439550000004,12.32090095,27.167043749999998,12.7256255
2023-12-05,41300,22.07,3.0,3.0,3.0,3.0,105.2209846396747,69.80435177017124,,,127.41435241699219,64.56463623046875,145.82460021972656,101.96603393554688,124.40811920166016,89.93171691894531,,,17.80622673034668,12.918059349060059,30.675893939266672,15.050952740766668,27.25901943,14.7761985
2023-12-10,21300,16.8,1.0,1.0,0.0,1.0,54.501105042078294,38.01562896057479,,,51.703407287597656,34.922916412353516,51.75894546508789,30.865116119384766,54.52290725708008,32.628082275390625,,,9.951333999633789,8.364800453186035,40.274272737666664,26.648324583333334,34.1519636,20.9814205
2023-12-20,13900,14.29,0.0,0.0,0.0,0.0,10.40194071615631,6.903053519146848,,,9.85470199584961,5.597057819366455,13.277059555053711,8.158992767333984,19.93427848815918,14.764806747436523,,,0.16066880524158478,0.13297709822654724,27.15654309616667,9.613229778333334,14.264888899999999,5.51328685
2023-12-28,12800,13.83,3.0,3.0,3.0,3.0,31.858749490566055,16.79849135488215,,,20.748397827148438,8.588772773742676,30.228116989135742,14.019425392150879,37.957916259765625,21.70376968383789,,,1.8505282402038574,0.833234965801239,34.766095568333334,17.199262166666667,33.947114035,18.2164175
2024-01-04,9680,12.44,0.0,0.0,0.0,0.0,12.957040149896596,6.567766722996877,,,19.094491958618164,6.559250354766846,18.461421966552734,9.196481704711914,13.710599899291992,10.297054290771484,,,,,27.003578857500003,11.619323552500001,25.467925129999998,13.246793499999999
2024-01-09,12400,13.6,1.0,1.0,1.0,1.0,40.68418925596013,28.940477981166218,,,66.10269165039062,37.214351654052734,75.26976013183594,66.76589965820312,84.08523559570312,77.7188720703125,,,,,51.61846020066667,21.730414354,42.7948088,16.9217765
2024-01-13,14900,14.65,0.0,0.0,0.0,0.0,14.785292541490685,7.651487579993034,,,8.341876983642578,8.341876983642578,1.1991841793060303,1.1991205215454102,1.9726319313049316,1.9721579551696777,,,,,35.79767176333334,14.446219396666669,25.89471655,11.036348499999999
2024-01-20,10900,12.99,1.0,1.0,0.0,1.0,41.036908235992115,23.5637361424375,,,24.172534942626953,10.135201454162598,12.402771949768066,10.400519371032715,28.23146629333496,24.335796356201172,,,,,14.879758425,5.457100996666667,6.736933425,3.800484475
2024-01-27,17000,15.37,2.0,2.0,2.0,2.0,38.44763863206366,13.582244755888988,,,52.04810333251953,33.5832405090332,48.72724151611328,28.77227783203125,48.542293548583984,23.461816787719727,,,,,22.386568900333334,8.66124685,2.9486567010000004,2.05519255
2024-01-29,48300,24.21,2.0,3.0,3.0,3.0,72.40741103180963,35.48445696128714,,,57.88333511352539,33.5832405090332,67.28499603271484,37.58600616455078,51.77409744262695,27.552452087402344,,,,,18.140709623166668,7.952808,11.315561651,9.244209999999999
2024-01-30,40200,22.24,4.0,3.0,3.0,4.0,60.43036321648904,35.48445696128714,,,31.66994285583496,19.009414672851562,45.37529373168945,37.58600616455078,29.78365707397461,27.552452087402344,,,,,19.459605492833333,7.952808,16.345942985,9.244209999999999
2024-02-13,12800,13.77,0.0,0.0,0.0,0.0,26.211886728821717,19.881386513919722,,,19.423301696777344,15.64478874206543,37.49171829223633,21.205570220947266,33.24074935913086,21.916702270507812,,,3.020111322402954,1.812704086303711,66.42330774317833,33.67980345,54.955322800000005,25.456949
2024-02-29,19500,16.14,1.0,1.0,0.0,1.0,83.03055249049149,54.55935737507749,,,82.21961975097656,48.79890441894531,91.42266845703125,53.23592758178711,89.6683349609375,47.56028747558594,,,8.163849830627441,8.137066841125488,27.182229999833336,13.982851999833334,11.661618,8.7893275
2024-03-04,11400,13.05,0.0,0.0,0.0,0.0,23.936356387619306,8.905411436270573,,,23.361724853515625,8.962048530578613,23.827438354492188,11.34511947631836,23.593273162841797,11.27066707611084,,,1.0245391130447388,0.7886383533477783,5.518029619499999,3.5080329666666663,0.4932498935,0.46190315
2024-03-09,9370,12.08,1.0,1.0,1.0,1.0,4.194492056238622,3.7314201745691657,,,13.286059379577637,10.110894203186035,8.228690147399902,7.781760215759277,11.38061809539795,9.597444534301758,,,0.03132789582014084,0.030807197093963623,17.422678798,11.317025866666667,6.0049267,6.0049267
2024-03-13,11700,13.13,0.0,0.0,0.0,0.0,48.11384577117504,16.592073183442622,,,31.711681365966797,16.208520889282227,39.243309020996094,24.783079147338867,41.377403259277344,24.871475219726562,,,5.857001304626465,5.466067314147949,22.1938969125,10.649035474166668,20.631036899999998,11.024341
2024-06-02,12700,13.51,1.0,0.0,0.0,1.0,3.638828019487721,2.4734823496916096,,,29.3331241607666,25.37198829650879,17.299970626831055,11.074980735778809,11.466863632202148,8.56248664855957,,,2.170426368713379,2.027909994125366,12.563993675999999,5.1063418899999995,5.217847595,3.8868076499999997
2024-06-04,26700,18.49,2.0,1.0,0.0,2.0,54.92246610239633,29.559859843828484,,,54.550785064697266,25.37198829650879,71.19754028320312,41.85127639770508,59.81916046142578,33.57717514038086,,,5.800698280334473,2.6556954383850098,10.15297486795,3.697326786666667,4.326272005,2.17872417
2024-06-29,15000,14.46,0.0,0.0,0.0,0.0,23.07670704097402,11.82004824719511,,,9.622756958007812,7.7566633224487305,14.799957275390625,13.552216529846191,18.092710494995117,15.242971420288086,,,0.9079666137695312,0.6933271288871765,4.440890057866667,1.9006591326166669,1.57365583785,0.96788993
2024-08-20,7120,10.85,1.0,0.0,0.0,1.0,15.060348379384022,9.71582633655796,,,7.309079170227051,4.093464374542236,11.16059684753418,6.1726155281066895,11.01179313659668,10.362032890319824,,,0.39999380707740784,0.33981621265411377,3.9126445593333328,1.757316145333333,0.22957130800000003,0.14469248
2024-08-26,7960,11.3,0.0,1.0,1.0,1.0,44.8007995319322,26.51509106273177,,,25.418460845947266,16.20568084716797,26.862939834594727,25.494464874267578,42.55336380004883,41.21710205078125,,,4.338754177093506,4.311738967895508,8.0671918342,4.172994202833333,2.516806345,2.2462723899999997
2024-09-15,6830,10.69,0.0,0.0,0.0,0.0,7.311487956208611,3.748596460624361,,,6.596418380737305,3.3566408157348633,10.916706085205078,9.022329330444336,3.0650877952575684,2.486903429031372,,,0.10325920581817627,0.10078970342874527,3.08721543845,1.9971972483333333,0.69868296135,0.40287996299999995
2024-09-27,7860,11.25,2.0,2.0,1.0,2.0,39.77449306720568,28.069407688272157,,,42.32642364501953,28.402761459350586,21.322019577026367,9.721750259399414,21.7200870513916,10.15024185180664,,,4.547557830810547,1.9625699520111084,6.0171345079166665,2.8649056666666666,0.04222720375,0.029031535
2024-10-02,8160,11.4,1.0,0.0,0.0,1.0,2.6785764179645346,1.8187120030856696,,,1.6744463443756104,1.2973251342773438,,,4.782523155212402,2.7745156288146973,,,0.019314823672175407,0.018871469423174858,5.923836448125001,3.472307997125,0.22598007937499998,0.193159488
2024-10-06,6800,10.67,0.0,0.0,0.0,0.0,13.023900427543923,12.39523466709239,,,10.400069236755371,10.400069236755371,,,18.1975040435791,17.876323699951172,,,4.4852824211120605,4.485212802886963,12.247469321717332,8.684324055,2.357902815152,2.2379825149999997
2024-10-14,8120,11.39,1.0,2.0,2.0,2.0,0.09622083862452815,0.0497554479991344,,,5.001501083374023,5.001501083374023,,,2.6134190559387207,2.6085033416748047,,,0.0007069716812111437,0.000661220052279532,22.55140923487667,10.542038911543333,11.400589606649998,6.429591136649999
2024-10-20,30200,19.54,4.0,4.0,4.0,4.0,85.71691444188261,47.10594534281335,,,86.34120178222656,39.835758209228516,,,124.83300018310547,73.8098373413086,,,11.304898262023926,7.039438247680664,10.566605699333335,5.321306608333334,6.036697659,3.96156355
2024-10-26,11000,12.79,2.0,2.0,2.0,2.0,5.087932763438353,2.4867844573626328,,,42.176170349121094,35.58552932739258,,,18.841754913330078,18.47201156616211,,,0.5747228860855103,0.568922221660614,20.63243069,9.3179391,5.32289226,3.3029848
2024-10-27,19300,15.83,1.0,1.0,0.0,1.0,37.57546672725618,34.65369356202806,,,71.13831329345703,35.58552932739258,,,47.5034065246582,29.031394958496094,,,10.450281143188477,9.881356239318848,34.52445340333334,19.410235283333336,27.413682109999996,23.0647675
2024-10-31,14600,14.3,0.0,0.0,0.0,0.0,20.755822997256153,14.787473061800458,,,18.152307510375977,8.844486236572266,,,14.693840980529785,7.868576526641846,,,0.9708801507949829,0.9705348610877991,37.97672235,17.758285616666665,34.9696946,15.37761025
2024-11-05,19100,16.01,1.0,0.0,0.0,1.0,44.676127110452995,30.70256875532307,,,36.059425354003906,26.272666931152344,,,43.99418258666992,35.5614128112793,,,3.3833911418914795,2.72405743598938,31.52393564033333,14.117798923666664,28.12649925,15.546751999999998
2024-11-11,16200,14.93,1.0,0.0,0.0,1.0,19.47158515499059,10.974632223067275,,,45.513031005859375,26.038488388061523,,,37.27842712402344,24.58296775817871,,,7.728209972381592,7.3499755859375,34.03944730666667,18.509325583333336,16.536441515,13.788685000000001
2024-11-13,23700,17.54,2.0,2.0,1.0,2.0,68.16248834292702,36.24839336329619,,,87.55487060546875,40.733673095703125,,,84.19503784179688,41.2821044921875,,,14.978249549865723,7.3499755859375,35.55596371666667,18.509325583333336,29.212743000000003,13.788685000000001
2024-11-16,22000,17.0,1.0,1.0,1.0,1.0,67.87804951896088,46.421007008671076,,,39.41763687133789,21.699926376342773,,,37.55229187011719,29.414121627807617,,,5.559813022613525,5.288293838500977,47.26561808333334,16.147254616666668,51.7428625,20.319268
2024-11-19,20900,16.61,2.0,2.0,0.0,2.0,70.84601816666057,32.03285218926278,,,47.806541442871094,26.926393508911133,,,63.563819885253906,42.411041259765625,,,8.16055679321289,6.730808258056641,45.89698657295,22.157254068333334,28.90370475,11.283633
2024-11-23,17300,15.33,1.0,0.0,0.0,1.0,22.344261381825,13.898637873264844,,,20.994855880737305,13.471506118774414,,,26.492197036743164,11.465697288513184,,,6.617375373840332,5.913691520690918,45.54824601583333,25.216703246666665,34.739411,13.827168499999999
2024-11-27,14400,14.21,0.0,0.0,0.0,0.0,13.675274996280443,9.77306094361081,,,10.517806053161621,8.945549964904785,,,5.8982110023498535,2.699375629425049,,,0.5176917314529419,0.44932469725608826,30.023887458333334,17.340494308333334,30.622708099999997,19.8407345
2024-12-07,14300,14.03,2.0,3.0,3.0,3.0,12.220839376887218,12.059908210661398,,,65.95403289794922,46.68993377685547,,,43.66817855834961,43.64476013183594,,,6.857761383056641,6.857711315155029,33.102166788333335,13.036799499999999,34.817772500000004,15.2404105
2024-12-14,13200,13.72,1.0,1.0,0.0,1.0,13.096497117675286,11.693606106204696,,,29.64413070678711,15.257548332214355,,,35.10425567626953,27.33548927307129,,,1.5463645458221436,1.5255300998687744,25.10739921,12.198214166666668,25.396494049999998,13.4043155
2024-12-18,28000,18.66,2.0,2.0,2.0,2.0,61.01419690291239,46.741881427071974,,,78.36768341064453,49.19036865234375,,,70.65074920654297,56.237632751464844,,,13.25270938873291,10.370604515075684,33.56234465,15.418537066666667,31.30558645,12.654997999999999
2024-12-20,23500,17.49,1.0,1.0,1.0,1.0,78.3772236719642,46.741881427071974,,,40.16264343261719,22.012962341308594,,,79.07949829101562,56.237632751464844,,,13.396808624267578,10.370604515075684,24.03835172333333,12.497040333333333,22.17522072,12.654997999999999
2024-12-26,21600,16.83,2.0,1.0,0.0,2.0,41.65539195102214,20.519803069061805,,,57.15559005737305,24.531871795654297,,,87.78068542480469,53.349571228027344,,,3.8436970710754395,2.558823585510254,57.399207545,21.859554,55.261463,21.9479435
2024-12-30,21900,16.95,0.0,0.0,0.0,0.0,50.52273037494027,25.843523873539773,,,38.308231353759766,22.854534149169922,,,53.90214157104492,36.28945541381836,,,5.5351948738098145,3.9787397384643555,37.34857768356667,13.079360974733333,23.479821949999998,13.993965
